alloy,n_elem,n_elem_reported,delta,dH_mix,S_id,VEC,sigma_VEC,delta_chi,chi,Tm,omega,s_phase,phase_raw,has_fcc,has_bcc,has_im,has_hcp,y_ss,y_lattice,elem_set,elem_set_key,x_Ag,x_Al,x_As,x_Au,x_B,x_Ba,x_Be,x_Bi,x_Br,x_C,x_Ca,x_Cd,x_Ce,x_Cl,x_Co,x_Cr,x_Cs,x_Cu,x_Dy,x_Er,x_Eu,x_F,x_Fe,x_Ga,x_Gd,x_Ge,x_H,x_Hf,x_Hg,x_Ho,x_I,x_In,x_Ir,x_K,x_La,x_Li,x_Lu,x_Mg,x_Mn,x_Mo,x_N,x_Na,x_Nb,x_Nd,x_Ne,x_Ni,x_Ns,x_O,x_Os,x_P,x_Pb,x_Pd,x_Pr,x_Pt,x_Rb,x_Re,x_Rh,x_Ru,x_S,x_Sb,x_Sc,x_Se,x_Si,x_Sm,x_Sn,x_Sr,x_Ta,x_Tb,x_Te,x_Ti,x_Tl,x_Tm,x_V,x_W,x_Y,x_Yb,x_Zn,x_Zr
Ag2Al,2,2,0.0042537659210667,-3.55555555555556,0.636514168294813,8.33333333333333,3.77123616632825,0.15084944665313,1.82333333333333,1134.44333333333,1.6885642825817841,IM,IM,False,False,True,False,0,,Ag+Al,Ag+Al,0.6666666666666666,0.3333333333333333,0.0,0.0,0.0,0.0,0.0,0.0,0.0,0.0,0.0,0.0,0.0,0.0,0.0,0.0,0.0,0.0,0.0,0.0,0.0,0.0,0.0,0.0,0.0,0.0,0.0,0.0,0.0,0.0,0.0,0.0,0.0,0.0,0.0,0.0,0.0,0.0,0.0,0.0,0.0,0.0,0.0,0.0,0.0,0.0,0.0,0.0,0.0,0.0,0.0,0.0,0.0,0.0,0.0,0.0,0.0,0.0,0.0,0.0,0.0,0.0,0.0,0.0,0.0,0.0,0.0,0.0,0.0,0.0,0.0,0.0,0.0,0.0,0.0,0.0,0.0,0.0
Ag5Cd8,2,2,0.0393505136527604,-1.89349112426036,0.666278442414676,11.6153846153846,0.48650425541052,0.116761021298525,1.78230769230769,840.646923076923,2.459463042024629,IM,IM,False,False,True,False,0,,Ag+Cd,Ag+Cd,0.38461538461538464,0.0,0.0,0.0,0.0,0.0,0.0,0.0,0.0,0.0,0.0,0.6153846153846154,0.0,0.0,0.0,0.0,0.0,0.0,0.0,0.0,0.0,0.0,0.0,0.0,0.0,0.0,0.0,0.0,0.0,0.0,0.0,0.0,0.0,0.0,0.0,0.0,0.0,0.0,0.0,0.0,0.0,0.0,0.0,0.0,0.0,0.0,0.0,0.0,0.0,0.0,0.0,0.0,0.0,0.0,0.0,0.0,0.0,0.0,0.0,0.0,0.0,0.0,0.0,0.0,0.0,0.0,0.0,0.0,0.0,0.0,0.0,0.0,0.0,0.0,0.0,0.0,0.0,0.0
Ag2Ga3,2,2,0.0183729063639272,-4.8,0.673011667009257,6.2,3.91918358845309,0.0587877538267962,1.858,675.718,0.7877366080201654,IM,IM,False,False,True,False,0,,Ag+Ga,Ag+Ga,0.4,0.0,0.0,0.0,0.0,0.0,0.0,0.0,0.0,0.0,0.0,0.0,0.0,0.0,0.0,0.0,0.0,0.0,0.0,0.0,0.0,0.0,0.0,0.6,0.0,0.0,0.0,0.0,0.0,0.0,0.0,0.0,0.0,0.0,0.0,0.0,0.0,0.0,0.0,0.0,0.0,0.0,0.0,0.0,0.0,0.0,0.0,0.0,0.0,0.0,0.0,0.0,0.0,0.0,0.0,0.0,0.0,0.0,0.0,0.0,0.0,0.0,0.0,0.0,0.0,0.0,0.0,0.0,0.0,0.0,0.0,0.0,0.0,0.0,0.0,0.0,0.0,0.0
Ag3Ga,2,2,0.0160291064782872,-3.75,0.562335144618808,9.0,3.46410161513775,0.0519615242270663,1.9,1001.925,1.249203974455397,IM,IM,False,False,True,False,0,,Ag+Ga,Ag+Ga,0.75,0.0,0.0,0.0,0.0,0.0,0.0,0.0,0.0,0.0,0.0,0.0,0.0,0.0,0.0,0.0,0.0,0.0,0.0,0.0,0.0,0.0,0.0,0.25,0.0,0.0,0.0,0.0,0.0,0.0,0.0,0.0,0.0,0.0,0.0,0.0,0.0,0.0,0.0,0.0,0.0,0.0,0.0,0.0,0.0,0.0,0.0,0.0,0.0,0.0,0.0,0.0,0.0,0.0,0.0,0.0,0.0,0.0,0.0,0.0,0.0,0.0,0.0,0.0,0.0,0.0,0.0,0.0,0.0,0.0,0.0,0.0,0.0,0.0,0.0,0.0,0.0,0.0
AgMg3,2,2,0.043245826821502,-7.5,0.562335144618808,4.25,3.89711431702997,0.268467875173176,1.465,1000.9825,0.624014430900666,IM,IM,False,False,True,False,0,,Ag+Mg,Ag+Mg,0.25,0.0,0.0,0.0,0.0,0.0,0.0,0.0,0.0,0.0,0.0,0.0,0.0,0.0,0.0,0.0,0.0,0.0,0.0,0.0,0.0,0.0,0.0,0.0,0.0,0.0,0.0,0.0,0.0,0.0,0.0,0.0,0.0,0.0,0.0,0.0,0.0,0.75,0.0,0.0,0.0,0.0,0.0,0.0,0.0,0.0,0.0,0.0,0.0,0.0,0.0,0.0,0.0,0.0,0.0,0.0,0.0,0.0,0.0,0.0,0.0,0.0,0.0,0.0,0.0,0.0,0.0,0.0,0.0,0.0,0.0,0.0,0.0,0.0,0.0,0.0,0.0,0.0
AgPt3,2,2,0.0179198977593641,-0.75,0.562335144618808,10.25,0.433012701892219,0.151554445662277,2.1925,1839.7825,11.469239769111894,IM,IM,False,False,True,False,0,,Ag+Pt,Ag+Pt,0.25,0.0,0.0,0.0,0.0,0.0,0.0,0.0,0.0,0.0,0.0,0.0,0.0,0.0,0.0,0.0,0.0,0.0,0.0,0.0,0.0,0.0,0.0,0.0,0.0,0.0,0.0,0.0,0.0,0.0,0.0,0.0,0.0,0.0,0.0,0.0,0.0,0.0,0.0,0.0,0.0,0.0,0.0,0.0,0.0,0.0,0.0,0.0,0.0,0.0,0.0,0.0,0.0,0.75,0.0,0.0,0.0,0.0,0.0,0.0,0.0,0.0,0.0,0.0,0.0,0.0,0.0,0.0,0.0,0.0,0.0,0.0,0.0,0.0,0.0,0.0,0.0,0.0
Ag3Sb,2,2,0.0480720577374037,-3.0,0.562335144618808,9.5,2.59807621135332,0.0519615242270663,1.96,1152.1425,1.7956196698093387,IM,IM,False,False,True,False,0,,Ag+Sb,Ag+Sb,0.75,0.0,0.0,0.0,0.0,0.0,0.0,0.0,0.0,0.0,0.0,0.0,0.0,0.0,0.0,0.0,0.0,0.0,0.0,0.0,0.0,0.0,0.0,0.0,0.0,0.0,0.0,0.0,0.0,0.0,0.0,0.0,0.0,0.0,0.0,0.0,0.0,0.0,0.0,0.0,0.0,0.0,0.0,0.0,0.0,0.0,0.0,0.0,0.0,0.0,0.0,0.0,0.0,0.0,0.0,0.0,0.0,0.0,0.0,0.25,0.0,0.0,0.0,0.0,0.0,0.0,0.0,0.0,0.0,0.0,0.0,0.0,0.0,0.0,0.0,0.0,0.0,0.0
Ag7Sb,2,2,0.0372323212218045,-1.75,0.376770161256437,10.25,1.98431348329844,0.0396862696659688,1.945,1193.53625,2.136526339786376,IM,IM,False,False,True,False,0,,Ag+Sb,Ag+Sb,0.875,0.0,0.0,0.0,0.0,0.0,0.0,0.0,0.0,0.0,0.0,0.0,0.0,0.0,0.0,0.0,0.0,0.0,0.0,0.0,0.0,0.0,0.0,0.0,0.0,0.0,0.0,0.0,0.0,0.0,0.0,0.0,0.0,0.0,0.0,0.0,0.0,0.0,0.0,0.0,0.0,0.0,0.0,0.0,0.0,0.0,0.0,0.0,0.0,0.0,0.0,0.0,0.0,0.0,0.0,0.0,0.0,0.0,0.0,0.125,0.0,0.0,0.0,0.0,0.0,0.0,0.0,0.0,0.0,0.0,0.0,0.0,0.0,0.0,0.0,0.0,0.0,0.0
Ag3Sn,2,2,0.0508998977874985,-2.25,0.562335144618808,9.25,3.03108891324554,0.0129903810567666,1.9375,1052.4675,2.1870342656804582,IM,IM,False,False,True,False,0,,Ag+Sn,Ag+Sn,0.75,0.0,0.0,0.0,0.0,0.0,0.0,0.0,0.0,0.0,0.0,0.0,0.0,0.0,0.0,0.0,0.0,0.0,0.0,0.0,0.0,0.0,0.0,0.0,0.0,0.0,0.0,0.0,0.0,0.0,0.0,0.0,0.0,0.0,0.0,0.0,0.0,0.0,0.0,0.0,0.0,0.0,0.0,0.0,0.0,0.0,0.0,0.0,0.0,0.0,0.0,0.0,0.0,0.0,0.0,0.0,0.0,0.0,0.0,0.0,0.0,0.0,0.0,0.0,0.25,0.0,0.0,0.0,0.0,0.0,0.0,0.0,0.0,0.0,0.0,0.0,0.0,0.0
Ag4Sn,2,2,0.0472972972972973,-1.92,0.500402423538188,9.6,2.8,0.012,1.936,1088.96,2.3597407271523236,IM,IM,False,False,True,False,0,,Ag+Sn,Ag+Sn,0.8,0.0,0.0,0.0,0.0,0.0,0.0,0.0,0.0,0.0,0.0,0.0,0.0,0.0,0.0,0.0,0.0,0.0,0.0,0.0,0.0,0.0,0.0,0.0,0.0,0.0,0.0,0.0,0.0,0.0,0.0,0.0,0.0,0.0,0.0,0.0,0.0,0.0,0.0,0.0,0.0,0.0,0.0,0.0,0.0,0.0,0.0,0.0,0.0,0.0,0.0,0.0,0.0,0.0,0.0,0.0,0.0,0.0,0.0,0.0,0.0,0.0,0.0,0.0,0.2,0.0,0.0,0.0,0.0,0.0,0.0,0.0,0.0,0.0,0.0,0.0,0.0,0.0
Ag5Sn,2,2,0.0442410283846765,-1.66666666666667,0.450561208866305,9.83333333333333,2.60874597374975,0.011180339887499,1.935,1113.28833333333,2.5023433045573,IM,IM,False,False,True,False,0,,Ag+Sn,Ag+Sn,0.8333333333333334,0.0,0.0,0.0,0.0,0.0,0.0,0.0,0.0,0.0,0.0,0.0,0.0,0.0,0.0,0.0,0.0,0.0,0.0,0.0,0.0,0.0,0.0,0.0,0.0,0.0,0.0,0.0,0.0,0.0,0.0,0.0,0.0,0.0,0.0,0.0,0.0,0.0,0.0,0.0,0.0,0.0,0.0,0.0,0.0,0.0,0.0,0.0,0.0,0.0,0.0,0.0,0.0,0.0,0.0,0.0,0.0,0.0,0.0,0.0,0.0,0.0,0.0,0.0,0.16666666666666666,0.0,0.0,0.0,0.0,0.0,0.0,0.0,0.0,0.0,0.0,0.0,0.0,0.0
AgTi3,2,2,0.00504971080923869,-1.5,0.562335144618808,5.75,3.03108891324554,0.168874953737966,1.6375,1764.4825,5.499909054712168,IM,IM,False,False,True,False,0,,Ag+Ti,Ag+Ti,0.25,0.0,0.0,0.0,0.0,0.0,0.0,0.0,0.0,0.0,0.0,0.0,0.0,0.0,0.0,0.0,0.0,0.0,0.0,0.0,0.0,0.0,0.0,0.0,0.0,0.0,0.0,0.0,0.0,0.0,0.0,0.0,0.0,0.0,0.0,0.0,0.0,0.0,0.0,0.0,0.0,0.0,0.0,0.0,0.0,0.0,0.0,0.0,0.0,0.0,0.0,0.0,0.0,0.0,0.0,0.0,0.0,0.0,0.0,0.0,0.0,0.0,0.0,0.0,0.0,0.0,0.0,0.0,0.0,0.75,0.0,0.0,0.0,0.0,0.0,0.0,0.0,0.0
AgZn3,2,2,0.0153823339926188,-3.0,0.562335144618808,11.75,0.433012701892219,0.121243556529821,1.72,828.2425,1.2908199501121271,IM,IM,False,False,True,False,0,,Ag+Zn,Ag+Zn,0.25,0.0,0.0,0.0,0.0,0.0,0.0,0.0,0.0,0.0,0.0,0.0,0.0,0.0,0.0,0.0,0.0,0.0,0.0,0.0,0.0,0.0,0.0,0.0,0.0,0.0,0.0,0.0,0.0,0.0,0.0,0.0,0.0,0.0,0.0,0.0,0.0,0.0,0.0,0.0,0.0,0.0,0.0,0.0,0.0,0.0,0.0,0.0,0.0,0.0,0.0,0.0,0.0,0.0,0.0,0.0,0.0,0.0,0.0,0.0,0.0,0.0,0.0,0.0,0.0,0.0,0.0,0.0,0.0,0.0,0.0,0.0,0.0,0.0,0.0,0.0,0.75,0.0
AgZr,2,2,0.0518372703412073,-20.0,0.693147180559945,7.5,3.5,0.3,1.63,1681.465,0.4845264414772244,IM,IM,False,False,True,False,0,,Ag+Zr,Ag+Zr,0.5,0.0,0.0,0.0,0.0,0.0,0.0,0.0,0.0,0.0,0.0,0.0,0.0,0.0,0.0,0.0,0.0,0.0,0.0,0.0,0.0,0.0,0.0,0.0,0.0,0.0,0.0,0.0,0.0,0.0,0.0,0.0,0.0,0.0,0.0,0.0,0.0,0.0,0.0,0.0,0.0,0.0,0.0,0.0,0.0,0.0,0.0,0.0,0.0,0.0,0.0,0.0,0.0,0.0,0.0,0.0,0.0,0.0,0.0,0.0,0.0,0.0,0.0,0.0,0.0,0.0,0.0,0.0,0.0,0.0,0.0,0.0,0.0,0.0,0.0,0.0,0.0,0.5
AlB12,2,2,0.188079328288175,0.0,0.271189373041844,3.0,0.0,0.114581822654556,2.00692307692308,2240.11307692308,,IM,IM,False,False,True,False,0,,Al+B,Al+B,0.0,0.07692307692307693,0.0,0.0,0.9230769230769231,0.0,0.0,0.0,0.0,0.0,0.0,0.0,0.0,0.0,0.0,0.0,0.0,0.0,0.0,0.0,0.0,0.0,0.0,0.0,0.0,0.0,0.0,0.0,0.0,0.0,0.0,0.0,0.0,0.0,0.0,0.0,0.0,0.0,0.0,0.0,0.0,0.0,0.0,0.0,0.0,0.0,0.0,0.0,0.0,0.0,0.0,0.0,0.0,0.0,0.0,0.0,0.0,0.0,0.0,0.0,0.0,0.0,0.0,0.0,0.0,0.0,0.0,0.0,0.0,0.0,0.0,0.0,0.0,0.0,0.0,0.0,0.0,0.0
AlB2,2,2,0.281737858129015,0.0,0.636514168294813,3.0,0.0,0.202703943940144,1.89666666666667,1877.15666666667,,IM,IM,False,False,True,False,0,,Al+B,Al+B,0.0,0.3333333333333333,0.0,0.0,0.6666666666666666,0.0,0.0,0.0,0.0,0.0,0.0,0.0,0.0,0.0,0.0,0.0,0.0,0.0,0.0,0.0,0.0,0.0,0.0,0.0,0.0,0.0,0.0,0.0,0.0,0.0,0.0,0.0,0.0,0.0,0.0,0.0,0.0,0.0,0.0,0.0,0.0,0.0,0.0,0.0,0.0,0.0,0.0,0.0,0.0,0.0,0.0,0.0,0.0,0.0,0.0,0.0,0.0,0.0,0.0,0.0,0.0,0.0,0.0,0.0,0.0,0.0,0.0,0.0,0.0,0.0,0.0,0.0,0.0,0.0,0.0,0.0,0.0,0.0
Al3Ca8,2,2,0.132562914850184,-15.8677685950413,0.585952618303551,2.27272727272727,0.445361771415123,0.271670680563225,1.16636363636364,1065.49181818182,0.3271379629460476,IM,IM,False,False,True,False,0,,Al+Ca,Al+Ca,0.0,0.2727272727272727,0.0,0.0,0.0,0.0,0.0,0.0,0.0,0.0,0.7272727272727273,0.0,0.0,0.0,0.0,0.0,0.0,0.0,0.0,0.0,0.0,0.0,0.0,0.0,0.0,0.0,0.0,0.0,0.0,0.0,0.0,0.0,0.0,0.0,0.0,0.0,0.0,0.0,0.0,0.0,0.0,0.0,0.0,0.0,0.0,0.0,0.0,0.0,0.0,0.0,0.0,0.0,0.0,0.0,0.0,0.0,0.0,0.0,0.0,0.0,0.0,0.0,0.0,0.0,0.0,0.0,0.0,0.0,0.0,0.0,0.0,0.0,0.0,0.0,0.0,0.0,0.0,0.0
Al4Ca,2,2,0.14122533748702,-12.8,0.500402423538188,2.8,0.4,0.244,1.488,969.776,0.31522093420532504,IM,IM,False,False,True,False,0,,Al+Ca,Al+Ca,0.0,0.8,0.0,0.0,0.0,0.0,0.0,0.0,0.0,0.0,0.2,0.0,0.0,0.0,0.0,0.0,0.0,0.0,0.0,0.0,0.0,0.0,0.0,0.0,0.0,0.0,0.0,0.0,0.0,0.0,0.0,0.0,0.0,0.0,0.0,0.0,0.0,0.0,0.0,0.0,0.0,0.0,0.0,0.0,0.0,0.0,0.0,0.0,0.0,0.0,0.0,0.0,0.0,0.0,0.0,0.0,0.0,0.0,0.0,0.0,0.0,0.0,0.0,0.0,0.0,0.0,0.0,0.0,0.0,0.0,0.0,0.0,0.0,0.0,0.0,0.0,0.0,0.0
Al11Ce3,2,2,0.106355731855158,-25.5918367346939,0.519579839130515,3.0,0.0,0.201059692628831,1.505,962.297857142857,0.1624405825918541,IM,IM,False,False,True,False,0,,Al+Ce,Al+Ce,0.0,0.7857142857142857,0.0,0.0,0.0,0.0,0.0,0.0,0.0,0.0,0.0,0.0,0.21428571428571427,0.0,0.0,0.0,0.0,0.0,0.0,0.0,0.0,0.0,0.0,0.0,0.0,0.0,0.0,0.0,0.0,0.0,0.0,0.0,0.0,0.0,0.0,0.0,0.0,0.0,0.0,0.0,0.0,0.0,0.0,0.0,0.0,0.0,0.0,0.0,0.0,0.0,0.0,0.0,0.0,0.0,0.0,0.0,0.0,0.0,0.0,0.0,0.0,0.0,0.0,0.0,0.0,0.0,0.0,0.0,0.0,0.0,0.0,0.0,0.0,0.0,0.0,0.0,0.0,0.0
Al2Ce,2,2,0.118529735553983,-33.7777777777778,0.636514168294813,3.0,0.0,0.230988215187606,1.44666666666667,978.313333333333,0.15328129417273817,IM,IM,False,False,True,False,0,,Al+Ce,Al+Ce,0.0,0.6666666666666666,0.0,0.0,0.0,0.0,0.0,0.0,0.0,0.0,0.0,0.0,0.3333333333333333,0.0,0.0,0.0,0.0,0.0,0.0,0.0,0.0,0.0,0.0,0.0,0.0,0.0,0.0,0.0,0.0,0.0,0.0,0.0,0.0,0.0,0.0,0.0,0.0,0.0,0.0,0.0,0.0,0.0,0.0,0.0,0.0,0.0,0.0,0.0,0.0,0.0,0.0,0.0,0.0,0.0,0.0,0.0,0.0,0.0,0.0,0.0,0.0,0.0,0.0,0.0,0.0,0.0,0.0,0.0,0.0,0.0,0.0,0.0,0.0,0.0,0.0,0.0,0.0,0.0
AlCe1,2,2,0.120663186981885,-38.0,0.693147180559945,3.0,0.0,0.245,1.365,1000.735,0.15177321668642338,IM,IM,False,False,True,False,0,,Al+Ce,Al+Ce,0.0,0.5,0.0,0.0,0.0,0.0,0.0,0.0,0.0,0.0,0.0,0.0,0.5,0.0,0.0,0.0,0.0,0.0,0.0,0.0,0.0,0.0,0.0,0.0,0.0,0.0,0.0,0.0,0.0,0.0,0.0,0.0,0.0,0.0,0.0,0.0,0.0,0.0,0.0,0.0,0.0,0.0,0.0,0.0,0.0,0.0,0.0,0.0,0.0,0.0,0.0,0.0,0.0,0.0,0.0,0.0,0.0,0.0,0.0,0.0,0.0,0.0,0.0,0.0,0.0,0.0,0.0,0.0,0.0,0.0,0.0,0.0,0.0,0.0,0.0,0.0,0.0,0.0
Al13Co4,2,2,0.0552586605299731,-13.6747404844291,0.545594573969184,4.41176470588235,2.54509501797458,0.114529275808856,1.67352941176471,1129.83,0.37479883877867015,IM,IM,False,False,True,False,0,,Al+Co,Al+Co,0.0,0.7647058823529411,0.0,0.0,0.0,0.0,0.0,0.0,0.0,0.0,0.0,0.0,0.0,0.0,0.23529411764705882,0.0,0.0,0.0,0.0,0.0,0.0,0.0,0.0,0.0,0.0,0.0,0.0,0.0,0.0,0.0,0.0,0.0,0.0,0.0,0.0,0.0,0.0,0.0,0.0,0.0,0.0,0.0,0.0,0.0,0.0,0.0,0.0,0.0,0.0,0.0,0.0,0.0,0.0,0.0,0.0,0.0,0.0,0.0,0.0,0.0,0.0,0.0,0.0,0.0,0.0,0.0,0.0,0.0,0.0,0.0,0.0,0.0,0.0,0.0,0.0,0.0,0.0,0.0
Al5Co2,2,2,0.0592395214748993,-15.5102040816327,0.598269588585257,4.71428571428571,2.71052370871575,0.121973566892209,1.68714285714286,1171.90714285714,0.3758432902010783,IM,IM,False,False,True,False,0,,Al+Co,Al+Co,0.0,0.7142857142857143,0.0,0.0,0.0,0.0,0.0,0.0,0.0,0.0,0.0,0.0,0.0,0.0,0.2857142857142857,0.0,0.0,0.0,0.0,0.0,0.0,0.0,0.0,0.0,0.0,0.0,0.0,0.0,0.0,0.0,0.0,0.0,0.0,0.0,0.0,0.0,0.0,0.0,0.0,0.0,0.0,0.0,0.0,0.0,0.0,0.0,0.0,0.0,0.0,0.0,0.0,0.0,0.0,0.0,0.0,0.0,0.0,0.0,0.0,0.0,0.0,0.0,0.0,0.0,0.0,0.0,0.0,0.0,0.0,0.0,0.0,0.0,0.0,0.0,0.0,0.0,0.0,0.0
Al9Co2,2,2,0.0498972036626765,-11.3057851239669,0.474139313057837,4.09090909090909,2.31416764751961,0.104137544138382,1.65909090909091,1085.20272727273,0.37839927939079543,IM,IM,False,False,True,False,0,,Al+Co,Al+Co,0.0,0.8181818181818182,0.0,0.0,0.0,0.0,0.0,0.0,0.0,0.0,0.0,0.0,0.0,0.0,0.18181818181818182,0.0,0.0,0.0,0.0,0.0,0.0,0.0,0.0,0.0,0.0,0.0,0.0,0.0,0.0,0.0,0.0,0.0,0.0,0.0,0.0,0.0,0.0,0.0,0.0,0.0,0.0,0.0,0.0,0.0,0.0,0.0,0.0,0.0,0.0,0.0,0.0,0.0,0.0,0.0,0.0,0.0,0.0,0.0,0.0,0.0,0.0,0.0,0.0,0.0,0.0,0.0,0.0,0.0,0.0,0.0,0.0,0.0,0.0,0.0,0.0,0.0,0.0,0.0
AlCo,2,2,0.0674617964964592,-19.0,0.693147180559945,6.0,3.0,0.135,1.745,1350.735,0.4097096550853845,IM,IM,False,False,True,False,0,,Al+Co,Al+Co,0.0,0.5,0.0,0.0,0.0,0.0,0.0,0.0,0.0,0.0,0.0,0.0,0.0,0.0,0.5,0.0,0.0,0.0,0.0,0.0,0.0,0.0,0.0,0.0,0.0,0.0,0.0,0.0,0.0,0.0,0.0,0.0,0.0,0.0,0.0,0.0,0.0,0.0,0.0,0.0,0.0,0.0,0.0,0.0,0.0,0.0,0.0,0.0,0.0,0.0,0.0,0.0,0.0,0.0,0.0,0.0,0.0,0.0,0.0,0.0,0.0,0.0,0.0,0.0,0.0,0.0,0.0,0.0,0.0,0.0,0.0,0.0,0.0,0.0,0.0,0.0,0.0,0.0
Al45Cr7,2,2,0.044380905414122,-4.65976331360947,0.395067120830435,3.40384615384615,1.02393688553647,0.0170656147589411,1.61673076923077,1101.27211538462,0.7763112099351474,IM,IM,False,False,True,False,0,,Al+Cr,Al+Cr,0.0,0.8653846153846154,0.0,0.0,0.0,0.0,0.0,0.0,0.0,0.0,0.0,0.0,0.0,0.0,0.0,0.1346153846153846,0.0,0.0,0.0,0.0,0.0,0.0,0.0,0.0,0.0,0.0,0.0,0.0,0.0,0.0,0.0,0.0,0.0,0.0,0.0,0.0,0.0,0.0,0.0,0.0,0.0,0.0,0.0,0.0,0.0,0.0,0.0,0.0,0.0,0.0,0.0,0.0,0.0,0.0,0.0,0.0,0.0,0.0,0.0,0.0,0.0,0.0,0.0,0.0,0.0,0.0,0.0,0.0,0.0,0.0,0.0,0.0,0.0,0.0,0.0,0.0,0.0,0.0
Al2Cu,2,2,0.0525806104793473,-0.888888888888889,0.636514168294813,5.66666666666667,3.77123616632825,0.136707311029399,1.70666666666667,1074.90333333333,6.399767436815485,IM,IM,False,False,True,False,0,,Al+Cu,Al+Cu,0.0,0.6666666666666666,0.0,0.0,0.0,0.0,0.0,0.0,0.0,0.0,0.0,0.0,0.0,0.0,0.0,0.0,0.0,0.3333333333333333,0.0,0.0,0.0,0.0,0.0,0.0,0.0,0.0,0.0,0.0,0.0,0.0,0.0,0.0,0.0,0.0,0.0,0.0,0.0,0.0,0.0,0.0,0.0,0.0,0.0,0.0,0.0,0.0,0.0,0.0,0.0,0.0,0.0,0.0,0.0,0.0,0.0,0.0,0.0,0.0,0.0,0.0,0.0,0.0,0.0,0.0,0.0,0.0,0.0,0.0,0.0,0.0,0.0,0.0,0.0,0.0,0.0,0.0,0.0,0.0
Al4Cu3,2,2,0.0557908020007545,-0.979591836734694,0.682908104700472,6.42857142857143,3.95897327444315,0.143512781198564,1.73428571428571,1115.31285714286,6.464694454586265,IM,IM,False,False,True,False,0,,Al+Cu,Al+Cu,0.0,0.5714285714285714,0.0,0.0,0.0,0.0,0.0,0.0,0.0,0.0,0.0,0.0,0.0,0.0,0.0,0.0,0.0,0.42857142857142855,0.0,0.0,0.0,0.0,0.0,0.0,0.0,0.0,0.0,0.0,0.0,0.0,0.0,0.0,0.0,0.0,0.0,0.0,0.0,0.0,0.0,0.0,0.0,0.0,0.0,0.0,0.0,0.0,0.0,0.0,0.0,0.0,0.0,0.0,0.0,0.0,0.0,0.0,0.0,0.0,0.0,0.0,0.0,0.0,0.0,0.0,0.0,0.0,0.0,0.0,0.0,0.0,0.0,0.0,0.0,0.0,0.0,0.0,0.0,0.0
Al4Cu5,2,2,0.0568335481985423,-0.987654320987654,0.686961576597323,7.44444444444445,3.97523195999963,0.144102158549986,1.77111111111111,1169.19222222222,6.761570509476259,IM,IM,False,False,True,False,0,,Al+Cu,Al+Cu,0.0,0.4444444444444444,0.0,0.0,0.0,0.0,0.0,0.0,0.0,0.0,0.0,0.0,0.0,0.0,0.0,0.0,0.0,0.5555555555555556,0.0,0.0,0.0,0.0,0.0,0.0,0.0,0.0,0.0,0.0,0.0,0.0,0.0,0.0,0.0,0.0,0.0,0.0,0.0,0.0,0.0,0.0,0.0,0.0,0.0,0.0,0.0,0.0,0.0,0.0,0.0,0.0,0.0,0.0,0.0,0.0,0.0,0.0,0.0,0.0,0.0,0.0,0.0,0.0,0.0,0.0,0.0,0.0,0.0,0.0,0.0,0.0,0.0,0.0,0.0,0.0,0.0,0.0,0.0,0.0
AlEr2,2,2,0.092679044136101,-33.7777777777778,0.636514168294813,3.0,0.0,0.174419672692682,1.36333333333333,1512.49,0.23697563625490622,IM,IM,False,False,True,False,0,,Al+Er,Al+Er,0.0,0.3333333333333333,0.0,0.0,0.0,0.0,0.0,0.0,0.0,0.0,0.0,0.0,0.0,0.0,0.0,0.0,0.0,0.0,0.0,0.6666666666666666,0.0,0.0,0.0,0.0,0.0,0.0,0.0,0.0,0.0,0.0,0.0,0.0,0.0,0.0,0.0,0.0,0.0,0.0,0.0,0.0,0.0,0.0,0.0,0.0,0.0,0.0,0.0,0.0,0.0,0.0,0.0,0.0,0.0,0.0,0.0,0.0,0.0,0.0,0.0,0.0,0.0,0.0,0.0,0.0,0.0,0.0,0.0,0.0,0.0,0.0,0.0,0.0,0.0,0.0,0.0,0.0,0.0,0.0
Al2Fe,2,2,0.0658014105757031,-9.77777777777778,0.636514168294813,4.66666666666667,2.35702260395516,0.103708994574027,1.68333333333333,1225.98,0.6635680741005664,IM,IM,False,False,True,False,0,,Al+Fe,Al+Fe,0.0,0.6666666666666666,0.0,0.0,0.0,0.0,0.0,0.0,0.0,0.0,0.0,0.0,0.0,0.0,0.0,0.0,0.0,0.0,0.0,0.0,0.0,0.0,0.3333333333333333,0.0,0.0,0.0,0.0,0.0,0.0,0.0,0.0,0.0,0.0,0.0,0.0,0.0,0.0,0.0,0.0,0.0,0.0,0.0,0.0,0.0,0.0,0.0,0.0,0.0,0.0,0.0,0.0,0.0,0.0,0.0,0.0,0.0,0.0,0.0,0.0,0.0,0.0,0.0,0.0,0.0,0.0,0.0,0.0,0.0,0.0,0.0,0.0,0.0,0.0,0.0,0.0,0.0,0.0,0.0
Al3In,2,2,0.0660244388443552,5.25,0.562335144618808,3.0,0.0,0.0736121593216773,1.6525,807.54,0.7191742877330507,IM,IM,False,False,True,False,0,,Al+In,Al+In,0.0,0.75,0.0,0.0,0.0,0.0,0.0,0.0,0.0,0.0,0.0,0.0,0.0,0.0,0.0,0.0,0.0,0.0,0.0,0.0,0.0,0.0,0.0,0.0,0.0,0.0,0.0,0.0,0.0,0.0,0.0,0.25,0.0,0.0,0.0,0.0,0.0,0.0,0.0,0.0,0.0,0.0,0.0,0.0,0.0,0.0,0.0,0.0,0.0,0.0,0.0,0.0,0.0,0.0,0.0,0.0,0.0,0.0,0.0,0.0,0.0,0.0,0.0,0.0,0.0,0.0,0.0,0.0,0.0,0.0,0.0,0.0,0.0,0.0,0.0,0.0,0.0,0.0
Al2La,2,2,0.133281354075643,-33.7777777777778,0.636514168294813,3.0,0.0,0.240416305603426,1.44,1019.98,0.15980959177732035,IM,IM,False,False,True,False,0,,Al+La,Al+La,0.0,0.6666666666666666,0.0,0.0,0.0,0.0,0.0,0.0,0.0,0.0,0.0,0.0,0.0,0.0,0.0,0.0,0.0,0.0,0.0,0.0,0.0,0.0,0.0,0.0,0.0,0.0,0.0,0.0,0.0,0.0,0.0,0.0,0.0,0.0,0.3333333333333333,0.0,0.0,0.0,0.0,0.0,0.0,0.0,0.0,0.0,0.0,0.0,0.0,0.0,0.0,0.0,0.0,0.0,0.0,0.0,0.0,0.0,0.0,0.0,0.0,0.0,0.0,0.0,0.0,0.0,0.0,0.0,0.0,0.0,0.0,0.0,0.0,0.0,0.0,0.0,0.0,0.0,0.0,0.0
AlLa,2,2,0.135004530353368,-38.0,0.693147180559945,3.0,0.0,0.255,1.355,1063.235,0.16125207576789996,IM,IM,False,False,True,False,0,,Al+La,Al+La,0.0,0.5,0.0,0.0,0.0,0.0,0.0,0.0,0.0,0.0,0.0,0.0,0.0,0.0,0.0,0.0,0.0,0.0,0.0,0.0,0.0,0.0,0.0,0.0,0.0,0.0,0.0,0.0,0.0,0.0,0.0,0.0,0.0,0.0,0.5,0.0,0.0,0.0,0.0,0.0,0.0,0.0,0.0,0.0,0.0,0.0,0.0,0.0,0.0,0.0,0.0,0.0,0.0,0.0,0.0,0.0,0.0,0.0,0.0,0.0,0.0,0.0,0.0,0.0,0.0,0.0,0.0,0.0,0.0,0.0,0.0,0.0,0.0,0.0,0.0,0.0,0.0,0.0
Al4Li9,2,2,0.0269086035362648,-3.40828402366864,0.617241769730342,1.61538461538462,0.923076923076923,0.290769230769231,1.17384615384615,601.286923076923,0.9053895401566678,IM,IM,False,False,True,False,0,,Al+Li,Al+Li,0.0,0.3076923076923077,0.0,0.0,0.0,0.0,0.0,0.0,0.0,0.0,0.0,0.0,0.0,0.0,0.0,0.0,0.0,0.0,0.0,0.0,0.0,0.0,0.0,0.0,0.0,0.0,0.0,0.0,0.0,0.0,0.0,0.0,0.0,0.0,0.0,0.6923076923076923,0.0,0.0,0.0,0.0,0.0,0.0,0.0,0.0,0.0,0.0,0.0,0.0,0.0,0.0,0.0,0.0,0.0,0.0,0.0,0.0,0.0,0.0,0.0,0.0,0.0,0.0,0.0,0.0,0.0,0.0,0.0,0.0,0.0,0.0,0.0,0.0,0.0,0.0,0.0,0.0,0.0,0.0
Al12Mg17,2,2,0.0543637037194541,-1.94054696789536,0.678209393903313,2.41379310344828,0.492512305416748,0.147753691625025,1.43413793103448,927.332413793103,2.694692835211047,IM,IM,False,False,True,False,0,,Al+Mg,Al+Mg,0.0,0.41379310344827586,0.0,0.0,0.0,0.0,0.0,0.0,0.0,0.0,0.0,0.0,0.0,0.0,0.0,0.0,0.0,0.0,0.0,0.0,0.0,0.0,0.0,0.0,0.0,0.0,0.0,0.0,0.0,0.0,0.0,0.0,0.0,0.0,0.0,0.0,0.0,0.5862068965517241,0.0,0.0,0.0,0.0,0.0,0.0,0.0,0.0,0.0,0.0,0.0,0.0,0.0,0.0,0.0,0.0,0.0,0.0,0.0,0.0,0.0,0.0,0.0,0.0,0.0,0.0,0.0,0.0,0.0,0.0,0.0,0.0,0.0,0.0,0.0,0.0,0.0,0.0,0.0,0.0
Al3Mg2,2,2,0.0552098915084499,-1.92,0.673011667009257,2.6,0.489897948556636,0.146969384566991,1.49,929.282,2.708339316749722,IM,IM,False,False,True,False,0,,Al+Mg,Al+Mg,0.0,0.6,0.0,0.0,0.0,0.0,0.0,0.0,0.0,0.0,0.0,0.0,0.0,0.0,0.0,0.0,0.0,0.0,0.0,0.0,0.0,0.0,0.0,0.0,0.0,0.0,0.0,0.0,0.0,0.0,0.0,0.0,0.0,0.0,0.0,0.0,0.0,0.4,0.0,0.0,0.0,0.0,0.0,0.0,0.0,0.0,0.0,0.0,0.0,0.0,0.0,0.0,0.0,0.0,0.0,0.0,0.0,0.0,0.0,0.0,0.0,0.0,0.0,0.0,0.0,0.0,0.0,0.0,0.0,0.0,0.0,0.0,0.0,0.0,0.0,0.0,0.0,0.0
Al11Mn4,2,2,0.0257151316952668,-14.8622222222222,0.579915171418101,4.06666666666667,1.76886655485621,0.0265329983228432,1.594,1089.61133333333,0.3534976384850075,IM,IM,False,False,True,False,0,,Al+Mn,Al+Mn,0.0,0.7333333333333333,0.0,0.0,0.0,0.0,0.0,0.0,0.0,0.0,0.0,0.0,0.0,0.0,0.0,0.0,0.0,0.0,0.0,0.0,0.0,0.0,0.0,0.0,0.0,0.0,0.0,0.0,0.0,0.0,0.0,0.0,0.0,0.0,0.0,0.0,0.0,0.0,0.26666666666666666,0.0,0.0,0.0,0.0,0.0,0.0,0.0,0.0,0.0,0.0,0.0,0.0,0.0,0.0,0.0,0.0,0.0,0.0,0.0,0.0,0.0,0.0,0.0,0.0,0.0,0.0,0.0,0.0,0.0,0.0,0.0,0.0,0.0,0.0,0.0,0.0,0.0,0.0,0.0
Al2Mn,2,2,0.0275191058648774,-16.8888888888889,0.636514168294813,4.33333333333333,1.88561808316413,0.0282842712474619,1.59,1128.64666666667,0.3536707838601421,IM,IM,False,False,True,False,0,,Al+Mn,Al+Mn,0.0,0.6666666666666666,0.0,0.0,0.0,0.0,0.0,0.0,0.0,0.0,0.0,0.0,0.0,0.0,0.0,0.0,0.0,0.0,0.0,0.0,0.0,0.0,0.0,0.0,0.0,0.0,0.0,0.0,0.0,0.0,0.0,0.0,0.0,0.0,0.0,0.0,0.0,0.0,0.3333333333333333,0.0,0.0,0.0,0.0,0.0,0.0,0.0,0.0,0.0,0.0,0.0,0.0,0.0,0.0,0.0,0.0,0.0,0.0,0.0,0.0,0.0,0.0,0.0,0.0,0.0,0.0,0.0,0.0,0.0,0.0,0.0,0.0,0.0,0.0,0.0,0.0,0.0,0.0,0.0
Al4Mn,2,2,0.0231703871150042,-12.16,0.500402423538188,3.8,1.6,0.024,1.598,1050.576,0.3594574505905364,IM,IM,False,False,True,False,0,,Al+Mn,Al+Mn,0.0,0.8,0.0,0.0,0.0,0.0,0.0,0.0,0.0,0.0,0.0,0.0,0.0,0.0,0.0,0.0,0.0,0.0,0.0,0.0,0.0,0.0,0.0,0.0,0.0,0.0,0.0,0.0,0.0,0.0,0.0,0.0,0.0,0.0,0.0,0.0,0.0,0.0,0.2,0.0,0.0,0.0,0.0,0.0,0.0,0.0,0.0,0.0,0.0,0.0,0.0,0.0,0.0,0.0,0.0,0.0,0.0,0.0,0.0,0.0,0.0,0.0,0.0,0.0,0.0,0.0,0.0,0.0,0.0,0.0,0.0,0.0,0.0,0.0,0.0,0.0,0.0,0.0
Al6Mn,2,2,0.0202029932516818,-9.30612244897959,0.410116318288409,3.57142857142857,1.39970842444753,0.020995626366713,1.60142857142857,1017.11714285714,0.37268631560193555,IM,IM,False,False,True,False,0,,Al+Mn,Al+Mn,0.0,0.8571428571428571,0.0,0.0,0.0,0.0,0.0,0.0,0.0,0.0,0.0,0.0,0.0,0.0,0.0,0.0,0.0,0.0,0.0,0.0,0.0,0.0,0.0,0.0,0.0,0.0,0.0,0.0,0.0,0.0,0.0,0.0,0.0,0.0,0.0,0.0,0.0,0.0,0.14285714285714285,0.0,0.0,0.0,0.0,0.0,0.0,0.0,0.0,0.0,0.0,0.0,0.0,0.0,0.0,0.0,0.0,0.0,0.0,0.0,0.0,0.0,0.0,0.0,0.0,0.0,0.0,0.0,0.0,0.0,0.0,0.0,0.0,0.0,0.0,0.0,0.0,0.0,0.0,0.0
Al8Mn5,2,2,0.0284858583031755,-17.9881656804734,0.666278442414676,4.53846153846154,1.94601702164208,0.0291902553246312,1.58692307692308,1158.67384615385,0.3568323925860941,IM,IM,False,False,True,False,0,,Al+Mn,Al+Mn,0.0,0.6153846153846154,0.0,0.0,0.0,0.0,0.0,0.0,0.0,0.0,0.0,0.0,0.0,0.0,0.0,0.0,0.0,0.0,0.0,0.0,0.0,0.0,0.0,0.0,0.0,0.0,0.0,0.0,0.0,0.0,0.0,0.0,0.0,0.0,0.0,0.0,0.0,0.0,0.38461538461538464,0.0,0.0,0.0,0.0,0.0,0.0,0.0,0.0,0.0,0.0,0.0,0.0,0.0,0.0,0.0,0.0,0.0,0.0,0.0,0.0,0.0,0.0,0.0,0.0,0.0,0.0,0.0,0.0,0.0,0.0,0.0,0.0,0.0,0.0,0.0,0.0,0.0,0.0,0.0
Al9Mn11,2,2,0.0294141502064831,-18.81,0.688138813713588,5.2,1.98997487421324,0.0298496231131986,1.577,1255.5115,0.38189338782594884,IM,IM,False,False,True,False,0,,Al+Mn,Al+Mn,0.0,0.45,0.0,0.0,0.0,0.0,0.0,0.0,0.0,0.0,0.0,0.0,0.0,0.0,0.0,0.0,0.0,0.0,0.0,0.0,0.0,0.0,0.0,0.0,0.0,0.0,0.0,0.0,0.0,0.0,0.0,0.0,0.0,0.0,0.0,0.0,0.0,0.0,0.55,0.0,0.0,0.0,0.0,0.0,0.0,0.0,0.0,0.0,0.0,0.0,0.0,0.0,0.0,0.0,0.0,0.0,0.0,0.0,0.0,0.0,0.0,0.0,0.0,0.0,0.0,0.0,0.0,0.0,0.0,0.0,0.0,0.0,0.0,0.0,0.0,0.0,0.0,0.0
AlMn,2,2,0.0294751976994967,-19.0,0.693147180559945,5.0,2.0,0.03,1.58,1226.235,0.3719458805047817,IM,IM,False,False,True,False,0,,Al+Mn,Al+Mn,0.0,0.5,0.0,0.0,0.0,0.0,0.0,0.0,0.0,0.0,0.0,0.0,0.0,0.0,0.0,0.0,0.0,0.0,0.0,0.0,0.0,0.0,0.0,0.0,0.0,0.0,0.0,0.0,0.0,0.0,0.0,0.0,0.0,0.0,0.0,0.0,0.0,0.0,0.5,0.0,0.0,0.0,0.0,0.0,0.0,0.0,0.0,0.0,0.0,0.0,0.0,0.0,0.0,0.0,0.0,0.0,0.0,0.0,0.0,0.0,0.0,0.0,0.0,0.0,0.0,0.0,0.0,0.0,0.0,0.0,0.0,0.0,0.0,0.0,0.0,0.0,0.0,0.0
AlMo,2,2,0.0246869409660107,-5.0,0.693147180559945,4.5,1.5,0.275,1.885,1914.735,2.20697959439392,IM,IM,False,False,True,False,0,,Al+Mo,Al+Mo,0.0,0.5,0.0,0.0,0.0,0.0,0.0,0.0,0.0,0.0,0.0,0.0,0.0,0.0,0.0,0.0,0.0,0.0,0.0,0.0,0.0,0.0,0.0,0.0,0.0,0.0,0.0,0.0,0.0,0.0,0.0,0.0,0.0,0.0,0.0,0.0,0.0,0.0,0.0,0.5,0.0,0.0,0.0,0.0,0.0,0.0,0.0,0.0,0.0,0.0,0.0,0.0,0.0,0.0,0.0,0.0,0.0,0.0,0.0,0.0,0.0,0.0,0.0,0.0,0.0,0.0,0.0,0.0,0.0,0.0,0.0,0.0,0.0,0.0,0.0,0.0,0.0,0.0
AlNd,2,2,0.0677083333333333,-38.0,0.693147180559945,3.0,0.0,0.235,1.375,1115.235,0.16913848652368849,IM,IM,False,False,True,False,0,,Al+Nd,Al+Nd,0.0,0.5,0.0,0.0,0.0,0.0,0.0,0.0,0.0,0.0,0.0,0.0,0.0,0.0,0.0,0.0,0.0,0.0,0.0,0.0,0.0,0.0,0.0,0.0,0.0,0.0,0.0,0.0,0.0,0.0,0.0,0.0,0.0,0.0,0.0,0.0,0.0,0.0,0.0,0.0,0.0,0.0,0.0,0.5,0.0,0.0,0.0,0.0,0.0,0.0,0.0,0.0,0.0,0.0,0.0,0.0,0.0,0.0,0.0,0.0,0.0,0.0,0.0,0.0,0.0,0.0,0.0,0.0,0.0,0.0,0.0,0.0,0.0,0.0,0.0,0.0,0.0,0.0
AlNi,2,2,0.0694548170276326,-22.0,0.693147180559945,6.5,3.5,0.15,1.76,1330.735,0.34860093273597953,IM,IM,False,False,True,False,0,,Al+Ni,Al+Ni,0.0,0.5,0.0,0.0,0.0,0.0,0.0,0.0,0.0,0.0,0.0,0.0,0.0,0.0,0.0,0.0,0.0,0.0,0.0,0.0,0.0,0.0,0.0,0.0,0.0,0.0,0.0,0.0,0.0,0.0,0.0,0.0,0.0,0.0,0.0,0.0,0.0,0.0,0.0,0.0,0.0,0.0,0.0,0.0,0.0,0.5,0.0,0.0,0.0,0.0,0.0,0.0,0.0,0.0,0.0,0.0,0.0,0.0,0.0,0.0,0.0,0.0,0.0,0.0,0.0,0.0,0.0,0.0,0.0,0.0,0.0,0.0,0.0,0.0,0.0,0.0,0.0,0.0
AlRe2,2,2,0.0192755076650565,-8.0,0.636514168294813,5.66666666666667,1.88561808316413,0.136707311029399,1.80333333333333,2617.15666666667,1.73133852991204,IM,IM,False,False,True,False,0,,Al+Re,Al+Re,0.0,0.3333333333333333,0.0,0.0,0.0,0.0,0.0,0.0,0.0,0.0,0.0,0.0,0.0,0.0,0.0,0.0,0.0,0.0,0.0,0.0,0.0,0.0,0.0,0.0,0.0,0.0,0.0,0.0,0.0,0.0,0.0,0.0,0.0,0.0,0.0,0.0,0.0,0.0,0.0,0.0,0.0,0.0,0.0,0.0,0.0,0.0,0.0,0.0,0.0,0.0,0.0,0.0,0.0,0.0,0.0,0.6666666666666666,0.0,0.0,0.0,0.0,0.0,0.0,0.0,0.0,0.0,0.0,0.0,0.0,0.0,0.0,0.0,0.0,0.0,0.0,0.0,0.0,0.0,0.0
Al13Ru4,2,2,0.0282811932487996,-15.1141868512111,0.545594573969184,4.17647058823529,2.12091251497882,0.2502676767675,1.74882352941176,1327.24176470588,0.3983542729191044,IM,IM,False,False,True,False,0,,Al+Ru,Al+Ru,0.0,0.7647058823529411,0.0,0.0,0.0,0.0,0.0,0.0,0.0,0.0,0.0,0.0,0.0,0.0,0.0,0.0,0.0,0.0,0.0,0.0,0.0,0.0,0.0,0.0,0.0,0.0,0.0,0.0,0.0,0.0,0.0,0.0,0.0,0.0,0.0,0.0,0.0,0.0,0.0,0.0,0.0,0.0,0.0,0.0,0.0,0.0,0.0,0.0,0.0,0.0,0.0,0.0,0.0,0.0,0.0,0.0,0.0,0.23529411764705882,0.0,0.0,0.0,0.0,0.0,0.0,0.0,0.0,0.0,0.0,0.0,0.0,0.0,0.0,0.0,0.0,0.0,0.0,0.0,0.0
Al2Ru,2,2,0.0316363814524204,-18.6666666666667,0.636514168294813,4.66666666666667,2.35702260395516,0.278128667266709,1.80666666666667,1491.31333333333,0.42280916107873334,IM,IM,False,False,True,False,0,,Al+Ru,Al+Ru,0.0,0.6666666666666666,0.0,0.0,0.0,0.0,0.0,0.0,0.0,0.0,0.0,0.0,0.0,0.0,0.0,0.0,0.0,0.0,0.0,0.0,0.0,0.0,0.0,0.0,0.0,0.0,0.0,0.0,0.0,0.0,0.0,0.0,0.0,0.0,0.0,0.0,0.0,0.0,0.0,0.0,0.0,0.0,0.0,0.0,0.0,0.0,0.0,0.0,0.0,0.0,0.0,0.0,0.0,0.0,0.0,0.0,0.0,0.3333333333333333,0.0,0.0,0.0,0.0,0.0,0.0,0.0,0.0,0.0,0.0,0.0,0.0,0.0,0.0,0.0,0.0,0.0,0.0,0.0,0.0
Al3Ru2,2,2,0.0330252489703985,-20.16,0.673011667009257,5.0,2.44948974278318,0.289039789648415,1.846,1602.882,0.4449055282629803,IM,IM,False,False,True,False,0,,Al+Ru,Al+Ru,0.0,0.6,0.0,0.0,0.0,0.0,0.0,0.0,0.0,0.0,0.0,0.0,0.0,0.0,0.0,0.0,0.0,0.0,0.0,0.0,0.0,0.0,0.0,0.0,0.0,0.0,0.0,0.0,0.0,0.0,0.0,0.0,0.0,0.0,0.0,0.0,0.0,0.0,0.0,0.0,0.0,0.0,0.0,0.0,0.0,0.0,0.0,0.0,0.0,0.0,0.0,0.0,0.0,0.0,0.0,0.0,0.0,0.4,0.0,0.0,0.0,0.0,0.0,0.0,0.0,0.0,0.0,0.0,0.0,0.0,0.0,0.0,0.0,0.0,0.0,0.0,0.0,0.0
Al17Sb3,2,2,0.0435721622088376,1.02,0.422709087805991,3.3,0.714142842854285,0.157111425427943,1.676,929.0165,3.201098409024814,IM,IM,False,False,True,False,0,,Al+Sb,Al+Sb,0.0,0.85,0.0,0.0,0.0,0.0,0.0,0.0,0.0,0.0,0.0,0.0,0.0,0.0,0.0,0.0,0.0,0.0,0.0,0.0,0.0,0.0,0.0,0.0,0.0,0.0,0.0,0.0,0.0,0.0,0.0,0.0,0.0,0.0,0.0,0.0,0.0,0.0,0.0,0.0,0.0,0.0,0.0,0.0,0.0,0.0,0.0,0.0,0.0,0.0,0.0,0.0,0.0,0.0,0.0,0.0,0.0,0.0,0.0,0.15,0.0,0.0,0.0,0.0,0.0,0.0,0.0,0.0,0.0,0.0,0.0,0.0,0.0,0.0,0.0,0.0,0.0,0.0
AlSb,2,2,0.0585141354372124,2.0,0.693147180559945,4.0,1.0,0.22,1.83,918.625,2.6470851448113115,IM,IM,False,False,True,False,0,,Al+Sb,Al+Sb,0.0,0.5,0.0,0.0,0.0,0.0,0.0,0.0,0.0,0.0,0.0,0.0,0.0,0.0,0.0,0.0,0.0,0.0,0.0,0.0,0.0,0.0,0.0,0.0,0.0,0.0,0.0,0.0,0.0,0.0,0.0,0.0,0.0,0.0,0.0,0.0,0.0,0.0,0.0,0.0,0.0,0.0,0.0,0.0,0.0,0.0,0.0,0.0,0.0,0.0,0.0,0.0,0.0,0.0,0.0,0.0,0.0,0.0,0.0,0.5,0.0,0.0,0.0,0.0,0.0,0.0,0.0,0.0,0.0,0.0,0.0,0.0,0.0,0.0,0.0,0.0,0.0,0.0
Al11Sm3,2,2,0.102513675780917,-25.5918367346939,0.519579839130515,3.0,0.0,0.180543397462624,1.51571428571429,1021.655,0.17246035848050686,IM,IM,False,False,True,False,0,,Al+Sm,Al+Sm,0.0,0.7857142857142857,0.0,0.0,0.0,0.0,0.0,0.0,0.0,0.0,0.0,0.0,0.0,0.0,0.0,0.0,0.0,0.0,0.0,0.0,0.0,0.0,0.0,0.0,0.0,0.0,0.0,0.0,0.0,0.0,0.0,0.0,0.0,0.0,0.0,0.0,0.0,0.0,0.0,0.0,0.0,0.0,0.0,0.0,0.0,0.0,0.0,0.0,0.0,0.0,0.0,0.0,0.0,0.0,0.0,0.0,0.0,0.0,0.0,0.0,0.0,0.0,0.0,0.21428571428571427,0.0,0.0,0.0,0.0,0.0,0.0,0.0,0.0,0.0,0.0,0.0,0.0,0.0,0.0
Al2Sm,2,2,0.11437157179654,-33.7777777777778,0.636514168294813,3.0,0.0,0.207417989148054,1.46333333333333,1070.64666666667,0.16774800166449272,IM,IM,False,False,True,False,0,,Al+Sm,Al+Sm,0.0,0.6666666666666666,0.0,0.0,0.0,0.0,0.0,0.0,0.0,0.0,0.0,0.0,0.0,0.0,0.0,0.0,0.0,0.0,0.0,0.0,0.0,0.0,0.0,0.0,0.0,0.0,0.0,0.0,0.0,0.0,0.0,0.0,0.0,0.0,0.0,0.0,0.0,0.0,0.0,0.0,0.0,0.0,0.0,0.0,0.0,0.0,0.0,0.0,0.0,0.0,0.0,0.0,0.0,0.0,0.0,0.0,0.0,0.0,0.0,0.0,0.0,0.0,0.0,0.3333333333333333,0.0,0.0,0.0,0.0,0.0,0.0,0.0,0.0,0.0,0.0,0.0,0.0,0.0,0.0
Al3Ti,2,2,0.00902423136975796,-22.5,0.562335144618808,3.25,0.433012701892219,0.0303108891324554,1.5925,1185.3525,0.24631701543373027,IM,IM,False,False,True,False,0,,Al+Ti,Al+Ti,0.0,0.75,0.0,0.0,0.0,0.0,0.0,0.0,0.0,0.0,0.0,0.0,0.0,0.0,0.0,0.0,0.0,0.0,0.0,0.0,0.0,0.0,0.0,0.0,0.0,0.0,0.0,0.0,0.0,0.0,0.0,0.0,0.0,0.0,0.0,0.0,0.0,0.0,0.0,0.0,0.0,0.0,0.0,0.0,0.0,0.0,0.0,0.0,0.0,0.0,0.0,0.0,0.0,0.0,0.0,0.0,0.0,0.0,0.0,0.0,0.0,0.0,0.0,0.0,0.0,0.0,0.0,0.0,0.0,0.25,0.0,0.0,0.0,0.0,0.0,0.0,0.0,0.0
AlTi,2,2,0.0103662750518314,-30.0,0.693147180559945,3.5,0.5,0.035,1.575,1437.235,0.276099853447844,IM,IM,False,False,True,False,0,,Al+Ti,Al+Ti,0.0,0.5,0.0,0.0,0.0,0.0,0.0,0.0,0.0,0.0,0.0,0.0,0.0,0.0,0.0,0.0,0.0,0.0,0.0,0.0,0.0,0.0,0.0,0.0,0.0,0.0,0.0,0.0,0.0,0.0,0.0,0.0,0.0,0.0,0.0,0.0,0.0,0.0,0.0,0.0,0.0,0.0,0.0,0.0,0.0,0.0,0.0,0.0,0.0,0.0,0.0,0.0,0.0,0.0,0.0,0.0,0.0,0.0,0.0,0.0,0.0,0.0,0.0,0.0,0.0,0.0,0.0,0.0,0.0,0.5,0.0,0.0,0.0,0.0,0.0,0.0,0.0,0.0
Al3V,2,2,0.0358014778471115,-12.0,0.562335144618808,3.5,0.866025403784439,0.0086602540378443,1.615,1245.8525,0.4854167897376278,IM,IM,False,False,True,False,0,,Al+V,Al+V,0.0,0.75,0.0,0.0,0.0,0.0,0.0,0.0,0.0,0.0,0.0,0.0,0.0,0.0,0.0,0.0,0.0,0.0,0.0,0.0,0.0,0.0,0.0,0.0,0.0,0.0,0.0,0.0,0.0,0.0,0.0,0.0,0.0,0.0,0.0,0.0,0.0,0.0,0.0,0.0,0.0,0.0,0.0,0.0,0.0,0.0,0.0,0.0,0.0,0.0,0.0,0.0,0.0,0.0,0.0,0.0,0.0,0.0,0.0,0.0,0.0,0.0,0.0,0.0,0.0,0.0,0.0,0.0,0.0,0.0,0.0,0.0,0.25,0.0,0.0,0.0,0.0,0.0
Al8V5,2,2,0.0406768916144967,-15.1479289940828,0.666278442414676,3.76923076923077,0.97300851082104,0.0097300851082103,1.61769230769231,1414.05846153846,0.5171351416904296,IM,IM,False,False,True,False,0,,Al+V,Al+V,0.0,0.6153846153846154,0.0,0.0,0.0,0.0,0.0,0.0,0.0,0.0,0.0,0.0,0.0,0.0,0.0,0.0,0.0,0.0,0.0,0.0,0.0,0.0,0.0,0.0,0.0,0.0,0.0,0.0,0.0,0.0,0.0,0.0,0.0,0.0,0.0,0.0,0.0,0.0,0.0,0.0,0.0,0.0,0.0,0.0,0.0,0.0,0.0,0.0,0.0,0.0,0.0,0.0,0.0,0.0,0.0,0.0,0.0,0.0,0.0,0.0,0.0,0.0,0.0,0.0,0.0,0.0,0.0,0.0,0.0,0.0,0.0,0.0,0.38461538461538464,0.0,0.0,0.0,0.0,0.0
Al3Yb,2,2,0.0774165471028117,-15.0,0.562335144618808,3.0,0.0,0.220836477965032,1.4825,974.3525,0.3037066186392576,IM,IM,False,False,True,False,0,,Al+Yb,Al+Yb,0.0,0.75,0.0,0.0,0.0,0.0,0.0,0.0,0.0,0.0,0.0,0.0,0.0,0.0,0.0,0.0,0.0,0.0,0.0,0.0,0.0,0.0,0.0,0.0,0.0,0.0,0.0,0.0,0.0,0.0,0.0,0.0,0.0,0.0,0.0,0.0,0.0,0.0,0.0,0.0,0.0,0.0,0.0,0.0,0.0,0.0,0.0,0.0,0.0,0.0,0.0,0.0,0.0,0.0,0.0,0.0,0.0,0.0,0.0,0.0,0.0,0.0,0.0,0.0,0.0,0.0,0.0,0.0,0.0,0.0,0.0,0.0,0.0,0.0,0.0,0.25,0.0,0.0
Al2Zr3,2,2,0.0545891758133617,-42.24,0.673011667009257,3.6,0.489897948556636,0.137171425595858,1.442,1650.188,0.2186081219121366,IM,IM,False,False,True,False,0,,Al+Zr,Al+Zr,0.0,0.4,0.0,0.0,0.0,0.0,0.0,0.0,0.0,0.0,0.0,0.0,0.0,0.0,0.0,0.0,0.0,0.0,0.0,0.0,0.0,0.0,0.0,0.0,0.0,0.0,0.0,0.0,0.0,0.0,0.0,0.0,0.0,0.0,0.0,0.0,0.0,0.0,0.0,0.0,0.0,0.0,0.0,0.0,0.0,0.0,0.0,0.0,0.0,0.0,0.0,0.0,0.0,0.0,0.0,0.0,0.0,0.0,0.0,0.0,0.0,0.0,0.0,0.0,0.0,0.0,0.0,0.0,0.0,0.0,0.0,0.0,0.0,0.0,0.0,0.0,0.0,0.6
Al3Zr,2,2,0.0502086265628544,-33.0,0.562335144618808,3.25,0.433012701892219,0.121243556529821,1.54,1232.1025,0.17456706521042803,IM,IM,False,False,True,False,0,,Al+Zr,Al+Zr,0.0,0.75,0.0,0.0,0.0,0.0,0.0,0.0,0.0,0.0,0.0,0.0,0.0,0.0,0.0,0.0,0.0,0.0,0.0,0.0,0.0,0.0,0.0,0.0,0.0,0.0,0.0,0.0,0.0,0.0,0.0,0.0,0.0,0.0,0.0,0.0,0.0,0.0,0.0,0.0,0.0,0.0,0.0,0.0,0.0,0.0,0.0,0.0,0.0,0.0,0.0,0.0,0.0,0.0,0.0,0.0,0.0,0.0,0.0,0.0,0.0,0.0,0.0,0.0,0.0,0.0,0.0,0.0,0.0,0.0,0.0,0.0,0.0,0.0,0.0,0.0,0.0,0.25
Al3Zr4,2,2,0.0553195158935895,-43.1020408163265,0.682908104700472,3.57142857142857,0.494871659305394,0.13856406460551,1.45,1616.05857142857,0.2128902221571224,IM,IM,False,False,True,False,0,,Al+Zr,Al+Zr,0.0,0.42857142857142855,0.0,0.0,0.0,0.0,0.0,0.0,0.0,0.0,0.0,0.0,0.0,0.0,0.0,0.0,0.0,0.0,0.0,0.0,0.0,0.0,0.0,0.0,0.0,0.0,0.0,0.0,0.0,0.0,0.0,0.0,0.0,0.0,0.0,0.0,0.0,0.0,0.0,0.0,0.0,0.0,0.0,0.0,0.0,0.0,0.0,0.0,0.0,0.0,0.0,0.0,0.0,0.0,0.0,0.0,0.0,0.0,0.0,0.0,0.0,0.0,0.0,0.0,0.0,0.0,0.0,0.0,0.0,0.0,0.0,0.0,0.0,0.0,0.0,0.0,0.0,0.5714285714285714
AuBe5,2,2,0.0991422401772005,0.0,0.450561208866305,3.5,3.35410196624968,0.361497656362466,1.73166666666667,1522.88833333333,,IM,IM,False,False,True,False,0,,Au+Be,Au+Be,0.0,0.0,0.0,0.16666666666666666,0.0,0.0,0.8333333333333334,0.0,0.0,0.0,0.0,0.0,0.0,0.0,0.0,0.0,0.0,0.0,0.0,0.0,0.0,0.0,0.0,0.0,0.0,0.0,0.0,0.0,0.0,0.0,0.0,0.0,0.0,0.0,0.0,0.0,0.0,0.0,0.0,0.0,0.0,0.0,0.0,0.0,0.0,0.0,0.0,0.0,0.0,0.0,0.0,0.0,0.0,0.0,0.0,0.0,0.0,0.0,0.0,0.0,0.0,0.0,0.0,0.0,0.0,0.0,0.0,0.0,0.0,0.0,0.0,0.0,0.0,0.0,0.0,0.0,0.0,0.0
Au2Bi,2,2,0.0344463384610497,1.77777777777778,0.636514168294813,9.0,2.82842712474619,0.245130350811336,2.36666666666667,1073.12,3.194574906795702,IM,IM,False,False,True,False,0,,Au+Bi,Au+Bi,0.0,0.0,0.0,0.6666666666666666,0.0,0.0,0.0,0.3333333333333333,0.0,0.0,0.0,0.0,0.0,0.0,0.0,0.0,0.0,0.0,0.0,0.0,0.0,0.0,0.0,0.0,0.0,0.0,0.0,0.0,0.0,0.0,0.0,0.0,0.0,0.0,0.0,0.0,0.0,0.0,0.0,0.0,0.0,0.0,0.0,0.0,0.0,0.0,0.0,0.0,0.0,0.0,0.0,0.0,0.0,0.0,0.0,0.0,0.0,0.0,0.0,0.0,0.0,0.0,0.0,0.0,0.0,0.0,0.0,0.0,0.0,0.0,0.0,0.0,0.0,0.0,0.0,0.0,0.0,0.0
AuCu,2,2,0.0602941176470588,-9.0,0.693147180559945,11.0,0.0,0.32,2.22,1347.55,0.8629030917320231,IM,IM,False,False,True,False,0,,Au+Cu,Au+Cu,0.0,0.0,0.0,0.5,0.0,0.0,0.0,0.0,0.0,0.0,0.0,0.0,0.0,0.0,0.0,0.0,0.0,0.5,0.0,0.0,0.0,0.0,0.0,0.0,0.0,0.0,0.0,0.0,0.0,0.0,0.0,0.0,0.0,0.0,0.0,0.0,0.0,0.0,0.0,0.0,0.0,0.0,0.0,0.0,0.0,0.0,0.0,0.0,0.0,0.0,0.0,0.0,0.0,0.0,0.0,0.0,0.0,0.0,0.0,0.0,0.0,0.0,0.0,0.0,0.0,0.0,0.0,0.0,0.0,0.0,0.0,0.0,0.0,0.0,0.0,0.0,0.0,0.0
AuCu3,2,2,0.0538393351859924,-6.75,0.562335144618808,11.0,0.0,0.27712812921102,2.06,1352.66,0.9369454068068068,IM,IM,False,False,True,False,0,,Au+Cu,Au+Cu,0.0,0.0,0.0,0.25,0.0,0.0,0.0,0.0,0.0,0.0,0.0,0.0,0.0,0.0,0.0,0.0,0.0,0.75,0.0,0.0,0.0,0.0,0.0,0.0,0.0,0.0,0.0,0.0,0.0,0.0,0.0,0.0,0.0,0.0,0.0,0.0,0.0,0.0,0.0,0.0,0.0,0.0,0.0,0.0,0.0,0.0,0.0,0.0,0.0,0.0,0.0,0.0,0.0,0.0,0.0,0.0,0.0,0.0,0.0,0.0,0.0,0.0,0.0,0.0,0.0,0.0,0.0,0.0,0.0,0.0,0.0,0.0,0.0,0.0,0.0,0.0,0.0,0.0
AuGa2,2,2,0.016732294869535,-16.8888888888889,0.636514168294813,5.66666666666667,3.77123616632825,0.344125300177453,2.05333333333333,647.716666666667,0.20296738384550037,IM,IM,False,False,True,False,0,,Au+Ga,Au+Ga,0.0,0.0,0.0,0.3333333333333333,0.0,0.0,0.0,0.0,0.0,0.0,0.0,0.0,0.0,0.0,0.0,0.0,0.0,0.0,0.0,0.0,0.0,0.0,0.0,0.6666666666666666,0.0,0.0,0.0,0.0,0.0,0.0,0.0,0.0,0.0,0.0,0.0,0.0,0.0,0.0,0.0,0.0,0.0,0.0,0.0,0.0,0.0,0.0,0.0,0.0,0.0,0.0,0.0,0.0,0.0,0.0,0.0,0.0,0.0,0.0,0.0,0.0,0.0,0.0,0.0,0.0,0.0,0.0,0.0,0.0,0.0,0.0,0.0,0.0,0.0,0.0,0.0,0.0,0.0,0.0
Au3In2,2,2,0.0695367967273614,-10.56,0.673011667009257,7.8,3.91918358845309,0.372322440903043,2.236,974.298,0.5162792505163069,IM,IM,False,False,True,False,0,,Au+In,Au+In,0.0,0.0,0.0,0.6,0.0,0.0,0.0,0.0,0.0,0.0,0.0,0.0,0.0,0.0,0.0,0.0,0.0,0.0,0.0,0.0,0.0,0.0,0.0,0.0,0.0,0.0,0.0,0.0,0.0,0.0,0.0,0.4,0.0,0.0,0.0,0.0,0.0,0.0,0.0,0.0,0.0,0.0,0.0,0.0,0.0,0.0,0.0,0.0,0.0,0.0,0.0,0.0,0.0,0.0,0.0,0.0,0.0,0.0,0.0,0.0,0.0,0.0,0.0,0.0,0.0,0.0,0.0,0.0,0.0,0.0,0.0,0.0,0.0,0.0,0.0,0.0,0.0,0.0
Au2Pb,2,2,0.0939960675897525,1.77777777777778,0.636514168294813,8.66666666666667,3.29983164553722,0.0989949493661166,2.47,1091.75666666667,3.250054468894685,IM,IM,False,False,True,False,0,,Au+Pb,Au+Pb,0.0,0.0,0.0,0.6666666666666666,0.0,0.0,0.0,0.0,0.0,0.0,0.0,0.0,0.0,0.0,0.0,0.0,0.0,0.0,0.0,0.0,0.0,0.0,0.0,0.0,0.0,0.0,0.0,0.0,0.0,0.0,0.0,0.0,0.0,0.0,0.0,0.0,0.0,0.0,0.0,0.0,0.0,0.0,0.0,0.0,0.0,0.0,0.0,0.0,0.0,0.0,0.3333333333333333,0.0,0.0,0.0,0.0,0.0,0.0,0.0,0.0,0.0,0.0,0.0,0.0,0.0,0.0,0.0,0.0,0.0,0.0,0.0,0.0,0.0,0.0,0.0,0.0,0.0,0.0,0.0
AuPb2,2,2,0.0881379557286349,1.77777777777778,0.636514168294813,6.33333333333333,3.29983164553722,0.0989949493661166,2.4,846.183333333333,2.519006302385017,IM,IM,False,False,True,False,0,,Au+Pb,Au+Pb,0.0,0.0,0.0,0.3333333333333333,0.0,0.0,0.0,0.0,0.0,0.0,0.0,0.0,0.0,0.0,0.0,0.0,0.0,0.0,0.0,0.0,0.0,0.0,0.0,0.0,0.0,0.0,0.0,0.0,0.0,0.0,0.0,0.0,0.0,0.0,0.0,0.0,0.0,0.0,0.0,0.0,0.0,0.0,0.0,0.0,0.0,0.0,0.0,0.0,0.0,0.0,0.6666666666666666,0.0,0.0,0.0,0.0,0.0,0.0,0.0,0.0,0.0,0.0,0.0,0.0,0.0,0.0,0.0,0.0,0.0,0.0,0.0,0.0,0.0,0.0,0.0,0.0,0.0,0.0,0.0
AuPb3,2,2,0.0797178195952203,1.5,0.562335144618808,5.75,3.03108891324554,0.0909326673973661,2.3825,784.79,2.4461980365617464,IM,IM,False,False,True,False,0,,Au+Pb,Au+Pb,0.0,0.0,0.0,0.25,0.0,0.0,0.0,0.0,0.0,0.0,0.0,0.0,0.0,0.0,0.0,0.0,0.0,0.0,0.0,0.0,0.0,0.0,0.0,0.0,0.0,0.0,0.0,0.0,0.0,0.0,0.0,0.0,0.0,0.0,0.0,0.0,0.0,0.0,0.0,0.0,0.0,0.0,0.0,0.0,0.0,0.0,0.0,0.0,0.0,0.0,0.75,0.0,0.0,0.0,0.0,0.0,0.0,0.0,0.0,0.0,0.0,0.0,0.0,0.0,0.0,0.0,0.0,0.0,0.0,0.0,0.0,0.0,0.0,0.0,0.0,0.0,0.0,0.0
AuSb2,2,2,0.0509626508963277,-3.55555555555556,0.636514168294813,7.0,2.82842712474619,0.230988215187606,2.21333333333333,1048.29666666667,1.5603391168792509,IM,IM,False,False,True,False,0,,Au+Sb,Au+Sb,0.0,0.0,0.0,0.3333333333333333,0.0,0.0,0.0,0.0,0.0,0.0,0.0,0.0,0.0,0.0,0.0,0.0,0.0,0.0,0.0,0.0,0.0,0.0,0.0,0.0,0.0,0.0,0.0,0.0,0.0,0.0,0.0,0.0,0.0,0.0,0.0,0.0,0.0,0.0,0.0,0.0,0.0,0.0,0.0,0.0,0.0,0.0,0.0,0.0,0.0,0.0,0.0,0.0,0.0,0.0,0.0,0.0,0.0,0.0,0.0,0.6666666666666666,0.0,0.0,0.0,0.0,0.0,0.0,0.0,0.0,0.0,0.0,0.0,0.0,0.0,0.0,0.0,0.0,0.0,0.0
Au9Sn,2,2,0.0365803534730786,-3.6,0.325082973391448,10.3,2.1,0.174,2.482,1254.105,0.9415855977523754,IM,IM,False,False,True,False,0,,Au+Sn,Au+Sn,0.0,0.0,0.0,0.9,0.0,0.0,0.0,0.0,0.0,0.0,0.0,0.0,0.0,0.0,0.0,0.0,0.0,0.0,0.0,0.0,0.0,0.0,0.0,0.0,0.0,0.0,0.0,0.0,0.0,0.0,0.0,0.0,0.0,0.0,0.0,0.0,0.0,0.0,0.0,0.0,0.0,0.0,0.0,0.0,0.0,0.0,0.0,0.0,0.0,0.0,0.0,0.0,0.0,0.0,0.0,0.0,0.0,0.0,0.0,0.0,0.0,0.0,0.0,0.0,0.1,0.0,0.0,0.0,0.0,0.0,0.0,0.0,0.0,0.0,0.0,0.0,0.0,0.0
AuSn,2,2,0.0581319399085565,-10.0,0.693147180559945,7.5,3.5,0.29,2.25,921.205,0.5309039207132191,IM,IM,False,False,True,False,0,,Au+Sn,Au+Sn,0.0,0.0,0.0,0.5,0.0,0.0,0.0,0.0,0.0,0.0,0.0,0.0,0.0,0.0,0.0,0.0,0.0,0.0,0.0,0.0,0.0,0.0,0.0,0.0,0.0,0.0,0.0,0.0,0.0,0.0,0.0,0.0,0.0,0.0,0.0,0.0,0.0,0.0,0.0,0.0,0.0,0.0,0.0,0.0,0.0,0.0,0.0,0.0,0.0,0.0,0.0,0.0,0.0,0.0,0.0,0.0,0.0,0.0,0.0,0.0,0.0,0.0,0.0,0.0,0.5,0.0,0.0,0.0,0.0,0.0,0.0,0.0,0.0,0.0,0.0,0.0,0.0,0.0
AuSn2,2,2,0.0537654878475889,-8.88888888888889,0.636514168294813,6.33333333333333,3.29983164553722,0.273414622058798,2.15333333333333,782.496666666667,0.4658834456509278,IM,IM,False,False,True,False,0,,Au+Sn,Au+Sn,0.0,0.0,0.0,0.3333333333333333,0.0,0.0,0.0,0.0,0.0,0.0,0.0,0.0,0.0,0.0,0.0,0.0,0.0,0.0,0.0,0.0,0.0,0.0,0.0,0.0,0.0,0.0,0.0,0.0,0.0,0.0,0.0,0.0,0.0,0.0,0.0,0.0,0.0,0.0,0.0,0.0,0.0,0.0,0.0,0.0,0.0,0.0,0.0,0.0,0.0,0.0,0.0,0.0,0.0,0.0,0.0,0.0,0.0,0.0,0.0,0.0,0.0,0.0,0.0,0.0,0.6666666666666666,0.0,0.0,0.0,0.0,0.0,0.0,0.0,0.0,0.0,0.0,0.0,0.0,0.0
AuSn4,2,2,0.0449381469325928,-6.4,0.500402423538188,5.4,2.8,0.232,2.076,671.53,0.43655506827742063,IM,IM,False,False,True,False,0,,Au+Sn,Au+Sn,0.0,0.0,0.0,0.2,0.0,0.0,0.0,0.0,0.0,0.0,0.0,0.0,0.0,0.0,0.0,0.0,0.0,0.0,0.0,0.0,0.0,0.0,0.0,0.0,0.0,0.0,0.0,0.0,0.0,0.0,0.0,0.0,0.0,0.0,0.0,0.0,0.0,0.0,0.0,0.0,0.0,0.0,0.0,0.0,0.0,0.0,0.0,0.0,0.0,0.0,0.0,0.0,0.0,0.0,0.0,0.0,0.0,0.0,0.0,0.0,0.0,0.0,0.0,0.0,0.8,0.0,0.0,0.0,0.0,0.0,0.0,0.0,0.0,0.0,0.0,0.0,0.0,0.0
B4Co,2,2,0.190244979033326,-15.36,0.500402423538188,4.2,2.4,0.0640000000000001,2.008,2232.8,0.6048005775677835,IM,IM,False,False,True,False,0,,B+Co,B+Co,0.0,0.0,0.0,0.0,0.8,0.0,0.0,0.0,0.0,0.0,0.0,0.0,0.0,0.0,0.2,0.0,0.0,0.0,0.0,0.0,0.0,0.0,0.0,0.0,0.0,0.0,0.0,0.0,0.0,0.0,0.0,0.0,0.0,0.0,0.0,0.0,0.0,0.0,0.0,0.0,0.0,0.0,0.0,0.0,0.0,0.0,0.0,0.0,0.0,0.0,0.0,0.0,0.0,0.0,0.0,0.0,0.0,0.0,0.0,0.0,0.0,0.0,0.0,0.0,0.0,0.0,0.0,0.0,0.0,0.0,0.0,0.0,0.0,0.0,0.0,0.0,0.0,0.0
BCo2,2,2,0.18348165122902,-21.3333333333333,0.636514168294813,7.0,2.82842712474619,0.0754247233265651,1.93333333333333,1961.66666666667,0.4866410644375692,IM,IM,False,False,True,False,0,,B+Co,B+Co,0.0,0.0,0.0,0.0,0.3333333333333333,0.0,0.0,0.0,0.0,0.0,0.0,0.0,0.0,0.0,0.6666666666666666,0.0,0.0,0.0,0.0,0.0,0.0,0.0,0.0,0.0,0.0,0.0,0.0,0.0,0.0,0.0,0.0,0.0,0.0,0.0,0.0,0.0,0.0,0.0,0.0,0.0,0.0,0.0,0.0,0.0,0.0,0.0,0.0,0.0,0.0,0.0,0.0,0.0,0.0,0.0,0.0,0.0,0.0,0.0,0.0,0.0,0.0,0.0,0.0,0.0,0.0,0.0,0.0,0.0,0.0,0.0,0.0,0.0,0.0,0.0,0.0,0.0,0.0,0.0
BCr2,2,2,0.18285039730502,-27.5555555555556,0.636514168294813,5.0,1.4142135623731,0.179133717900592,1.78666666666667,2236.33333333333,0.42950638655674156,IM,IM,False,False,True,False,0,,B+Cr,B+Cr,0.0,0.0,0.0,0.0,0.3333333333333333,0.0,0.0,0.0,0.0,0.0,0.0,0.0,0.0,0.0,0.0,0.6666666666666666,0.0,0.0,0.0,0.0,0.0,0.0,0.0,0.0,0.0,0.0,0.0,0.0,0.0,0.0,0.0,0.0,0.0,0.0,0.0,0.0,0.0,0.0,0.0,0.0,0.0,0.0,0.0,0.0,0.0,0.0,0.0,0.0,0.0,0.0,0.0,0.0,0.0,0.0,0.0,0.0,0.0,0.0,0.0,0.0,0.0,0.0,0.0,0.0,0.0,0.0,0.0,0.0,0.0,0.0,0.0,0.0,0.0,0.0,0.0,0.0,0.0,0.0
BNi2,2,2,0.181900657479148,-21.3333333333333,0.636514168294813,7.66666666666667,3.29983164553722,0.0612825877028342,1.95333333333333,1935.0,0.4800257228649251,IM,IM,False,False,True,False,0,,B+Ni,B+Ni,0.0,0.0,0.0,0.0,0.3333333333333333,0.0,0.0,0.0,0.0,0.0,0.0,0.0,0.0,0.0,0.0,0.0,0.0,0.0,0.0,0.0,0.0,0.0,0.0,0.0,0.0,0.0,0.0,0.0,0.0,0.0,0.0,0.0,0.0,0.0,0.0,0.0,0.0,0.0,0.0,0.0,0.0,0.0,0.0,0.0,0.0,0.6666666666666666,0.0,0.0,0.0,0.0,0.0,0.0,0.0,0.0,0.0,0.0,0.0,0.0,0.0,0.0,0.0,0.0,0.0,0.0,0.0,0.0,0.0,0.0,0.0,0.0,0.0,0.0,0.0,0.0,0.0,0.0,0.0,0.0
BNi3,2,2,0.161881010097486,-18.0,0.562335144618808,8.25,3.03108891324554,0.0562916512459886,1.9425,1883.25,0.4891757086136535,IM,IM,False,False,True,False,0,,B+Ni,B+Ni,0.0,0.0,0.0,0.0,0.25,0.0,0.0,0.0,0.0,0.0,0.0,0.0,0.0,0.0,0.0,0.0,0.0,0.0,0.0,0.0,0.0,0.0,0.0,0.0,0.0,0.0,0.0,0.0,0.0,0.0,0.0,0.0,0.0,0.0,0.0,0.0,0.0,0.0,0.0,0.0,0.0,0.0,0.0,0.0,0.0,0.75,0.0,0.0,0.0,0.0,0.0,0.0,0.0,0.0,0.0,0.0,0.0,0.0,0.0,0.0,0.0,0.0,0.0,0.0,0.0,0.0,0.0,0.0,0.0,0.0,0.0,0.0,0.0,0.0,0.0,0.0,0.0,0.0
Be3Nb,2,2,0.108320650961611,-18.75,0.562335144618808,2.75,1.29903810567666,0.0129903810567666,1.5775,1857.5,0.4631876403025976,IM,IM,False,False,True,False,0,,Be+Nb,Be+Nb,0.0,0.0,0.0,0.0,0.0,0.0,0.75,0.0,0.0,0.0,0.0,0.0,0.0,0.0,0.0,0.0,0.0,0.0,0.0,0.0,0.0,0.0,0.0,0.0,0.0,0.0,0.0,0.0,0.0,0.0,0.0,0.0,0.0,0.0,0.0,0.0,0.0,0.0,0.0,0.0,0.0,0.0,0.25,0.0,0.0,0.0,0.0,0.0,0.0,0.0,0.0,0.0,0.0,0.0,0.0,0.0,0.0,0.0,0.0,0.0,0.0,0.0,0.0,0.0,0.0,0.0,0.0,0.0,0.0,0.0,0.0,0.0,0.0,0.0,0.0,0.0,0.0,0.0
Be17Ti2,2,2,0.0881238883655353,-11.3019390581717,0.336495757583516,2.21052631578947,0.613784409983716,0.00920676614975575,1.56684210526316,1600.10526315789,0.39610413012607093,IM,IM,False,False,True,False,0,,Be+Ti,Be+Ti,0.0,0.0,0.0,0.0,0.0,0.0,0.8947368421052632,0.0,0.0,0.0,0.0,0.0,0.0,0.0,0.0,0.0,0.0,0.0,0.0,0.0,0.0,0.0,0.0,0.0,0.0,0.0,0.0,0.0,0.0,0.0,0.0,0.0,0.0,0.0,0.0,0.0,0.0,0.0,0.0,0.0,0.0,0.0,0.0,0.0,0.0,0.0,0.0,0.0,0.0,0.0,0.0,0.0,0.0,0.0,0.0,0.0,0.0,0.0,0.0,0.0,0.0,0.0,0.0,0.0,0.0,0.0,0.0,0.0,0.0,0.10526315789473684,0.0,0.0,0.0,0.0,0.0,0.0,0.0,0.0
Be2Ti,2,2,0.127043391563371,-26.6666666666667,0.636514168294813,2.66666666666667,0.942809041582063,0.014142135623731,1.56,1687.0,0.33480243699147344,IM,IM,False,False,True,False,0,,Be+Ti,Be+Ti,0.0,0.0,0.0,0.0,0.0,0.0,0.6666666666666666,0.0,0.0,0.0,0.0,0.0,0.0,0.0,0.0,0.0,0.0,0.0,0.0,0.0,0.0,0.0,0.0,0.0,0.0,0.0,0.0,0.0,0.0,0.0,0.0,0.0,0.0,0.0,0.0,0.0,0.0,0.0,0.0,0.0,0.0,0.0,0.0,0.0,0.0,0.0,0.0,0.0,0.0,0.0,0.0,0.0,0.0,0.0,0.0,0.0,0.0,0.0,0.0,0.0,0.0,0.0,0.0,0.0,0.0,0.0,0.0,0.0,0.0,0.3333333333333333,0.0,0.0,0.0,0.0,0.0,0.0,0.0,0.0
Bi2Mg3,2,2,0.0158071589120514,-9.6,0.673011667009257,3.2,1.46969384566991,0.347827543475211,1.594,771.68,0.44980345771238983,IM,IM,False,False,True,False,0,,Bi+Mg,Bi+Mg,0.0,0.0,0.0,0.0,0.0,0.0,0.0,0.4,0.0,0.0,0.0,0.0,0.0,0.0,0.0,0.0,0.0,0.0,0.0,0.0,0.0,0.0,0.0,0.0,0.0,0.0,0.0,0.0,0.0,0.0,0.0,0.0,0.0,0.0,0.0,0.0,0.0,0.6,0.0,0.0,0.0,0.0,0.0,0.0,0.0,0.0,0.0,0.0,0.0,0.0,0.0,0.0,0.0,0.0,0.0,0.0,0.0,0.0,0.0,0.0,0.0,0.0,0.0,0.0,0.0,0.0,0.0,0.0,0.0,0.0,0.0,0.0,0.0,0.0,0.0,0.0,0.0,0.0
Bi3Pb7,2,2,0.0542316650290632,0.0,0.610864302054894,4.3,0.458257569495584,0.142059846543631,2.237,583.837,,IM,IM,False,False,True,False,0,,Bi+Pb,Bi+Pb,0.0,0.0,0.0,0.0,0.0,0.0,0.0,0.3,0.0,0.0,0.0,0.0,0.0,0.0,0.0,0.0,0.0,0.0,0.0,0.0,0.0,0.0,0.0,0.0,0.0,0.0,0.0,0.0,0.0,0.0,0.0,0.0,0.0,0.0,0.0,0.0,0.0,0.0,0.0,0.0,0.0,0.0,0.0,0.0,0.0,0.0,0.0,0.0,0.0,0.0,0.7,0.0,0.0,0.0,0.0,0.0,0.0,0.0,0.0,0.0,0.0,0.0,0.0,0.0,0.0,0.0,0.0,0.0,0.0,0.0,0.0,0.0,0.0,0.0,0.0,0.0,0.0,0.0
CaCu5,2,2,0.1865617318067,-7.22222222222222,0.450561208866305,9.5,3.35410196624968,0.335410196624968,1.75,1317.30833333333,0.6832892299444141,IM,IM,False,False,True,False,0,,Ca+Cu,Ca+Cu,0.0,0.0,0.0,0.0,0.0,0.0,0.0,0.0,0.0,0.0,0.16666666666666666,0.0,0.0,0.0,0.0,0.0,0.0,0.8333333333333334,0.0,0.0,0.0,0.0,0.0,0.0,0.0,0.0,0.0,0.0,0.0,0.0,0.0,0.0,0.0,0.0,0.0,0.0,0.0,0.0,0.0,0.0,0.0,0.0,0.0,0.0,0.0,0.0,0.0,0.0,0.0,0.0,0.0,0.0,0.0,0.0,0.0,0.0,0.0,0.0,0.0,0.0,0.0,0.0,0.0,0.0,0.0,0.0,0.0,0.0,0.0,0.0,0.0,0.0,0.0,0.0,0.0,0.0,0.0,0.0
CaZn13,2,2,0.10416315901967,-5.83673469387755,0.257318640543832,11.2857142857143,2.57539376818856,0.167400594932257,1.60357142857143,722.845714285714,0.26496047318331595,IM,IM,False,False,True,False,0,,Ca+Zn,Ca+Zn,0.0,0.0,0.0,0.0,0.0,0.0,0.0,0.0,0.0,0.0,0.07142857142857142,0.0,0.0,0.0,0.0,0.0,0.0,0.0,0.0,0.0,0.0,0.0,0.0,0.0,0.0,0.0,0.0,0.0,0.0,0.0,0.0,0.0,0.0,0.0,0.0,0.0,0.0,0.0,0.0,0.0,0.0,0.0,0.0,0.0,0.0,0.0,0.0,0.0,0.0,0.0,0.0,0.0,0.0,0.0,0.0,0.0,0.0,0.0,0.0,0.0,0.0,0.0,0.0,0.0,0.0,0.0,0.0,0.0,0.0,0.0,0.0,0.0,0.0,0.0,0.0,0.0,0.9285714285714286,0.0
Cd10Cu3,2,2,0.0813977358186422,4.2603550295858,0.540204142388861,11.7692307692308,0.421325044234743,0.0884782592892961,1.73846153846154,770.423846153846,0.8122243775330118,IM,IM,False,False,True,False,0,,Cd+Cu,Cd+Cu,0.0,0.0,0.0,0.0,0.0,0.0,0.0,0.0,0.0,0.0,0.0,0.7692307692307693,0.0,0.0,0.0,0.0,0.0,0.23076923076923078,0.0,0.0,0.0,0.0,0.0,0.0,0.0,0.0,0.0,0.0,0.0,0.0,0.0,0.0,0.0,0.0,0.0,0.0,0.0,0.0,0.0,0.0,0.0,0.0,0.0,0.0,0.0,0.0,0.0,0.0,0.0,0.0,0.0,0.0,0.0,0.0,0.0,0.0,0.0,0.0,0.0,0.0,0.0,0.0,0.0,0.0,0.0,0.0,0.0,0.0,0.0,0.0,0.0,0.0,0.0,0.0,0.0,0.0,0.0,0.0
Cd3Cu4,2,2,0.102342040382024,5.87755102040816,0.682908104700472,11.4285714285714,0.494871659305394,0.103923048454133,1.81,1030.53428571429,0.9955486539721128,IM,IM,False,False,True,False,0,,Cd+Cu,Cd+Cu,0.0,0.0,0.0,0.0,0.0,0.0,0.0,0.0,0.0,0.0,0.0,0.42857142857142855,0.0,0.0,0.0,0.0,0.0,0.5714285714285714,0.0,0.0,0.0,0.0,0.0,0.0,0.0,0.0,0.0,0.0,0.0,0.0,0.0,0.0,0.0,0.0,0.0,0.0,0.0,0.0,0.0,0.0,0.0,0.0,0.0,0.0,0.0,0.0,0.0,0.0,0.0,0.0,0.0,0.0,0.0,0.0,0.0,0.0,0.0,0.0,0.0,0.0,0.0,0.0,0.0,0.0,0.0,0.0,0.0,0.0,0.0,0.0,0.0,0.0,0.0,0.0,0.0,0.0,0.0,0.0
Cd3Mg,2,2,0.00906545228386567,-4.5,0.562335144618808,9.5,4.33012701892219,0.164544826719043,1.595,676.415,0.7027973703797252,IM,IM,False,False,True,False,0,,Cd+Mg,Cd+Mg,0.0,0.0,0.0,0.0,0.0,0.0,0.0,0.0,0.0,0.0,0.0,0.75,0.0,0.0,0.0,0.0,0.0,0.0,0.0,0.0,0.0,0.0,0.0,0.0,0.0,0.0,0.0,0.0,0.0,0.0,0.0,0.0,0.0,0.0,0.0,0.0,0.0,0.25,0.0,0.0,0.0,0.0,0.0,0.0,0.0,0.0,0.0,0.0,0.0,0.0,0.0,0.0,0.0,0.0,0.0,0.0,0.0,0.0,0.0,0.0,0.0,0.0,0.0,0.0,0.0,0.0,0.0,0.0,0.0,0.0,0.0,0.0,0.0,0.0,0.0,0.0,0.0,0.0
CdMg,2,2,0.0104133796150205,-6.0,0.693147180559945,7.0,5.0,0.19,1.5,758.61,0.7286634051636265,IM,IM,False,False,True,False,0,,Cd+Mg,Cd+Mg,0.0,0.0,0.0,0.0,0.0,0.0,0.0,0.0,0.0,0.0,0.0,0.5,0.0,0.0,0.0,0.0,0.0,0.0,0.0,0.0,0.0,0.0,0.0,0.0,0.0,0.0,0.0,0.0,0.0,0.0,0.0,0.0,0.0,0.0,0.0,0.0,0.0,0.5,0.0,0.0,0.0,0.0,0.0,0.0,0.0,0.0,0.0,0.0,0.0,0.0,0.0,0.0,0.0,0.0,0.0,0.0,0.0,0.0,0.0,0.0,0.0,0.0,0.0,0.0,0.0,0.0,0.0,0.0,0.0,0.0,0.0,0.0,0.0,0.0,0.0,0.0,0.0,0.0
CdMg3,2,2,0.00897153926381612,-4.5,0.562335144618808,4.5,4.33012701892219,0.164544826719043,1.405,840.805,0.8735991114953466,IM,IM,False,False,True,False,0,,Cd+Mg,Cd+Mg,0.0,0.0,0.0,0.0,0.0,0.0,0.0,0.0,0.0,0.0,0.0,0.25,0.0,0.0,0.0,0.0,0.0,0.0,0.0,0.0,0.0,0.0,0.0,0.0,0.0,0.0,0.0,0.0,0.0,0.0,0.0,0.0,0.0,0.0,0.0,0.0,0.0,0.75,0.0,0.0,0.0,0.0,0.0,0.0,0.0,0.0,0.0,0.0,0.0,0.0,0.0,0.0,0.0,0.0,0.0,0.0,0.0,0.0,0.0,0.0,0.0,0.0,0.0,0.0,0.0,0.0,0.0,0.0,0.0,0.0,0.0,0.0,0.0,0.0,0.0,0.0,0.0,0.0
CdSn10,2,2,0.00925475226974085,0.0,0.304636097349238,4.72727272727273,2.29983829830428,0.0776195425677693,1.93545454545455,513.183636363636,,IM,IM,False,False,True,False,0,,Cd+Sn,Cd+Sn,0.0,0.0,0.0,0.0,0.0,0.0,0.0,0.0,0.0,0.0,0.0,0.09090909090909091,0.0,0.0,0.0,0.0,0.0,0.0,0.0,0.0,0.0,0.0,0.0,0.0,0.0,0.0,0.0,0.0,0.0,0.0,0.0,0.0,0.0,0.0,0.0,0.0,0.0,0.0,0.0,0.0,0.0,0.0,0.0,0.0,0.0,0.0,0.0,0.0,0.0,0.0,0.0,0.0,0.0,0.0,0.0,0.0,0.0,0.0,0.0,0.0,0.0,0.0,0.0,0.0,0.9090909090909091,0.0,0.0,0.0,0.0,0.0,0.0,0.0,0.0,0.0,0.0,0.0,0.0,0.0
Co3Sn2,2,2,0.129252354509795,0.0,0.673011667009257,7.0,2.44948974278318,0.0391918358845309,1.912,1262.832,,IM,IM,False,False,True,False,0,,Co+Sn,Co+Sn,0.0,0.0,0.0,0.0,0.0,0.0,0.0,0.0,0.0,0.0,0.0,0.0,0.0,0.0,0.6,0.0,0.0,0.0,0.0,0.0,0.0,0.0,0.0,0.0,0.0,0.0,0.0,0.0,0.0,0.0,0.0,0.0,0.0,0.0,0.0,0.0,0.0,0.0,0.0,0.0,0.0,0.0,0.0,0.0,0.0,0.0,0.0,0.0,0.0,0.0,0.0,0.0,0.0,0.0,0.0,0.0,0.0,0.0,0.0,0.0,0.0,0.0,0.0,0.0,0.4,0.0,0.0,0.0,0.0,0.0,0.0,0.0,0.0,0.0,0.0,0.0,0.0,0.0
CoTi,2,2,0.0777736822705493,-28.0,0.693147180559945,6.5,2.5,0.17,1.71,1854.5,0.3817055304747062,IM,IM,False,False,True,False,0,,Co+Ti,Co+Ti,0.0,0.0,0.0,0.0,0.0,0.0,0.0,0.0,0.0,0.0,0.0,0.0,0.0,0.0,0.5,0.0,0.0,0.0,0.0,0.0,0.0,0.0,0.0,0.0,0.0,0.0,0.0,0.0,0.0,0.0,0.0,0.0,0.0,0.0,0.0,0.0,0.0,0.0,0.0,0.0,0.0,0.0,0.0,0.0,0.0,0.0,0.0,0.0,0.0,0.0,0.0,0.0,0.0,0.0,0.0,0.0,0.0,0.0,0.0,0.0,0.0,0.0,0.0,0.0,0.0,0.0,0.0,0.0,0.0,0.5,0.0,0.0,0.0,0.0,0.0,0.0,0.0,0.0
Co2V3,2,2,0.024684780353629,-13.44,0.673011667009257,6.6,1.95959179422654,0.122474487139159,1.73,2017.0,0.8397759010080885,IM,IM,False,False,True,False,0,,Co+V,Co+V,0.0,0.0,0.0,0.0,0.0,0.0,0.0,0.0,0.0,0.0,0.0,0.0,0.0,0.0,0.4,0.0,0.0,0.0,0.0,0.0,0.0,0.0,0.0,0.0,0.0,0.0,0.0,0.0,0.0,0.0,0.0,0.0,0.0,0.0,0.0,0.0,0.0,0.0,0.0,0.0,0.0,0.0,0.0,0.0,0.0,0.0,0.0,0.0,0.0,0.0,0.0,0.0,0.0,0.0,0.0,0.0,0.0,0.0,0.0,0.0,0.0,0.0,0.0,0.0,0.0,0.0,0.0,0.0,0.0,0.0,0.0,0.0,0.6,0.0,0.0,0.0,0.0,0.0
CoZn,2,2,0.0544217687074831,-5.0,0.693147180559945,10.5,1.5,0.115,1.765,1230.34,1.4181258890481532,IM,IM,False,False,True,False,0,,Co+Zn,Co+Zn,0.0,0.0,0.0,0.0,0.0,0.0,0.0,0.0,0.0,0.0,0.0,0.0,0.0,0.0,0.5,0.0,0.0,0.0,0.0,0.0,0.0,0.0,0.0,0.0,0.0,0.0,0.0,0.0,0.0,0.0,0.0,0.0,0.0,0.0,0.0,0.0,0.0,0.0,0.0,0.0,0.0,0.0,0.0,0.0,0.0,0.0,0.0,0.0,0.0,0.0,0.0,0.0,0.0,0.0,0.0,0.0,0.0,0.0,0.0,0.0,0.0,0.0,0.0,0.0,0.0,0.0,0.0,0.0,0.0,0.0,0.0,0.0,0.0,0.0,0.0,0.0,0.5,0.0
CrFe,2,2,0.00321285140562244,-1.0,0.693147180559945,7.0,1.0,0.0850000000000001,1.745,1995.5,11.500358484628597,IM,IM,False,False,True,False,0,,Cr+Fe,Cr+Fe,0.0,0.0,0.0,0.0,0.0,0.0,0.0,0.0,0.0,0.0,0.0,0.0,0.0,0.0,0.0,0.5,0.0,0.0,0.0,0.0,0.0,0.0,0.5,0.0,0.0,0.0,0.0,0.0,0.0,0.0,0.0,0.0,0.0,0.0,0.0,0.0,0.0,0.0,0.0,0.0,0.0,0.0,0.0,0.0,0.0,0.0,0.0,0.0,0.0,0.0,0.0,0.0,0.0,0.0,0.0,0.0,0.0,0.0,0.0,0.0,0.0,0.0,0.0,0.0,0.0,0.0,0.0,0.0,0.0,0.0,0.0,0.0,0.0,0.0,0.0,0.0,0.0,0.0
Cr2Mn11,2,2,0.0273075854128526,1.0414201183432,0.429323021930616,6.84615384615385,0.36080121229411,0.0396881333523521,1.56692307692308,1620.69230769231,5.555113929745548,IM,IM,False,False,True,False,0,,Cr+Mn,Cr+Mn,0.0,0.0,0.0,0.0,0.0,0.0,0.0,0.0,0.0,0.0,0.0,0.0,0.0,0.0,0.0,0.15384615384615385,0.0,0.0,0.0,0.0,0.0,0.0,0.0,0.0,0.0,0.0,0.0,0.0,0.0,0.0,0.0,0.0,0.0,0.0,0.0,0.0,0.0,0.0,0.8461538461538461,0.0,0.0,0.0,0.0,0.0,0.0,0.0,0.0,0.0,0.0,0.0,0.0,0.0,0.0,0.0,0.0,0.0,0.0,0.0,0.0,0.0,0.0,0.0,0.0,0.0,0.0,0.0,0.0,0.0,0.0,0.0,0.0,0.0,0.0,0.0,0.0,0.0,0.0,0.0
Cr3Si,2,2,0.0339340566380842,-27.75,0.562335144618808,5.5,0.866025403784439,0.103923048454133,1.72,2056.75,0.3465356586491461,IM,IM,False,False,True,False,0,,Cr+Si,Cr+Si,0.0,0.0,0.0,0.0,0.0,0.0,0.0,0.0,0.0,0.0,0.0,0.0,0.0,0.0,0.0,0.75,0.0,0.0,0.0,0.0,0.0,0.0,0.0,0.0,0.0,0.0,0.0,0.0,0.0,0.0,0.0,0.0,0.0,0.0,0.0,0.0,0.0,0.0,0.0,0.0,0.0,0.0,0.0,0.0,0.0,0.0,0.0,0.0,0.0,0.0,0.0,0.0,0.0,0.0,0.0,0.0,0.0,0.0,0.0,0.0,0.0,0.0,0.25,0.0,0.0,0.0,0.0,0.0,0.0,0.0,0.0,0.0,0.0,0.0,0.0,0.0,0.0,0.0
CrSi2,2,2,0.0381897333299065,-32.8888888888889,0.636514168294813,4.66666666666667,0.942809041582063,0.113137084989848,1.82,1851.33333333333,0.2979049223875169,IM,IM,False,False,True,False,0,,Cr+Si,Cr+Si,0.0,0.0,0.0,0.0,0.0,0.0,0.0,0.0,0.0,0.0,0.0,0.0,0.0,0.0,0.0,0.3333333333333333,0.0,0.0,0.0,0.0,0.0,0.0,0.0,0.0,0.0,0.0,0.0,0.0,0.0,0.0,0.0,0.0,0.0,0.0,0.0,0.0,0.0,0.0,0.0,0.0,0.0,0.0,0.0,0.0,0.0,0.0,0.0,0.0,0.0,0.0,0.0,0.0,0.0,0.0,0.0,0.0,0.0,0.0,0.0,0.0,0.0,0.0,0.6666666666666666,0.0,0.0,0.0,0.0,0.0,0.0,0.0,0.0,0.0,0.0,0.0,0.0,0.0,0.0,0.0
Cu4Ce,2,2,0.157705059824132,-13.44,0.500402423538188,9.4,3.2,0.312,1.744,1299.816,0.4023798267553085,IM,IM,False,False,True,False,0,,Ce+Cu,Ce+Cu,0.0,0.0,0.0,0.0,0.0,0.0,0.0,0.0,0.0,0.0,0.0,0.0,0.2,0.0,0.0,0.0,0.0,0.8,0.0,0.0,0.0,0.0,0.0,0.0,0.0,0.0,0.0,0.0,0.0,0.0,0.0,0.0,0.0,0.0,0.0,0.0,0.0,0.0,0.0,0.0,0.0,0.0,0.0,0.0,0.0,0.0,0.0,0.0,0.0,0.0,0.0,0.0,0.0,0.0,0.0,0.0,0.0,0.0,0.0,0.0,0.0,0.0,0.0,0.0,0.0,0.0,0.0,0.0,0.0,0.0,0.0,0.0,0.0,0.0,0.0,0.0,0.0,0.0
Cu5Ce,2,2,0.148889736298525,-11.6666666666667,0.450561208866305,9.66666666666667,2.98142396999972,0.290688837074973,1.77,1309.475,0.4204732824404379,IM,IM,False,False,True,False,0,,Ce+Cu,Ce+Cu,0.0,0.0,0.0,0.0,0.0,0.0,0.0,0.0,0.0,0.0,0.0,0.0,0.16666666666666666,0.0,0.0,0.0,0.0,0.8333333333333334,0.0,0.0,0.0,0.0,0.0,0.0,0.0,0.0,0.0,0.0,0.0,0.0,0.0,0.0,0.0,0.0,0.0,0.0,0.0,0.0,0.0,0.0,0.0,0.0,0.0,0.0,0.0,0.0,0.0,0.0,0.0,0.0,0.0,0.0,0.0,0.0,0.0,0.0,0.0,0.0,0.0,0.0,0.0,0.0,0.0,0.0,0.0,0.0,0.0,0.0,0.0,0.0,0.0,0.0,0.0,0.0,0.0,0.0,0.0,0.0
CuDy,2,2,0.162516382699869,-22.0,0.693147180559945,7.0,4.0,0.34,1.56,1518.885,0.397888931844949,IM,IM,False,False,True,False,0,,Cu+Dy,Cu+Dy,0.0,0.0,0.0,0.0,0.0,0.0,0.0,0.0,0.0,0.0,0.0,0.0,0.0,0.0,0.0,0.0,0.0,0.5,0.5,0.0,0.0,0.0,0.0,0.0,0.0,0.0,0.0,0.0,0.0,0.0,0.0,0.0,0.0,0.0,0.0,0.0,0.0,0.0,0.0,0.0,0.0,0.0,0.0,0.0,0.0,0.0,0.0,0.0,0.0,0.0,0.0,0.0,0.0,0.0,0.0,0.0,0.0,0.0,0.0,0.0,0.0,0.0,0.0,0.0,0.0,0.0,0.0,0.0,0.0,0.0,0.0,0.0,0.0,0.0,0.0,0.0,0.0,0.0
CuEr,2,2,0.157547791694133,-23.0,0.693147180559945,7.0,4.0,0.33,1.57,1579.885,0.3958742794001166,IM,IM,False,False,True,False,0,,Cu+Er,Cu+Er,0.0,0.0,0.0,0.0,0.0,0.0,0.0,0.0,0.0,0.0,0.0,0.0,0.0,0.0,0.0,0.0,0.0,0.5,0.0,0.5,0.0,0.0,0.0,0.0,0.0,0.0,0.0,0.0,0.0,0.0,0.0,0.0,0.0,0.0,0.0,0.0,0.0,0.0,0.0,0.0,0.0,0.0,0.0,0.0,0.0,0.0,0.0,0.0,0.0,0.0,0.0,0.0,0.0,0.0,0.0,0.0,0.0,0.0,0.0,0.0,0.0,0.0,0.0,0.0,0.0,0.0,0.0,0.0,0.0,0.0,0.0,0.0,0.0,0.0,0.0,0.0,0.0,0.0
Cu3Ge,2,2,0.012971606363346,-8.625,0.562335144618808,9.25,3.03108891324554,0.0476313972081441,1.9275,1321.1775,0.7161953170412372,IM,IM,False,False,True,False,0,,Cu+Ge,Cu+Ge,0.0,0.0,0.0,0.0,0.0,0.0,0.0,0.0,0.0,0.0,0.0,0.0,0.0,0.0,0.0,0.0,0.0,0.75,0.0,0.0,0.0,0.0,0.0,0.0,0.0,0.25,0.0,0.0,0.0,0.0,0.0,0.0,0.0,0.0,0.0,0.0,0.0,0.0,0.0,0.0,0.0,0.0,0.0,0.0,0.0,0.0,0.0,0.0,0.0,0.0,0.0,0.0,0.0,0.0,0.0,0.0,0.0,0.0,0.0,0.0,0.0,0.0,0.0,0.0,0.0,0.0,0.0,0.0,0.0,0.0,0.0,0.0,0.0,0.0,0.0,0.0,0.0,0.0
Cu51Hf14,2,2,0.0918555463450491,-11.4915976331361,0.52100404091788,9.49230769230769,2.87762229265267,0.246653339370229,1.77076923076923,1605.08107692308,0.6050508010219642,IM,IM,False,False,True,False,0,,Cu+Hf,Cu+Hf,0.0,0.0,0.0,0.0,0.0,0.0,0.0,0.0,0.0,0.0,0.0,0.0,0.0,0.0,0.0,0.0,0.0,0.7846153846153846,0.0,0.0,0.0,0.0,0.0,0.0,0.0,0.0,0.0,0.2153846153846154,0.0,0.0,0.0,0.0,0.0,0.0,0.0,0.0,0.0,0.0,0.0,0.0,0.0,0.0,0.0,0.0,0.0,0.0,0.0,0.0,0.0,0.0,0.0,0.0,0.0,0.0,0.0,0.0,0.0,0.0,0.0,0.0,0.0,0.0,0.0,0.0,0.0,0.0,0.0,0.0,0.0,0.0,0.0,0.0,0.0,0.0,0.0,0.0,0.0,0.0
Cu11In9,2,2,0.130770365841396,9.9,0.688138813713588,7.4,3.97994974842648,0.0596992462263971,1.846,940.161,0.5433470038661379,IM,IM,False,False,True,False,0,,Cu+In,Cu+In,0.0,0.0,0.0,0.0,0.0,0.0,0.0,0.0,0.0,0.0,0.0,0.0,0.0,0.0,0.0,0.0,0.0,0.55,0.0,0.0,0.0,0.0,0.0,0.0,0.0,0.0,0.0,0.0,0.0,0.0,0.0,0.45,0.0,0.0,0.0,0.0,0.0,0.0,0.0,0.0,0.0,0.0,0.0,0.0,0.0,0.0,0.0,0.0,0.0,0.0,0.0,0.0,0.0,0.0,0.0,0.0,0.0,0.0,0.0,0.0,0.0,0.0,0.0,0.0,0.0,0.0,0.0,0.0,0.0,0.0,0.0,0.0,0.0,0.0,0.0,0.0,0.0,0.0
Cu2In,2,2,0.12783282734618,8.88888888888889,0.636514168294813,8.33333333333333,3.77123616632825,0.0565685424949238,1.86,1048.43,0.6242150308505707,IM,IM,False,False,True,False,0,,Cu+In,Cu+In,0.0,0.0,0.0,0.0,0.0,0.0,0.0,0.0,0.0,0.0,0.0,0.0,0.0,0.0,0.0,0.0,0.0,0.6666666666666666,0.0,0.0,0.0,0.0,0.0,0.0,0.0,0.0,0.0,0.0,0.0,0.0,0.0,0.3333333333333333,0.0,0.0,0.0,0.0,0.0,0.0,0.0,0.0,0.0,0.0,0.0,0.0,0.0,0.0,0.0,0.0,0.0,0.0,0.0,0.0,0.0,0.0,0.0,0.0,0.0,0.0,0.0,0.0,0.0,0.0,0.0,0.0,0.0,0.0,0.0,0.0,0.0,0.0,0.0,0.0,0.0,0.0,0.0,0.0,0.0,0.0
Cu4In,2,2,0.112538768276473,6.4,0.500402423538188,9.4,3.2,0.048,1.876,1172.166,0.762013622864907,IM,IM,False,False,True,False,0,,Cu+In,Cu+In,0.0,0.0,0.0,0.0,0.0,0.0,0.0,0.0,0.0,0.0,0.0,0.0,0.0,0.0,0.0,0.0,0.0,0.8,0.0,0.0,0.0,0.0,0.0,0.0,0.0,0.0,0.0,0.0,0.0,0.0,0.0,0.2,0.0,0.0,0.0,0.0,0.0,0.0,0.0,0.0,0.0,0.0,0.0,0.0,0.0,0.0,0.0,0.0,0.0,0.0,0.0,0.0,0.0,0.0,0.0,0.0,0.0,0.0,0.0,0.0,0.0,0.0,0.0,0.0,0.0,0.0,0.0,0.0,0.0,0.0,0.0,0.0,0.0,0.0,0.0,0.0,0.0,0.0
Cu9In4,2,2,0.126033741316573,8.5207100591716,0.617241769730342,8.53846153846154,3.69230769230769,0.0553846153846153,1.86307692307692,1072.22538461538,0.6458026014958136,IM,IM,False,False,True,False,0,,Cu+In,Cu+In,0.0,0.0,0.0,0.0,0.0,0.0,0.0,0.0,0.0,0.0,0.0,0.0,0.0,0.0,0.0,0.0,0.0,0.6923076923076923,0.0,0.0,0.0,0.0,0.0,0.0,0.0,0.0,0.0,0.0,0.0,0.0,0.0,0.3076923076923077,0.0,0.0,0.0,0.0,0.0,0.0,0.0,0.0,0.0,0.0,0.0,0.0,0.0,0.0,0.0,0.0,0.0,0.0,0.0,0.0,0.0,0.0,0.0,0.0,0.0,0.0,0.0,0.0,0.0,0.0,0.0,0.0,0.0,0.0,0.0,0.0,0.0,0.0,0.0,0.0,0.0,0.0,0.0,0.0,0.0,0.0
Cu2Mg,2,2,0.109884768016962,-2.66666666666667,0.636514168294813,8.0,4.24264068711929,0.278128667266709,1.70333333333333,1212.84666666667,2.4070184925725333,IM,IM,False,False,True,False,0,,Cu+Mg,Cu+Mg,0.0,0.0,0.0,0.0,0.0,0.0,0.0,0.0,0.0,0.0,0.0,0.0,0.0,0.0,0.0,0.0,0.0,0.6666666666666666,0.0,0.0,0.0,0.0,0.0,0.0,0.0,0.0,0.0,0.0,0.0,0.0,0.0,0.0,0.0,0.0,0.0,0.0,0.0,0.3333333333333333,0.0,0.0,0.0,0.0,0.0,0.0,0.0,0.0,0.0,0.0,0.0,0.0,0.0,0.0,0.0,0.0,0.0,0.0,0.0,0.0,0.0,0.0,0.0,0.0,0.0,0.0,0.0,0.0,0.0,0.0,0.0,0.0,0.0,0.0,0.0,0.0,0.0,0.0,0.0,0.0
CuMg2,2,2,0.101962272465739,-2.66666666666667,0.636514168294813,5.0,4.24264068711929,0.278128667266709,1.50666666666667,1067.92333333333,2.1194032870187107,IM,IM,False,False,True,False,0,,Cu+Mg,Cu+Mg,0.0,0.0,0.0,0.0,0.0,0.0,0.0,0.0,0.0,0.0,0.0,0.0,0.0,0.0,0.0,0.0,0.0,0.3333333333333333,0.0,0.0,0.0,0.0,0.0,0.0,0.0,0.0,0.0,0.0,0.0,0.0,0.0,0.0,0.0,0.0,0.0,0.0,0.0,0.6666666666666666,0.0,0.0,0.0,0.0,0.0,0.0,0.0,0.0,0.0,0.0,0.0,0.0,0.0,0.0,0.0,0.0,0.0,0.0,0.0,0.0,0.0,0.0,0.0,0.0,0.0,0.0,0.0,0.0,0.0,0.0,0.0,0.0,0.0,0.0,0.0,0.0,0.0,0.0,0.0,0.0
Cu2Sb,2,2,0.112702569060938,6.22222222222222,0.636514168294813,9.0,2.82842712474619,0.0707106781186547,1.95,1206.44,1.02613020260139,IM,IM,False,False,True,False,0,,Cu+Sb,Cu+Sb,0.0,0.0,0.0,0.0,0.0,0.0,0.0,0.0,0.0,0.0,0.0,0.0,0.0,0.0,0.0,0.0,0.0,0.6666666666666666,0.0,0.0,0.0,0.0,0.0,0.0,0.0,0.0,0.0,0.0,0.0,0.0,0.0,0.0,0.0,0.0,0.0,0.0,0.0,0.0,0.0,0.0,0.0,0.0,0.0,0.0,0.0,0.0,0.0,0.0,0.0,0.0,0.0,0.0,0.0,0.0,0.0,0.0,0.0,0.0,0.0,0.3333333333333333,0.0,0.0,0.0,0.0,0.0,0.0,0.0,0.0,0.0,0.0,0.0,0.0,0.0,0.0,0.0,0.0,0.0,0.0
Cu3Sb,2,2,0.105628374010446,5.25,0.562335144618808,9.5,2.59807621135332,0.0649519052838329,1.9375,1244.2725,1.108116983596258,IM,IM,False,False,True,False,0,,Cu+Sb,Cu+Sb,0.0,0.0,0.0,0.0,0.0,0.0,0.0,0.0,0.0,0.0,0.0,0.0,0.0,0.0,0.0,0.0,0.0,0.75,0.0,0.0,0.0,0.0,0.0,0.0,0.0,0.0,0.0,0.0,0.0,0.0,0.0,0.0,0.0,0.0,0.0,0.0,0.0,0.0,0.0,0.0,0.0,0.0,0.0,0.0,0.0,0.0,0.0,0.0,0.0,0.0,0.0,0.0,0.0,0.0,0.0,0.0,0.0,0.0,0.0,0.25,0.0,0.0,0.0,0.0,0.0,0.0,0.0,0.0,0.0,0.0,0.0,0.0,0.0,0.0,0.0,0.0,0.0,0.0
Cu0.76Si0.24,2,2,0.0427767558174331,-13.8624,0.551079928086973,9.32,2.98958191056877,0.0,1.9,1436.7852,0.47490003066027253,IM,IM,False,False,True,False,0,,Cu+Si,Cu+Si,0.0,0.0,0.0,0.0,0.0,0.0,0.0,0.0,0.0,0.0,0.0,0.0,0.0,0.0,0.0,0.0,0.0,0.76,0.0,0.0,0.0,0.0,0.0,0.0,0.0,0.0,0.0,0.0,0.0,0.0,0.0,0.0,0.0,0.0,0.0,0.0,0.0,0.0,0.0,0.0,0.0,0.0,0.0,0.0,0.0,0.0,0.0,0.0,0.0,0.0,0.0,0.0,0.0,0.0,0.0,0.0,0.0,0.0,0.0,0.0,0.0,0.0,0.24,0.0,0.0,0.0,0.0,0.0,0.0,0.0,0.0,0.0,0.0,0.0,0.0,0.0,0.0,0.0
Cu10Sn3,2,2,0.106191108087736,4.97041420118343,0.540204142388861,9.38461538461539,2.9492753096432,0.0252795026540846,1.91384615384615,1160.99538461538,1.0491316935983483,IM,IM,False,False,True,False,0,,Cu+Sn,Cu+Sn,0.0,0.0,0.0,0.0,0.0,0.0,0.0,0.0,0.0,0.0,0.0,0.0,0.0,0.0,0.0,0.0,0.0,0.7692307692307693,0.0,0.0,0.0,0.0,0.0,0.0,0.0,0.0,0.0,0.0,0.0,0.0,0.0,0.0,0.0,0.0,0.0,0.0,0.0,0.0,0.0,0.0,0.0,0.0,0.0,0.0,0.0,0.0,0.0,0.0,0.0,0.0,0.0,0.0,0.0,0.0,0.0,0.0,0.0,0.0,0.0,0.0,0.0,0.0,0.0,0.0,0.23076923076923078,0.0,0.0,0.0,0.0,0.0,0.0,0.0,0.0,0.0,0.0,0.0,0.0,0.0
Cu17Sn3,2,2,0.091866716413212,3.57,0.422709087805991,9.95,2.49949994999,0.0214242852856286,1.909,1229.8665,1.2107808008216732,IM,IM,False,False,True,False,0,,Cu+Sn,Cu+Sn,0.0,0.0,0.0,0.0,0.0,0.0,0.0,0.0,0.0,0.0,0.0,0.0,0.0,0.0,0.0,0.0,0.0,0.85,0.0,0.0,0.0,0.0,0.0,0.0,0.0,0.0,0.0,0.0,0.0,0.0,0.0,0.0,0.0,0.0,0.0,0.0,0.0,0.0,0.0,0.0,0.0,0.0,0.0,0.0,0.0,0.0,0.0,0.0,0.0,0.0,0.0,0.0,0.0,0.0,0.0,0.0,0.0,0.0,0.0,0.0,0.0,0.0,0.0,0.0,0.15,0.0,0.0,0.0,0.0,0.0,0.0,0.0,0.0,0.0,0.0,0.0,0.0,0.0
Cu2Ti,2,2,0.0647623931002114,-8.0,0.636514168294813,8.66666666666667,3.29983164553722,0.169705627484771,1.78,1552.18,1.026820088222537,IM,IM,False,False,True,False,0,,Cu+Ti,Cu+Ti,0.0,0.0,0.0,0.0,0.0,0.0,0.0,0.0,0.0,0.0,0.0,0.0,0.0,0.0,0.0,0.0,0.0,0.6666666666666666,0.0,0.0,0.0,0.0,0.0,0.0,0.0,0.0,0.0,0.0,0.0,0.0,0.0,0.0,0.0,0.0,0.0,0.0,0.0,0.0,0.0,0.0,0.0,0.0,0.0,0.0,0.0,0.0,0.0,0.0,0.0,0.0,0.0,0.0,0.0,0.0,0.0,0.0,0.0,0.0,0.0,0.0,0.0,0.0,0.0,0.0,0.0,0.0,0.0,0.0,0.0,0.3333333333333333,0.0,0.0,0.0,0.0,0.0,0.0,0.0,0.0
Cu3Ti2,2,2,0.0666922333045435,-8.64,0.673011667009257,8.2,3.42928563989645,0.176363261480389,1.756,1591.062,1.0304576292919205,IM,IM,False,False,True,False,0,,Cu+Ti,Cu+Ti,0.0,0.0,0.0,0.0,0.0,0.0,0.0,0.0,0.0,0.0,0.0,0.0,0.0,0.0,0.0,0.0,0.0,0.6,0.0,0.0,0.0,0.0,0.0,0.0,0.0,0.0,0.0,0.0,0.0,0.0,0.0,0.0,0.0,0.0,0.0,0.0,0.0,0.0,0.0,0.0,0.0,0.0,0.0,0.0,0.0,0.0,0.0,0.0,0.0,0.0,0.0,0.0,0.0,0.0,0.0,0.0,0.0,0.0,0.0,0.0,0.0,0.0,0.0,0.0,0.0,0.0,0.0,0.0,0.0,0.4,0.0,0.0,0.0,0.0,0.0,0.0,0.0,0.0
Cu4Ti3,2,2,0.0671083067156608,-8.81632653061224,0.682908104700472,8.0,3.46410161513775,0.178153797349942,1.74571428571429,1607.72571428571,1.0354299984653728,IM,IM,False,False,True,False,0,,Cu+Ti,Cu+Ti,0.0,0.0,0.0,0.0,0.0,0.0,0.0,0.0,0.0,0.0,0.0,0.0,0.0,0.0,0.0,0.0,0.0,0.5714285714285714,0.0,0.0,0.0,0.0,0.0,0.0,0.0,0.0,0.0,0.0,0.0,0.0,0.0,0.0,0.0,0.0,0.0,0.0,0.0,0.0,0.0,0.0,0.0,0.0,0.0,0.0,0.0,0.0,0.0,0.0,0.0,0.0,0.0,0.0,0.0,0.0,0.0,0.0,0.0,0.0,0.0,0.0,0.0,0.0,0.0,0.0,0.0,0.0,0.0,0.0,0.0,0.42857142857142855,0.0,0.0,0.0,0.0,0.0,0.0,0.0,0.0
Cu51Zr14,2,2,0.0991126796430815,-15.5474556213018,0.52100404091788,9.49230769230769,2.87762229265267,0.234320672401717,1.77723076923077,1523.66569230769,0.424527315835608,IM,IM,False,False,True,False,0,,Cu+Zr,Cu+Zr,0.0,0.0,0.0,0.0,0.0,0.0,0.0,0.0,0.0,0.0,0.0,0.0,0.0,0.0,0.0,0.0,0.0,0.7846153846153846,0.0,0.0,0.0,0.0,0.0,0.0,0.0,0.0,0.0,0.0,0.0,0.0,0.0,0.0,0.0,0.0,0.0,0.0,0.0,0.0,0.0,0.0,0.0,0.0,0.0,0.0,0.0,0.0,0.0,0.0,0.0,0.0,0.0,0.0,0.0,0.0,0.0,0.0,0.0,0.0,0.0,0.0,0.0,0.0,0.0,0.0,0.0,0.0,0.0,0.0,0.0,0.0,0.0,0.0,0.0,0.0,0.0,0.0,0.0,0.2153846153846154
CuZr,2,2,0.112808052759458,-23.0,0.693147180559945,7.5,3.5,0.285,1.615,1742.885,0.4367174468092755,AM,AM,False,False,False,False,0,,Cu+Zr,Cu+Zr,0.0,0.0,0.0,0.0,0.0,0.0,0.0,0.0,0.0,0.0,0.0,0.0,0.0,0.0,0.0,0.0,0.0,0.5,0.0,0.0,0.0,0.0,0.0,0.0,0.0,0.0,0.0,0.0,0.0,0.0,0.0,0.0,0.0,0.0,0.0,0.0,0.0,0.0,0.0,0.0,0.0,0.0,0.0,0.0,0.0,0.0,0.0,0.0,0.0,0.0,0.0,0.0,0.0,0.0,0.0,0.0,0.0,0.0,0.0,0.0,0.0,0.0,0.0,0.0,0.0,0.0,0.0,0.0,0.0,0.0,0.0,0.0,0.0,0.0,0.0,0.0,0.0,0.5
Dy4Sb3,2,2,0.0476364803691591,-65.6326530612245,0.682908104700472,3.85714285714286,0.989743318610787,0.410743477223477,1.57571428571429,1347.33428571429,0.11656062121939847,IM,IM,False,False,True,False,0,,Dy+Sb,Dy+Sb,0.0,0.0,0.0,0.0,0.0,0.0,0.0,0.0,0.0,0.0,0.0,0.0,0.0,0.0,0.0,0.0,0.0,0.0,0.5714285714285714,0.0,0.0,0.0,0.0,0.0,0.0,0.0,0.0,0.0,0.0,0.0,0.0,0.0,0.0,0.0,0.0,0.0,0.0,0.0,0.0,0.0,0.0,0.0,0.0,0.0,0.0,0.0,0.0,0.0,0.0,0.0,0.0,0.0,0.0,0.0,0.0,0.0,0.0,0.0,0.0,0.42857142857142855,0.0,0.0,0.0,0.0,0.0,0.0,0.0,0.0,0.0,0.0,0.0,0.0,0.0,0.0,0.0,0.0,0.0,0.0
Dy5Sb3,2,2,0.0463627203487603,-62.8125,0.661563238157982,3.75,0.968245836551854,0.401822022169019,1.53125,1388.9175,0.12162865946466607,IM,IM,False,False,True,False,0,,Dy+Sb,Dy+Sb,0.0,0.0,0.0,0.0,0.0,0.0,0.0,0.0,0.0,0.0,0.0,0.0,0.0,0.0,0.0,0.0,0.0,0.0,0.625,0.0,0.0,0.0,0.0,0.0,0.0,0.0,0.0,0.0,0.0,0.0,0.0,0.0,0.0,0.0,0.0,0.0,0.0,0.0,0.0,0.0,0.0,0.0,0.0,0.0,0.0,0.0,0.0,0.0,0.0,0.0,0.0,0.0,0.0,0.0,0.0,0.0,0.0,0.0,0.0,0.375,0.0,0.0,0.0,0.0,0.0,0.0,0.0,0.0,0.0,0.0,0.0,0.0,0.0,0.0,0.0,0.0,0.0,0.0
Fe2Si,2,2,0.0342368070120585,-31.1111111111111,0.636514168294813,6.66666666666667,1.88561808316413,0.0329983164553721,1.85333333333333,1769.66666666667,0.30103584350711127,IM,IM,False,False,True,False,0,,Fe+Si,Fe+Si,0.0,0.0,0.0,0.0,0.0,0.0,0.0,0.0,0.0,0.0,0.0,0.0,0.0,0.0,0.0,0.0,0.0,0.0,0.0,0.0,0.0,0.0,0.6666666666666666,0.0,0.0,0.0,0.0,0.0,0.0,0.0,0.0,0.0,0.0,0.0,0.0,0.0,0.0,0.0,0.0,0.0,0.0,0.0,0.0,0.0,0.0,0.0,0.0,0.0,0.0,0.0,0.0,0.0,0.0,0.0,0.0,0.0,0.0,0.0,0.0,0.0,0.0,0.0,0.3333333333333333,0.0,0.0,0.0,0.0,0.0,0.0,0.0,0.0,0.0,0.0,0.0,0.0,0.0,0.0,0.0
FeSi2,2,2,0.0367585630743525,-35.0,0.693147180559945,6.0,2.0,0.0349999999999999,1.865,1749.0,0.2879926547534154,IM,IM,False,False,True,False,0,,Fe+Si,Fe+Si,0.0,0.0,0.0,0.0,0.0,0.0,0.0,0.0,0.0,0.0,0.0,0.0,0.0,0.0,0.0,0.0,0.0,0.0,0.0,0.0,0.0,0.0,0.5,0.0,0.0,0.0,0.0,0.0,0.0,0.0,0.0,0.0,0.0,0.0,0.0,0.0,0.0,0.0,0.0,0.0,0.0,0.0,0.0,0.0,0.0,0.0,0.0,0.0,0.0,0.0,0.0,0.0,0.0,0.0,0.0,0.0,0.0,0.0,0.0,0.0,0.0,0.0,0.5,0.0,0.0,0.0,0.0,0.0,0.0,0.0,0.0,0.0,0.0,0.0,0.0,0.0,0.0,0.0
Fe3W2,2,2,0.0477986228264954,0.0,0.673011667009257,7.2,0.979795897113271,0.259645912735017,2.042,2564.6,,IM,IM,False,False,True,False,0,,Fe+W,Fe+W,0.0,0.0,0.0,0.0,0.0,0.0,0.0,0.0,0.0,0.0,0.0,0.0,0.0,0.0,0.0,0.0,0.0,0.0,0.0,0.0,0.0,0.0,0.6,0.0,0.0,0.0,0.0,0.0,0.0,0.0,0.0,0.0,0.0,0.0,0.0,0.0,0.0,0.0,0.0,0.0,0.0,0.0,0.0,0.0,0.0,0.0,0.0,0.0,0.0,0.0,0.0,0.0,0.0,0.0,0.0,0.0,0.0,0.0,0.0,0.0,0.0,0.0,0.0,0.0,0.0,0.0,0.0,0.0,0.0,0.0,0.0,0.0,0.0,0.4,0.0,0.0,0.0,0.0
HfB2,2,2,0.333118048563955,-58.6666666666667,0.636514168294813,3.33333333333333,0.471404520791032,0.348839345385363,1.79333333333333,2401.33333333333,0.21662236676964422,IM,IM,False,False,True,False,0,,B+Hf,B+Hf,0.0,0.0,0.0,0.0,0.6666666666666666,0.0,0.0,0.0,0.0,0.0,0.0,0.0,0.0,0.0,0.0,0.0,0.0,0.0,0.0,0.0,0.0,0.0,0.0,0.0,0.0,0.0,0.0,0.3333333333333333,0.0,0.0,0.0,0.0,0.0,0.0,0.0,0.0,0.0,0.0,0.0,0.0,0.0,0.0,0.0,0.0,0.0,0.0,0.0,0.0,0.0,0.0,0.0,0.0,0.0,0.0,0.0,0.0,0.0,0.0,0.0,0.0,0.0,0.0,0.0,0.0,0.0,0.0,0.0,0.0,0.0,0.0,0.0,0.0,0.0,0.0,0.0,0.0,0.0,0.0
HfW2,2,2,0.0692020087339339,-5.33333333333333,0.636514168294813,5.33333333333333,0.942809041582063,0.499688792038494,2.00666666666667,3298.66666666667,3.2732710101438753,IM,IM,False,False,True,False,0,,Hf+W,Hf+W,0.0,0.0,0.0,0.0,0.0,0.0,0.0,0.0,0.0,0.0,0.0,0.0,0.0,0.0,0.0,0.0,0.0,0.0,0.0,0.0,0.0,0.0,0.0,0.0,0.0,0.0,0.0,0.3333333333333333,0.0,0.0,0.0,0.0,0.0,0.0,0.0,0.0,0.0,0.0,0.0,0.0,0.0,0.0,0.0,0.0,0.0,0.0,0.0,0.0,0.0,0.0,0.0,0.0,0.0,0.0,0.0,0.0,0.0,0.0,0.0,0.0,0.0,0.0,0.0,0.0,0.0,0.0,0.0,0.0,0.0,0.0,0.0,0.0,0.0,0.6666666666666666,0.0,0.0,0.0,0.0
MgCu,2,2,0.112191733240709,-3.0,0.693147180559945,6.5,4.5,0.295,1.605,1140.385,2.190735205962279,AM,AM,False,False,False,False,0,,Cu+Mg,Cu+Mg,0.0,0.0,0.0,0.0,0.0,0.0,0.0,0.0,0.0,0.0,0.0,0.0,0.0,0.0,0.0,0.0,0.0,0.5,0.0,0.0,0.0,0.0,0.0,0.0,0.0,0.0,0.0,0.0,0.0,0.0,0.0,0.0,0.0,0.0,0.0,0.0,0.0,0.5,0.0,0.0,0.0,0.0,0.0,0.0,0.0,0.0,0.0,0.0,0.0,0.0,0.0,0.0,0.0,0.0,0.0,0.0,0.0,0.0,0.0,0.0,0.0,0.0,0.0,0.0,0.0,0.0,0.0,0.0,0.0,0.0,0.0,0.0,0.0,0.0,0.0,0.0,0.0,0.0
Mg2Ni,2,2,0.112870012284723,-3.55555555555556,0.636514168294813,4.66666666666667,3.77123616632825,0.282842712474619,1.51,1191.33333333333,1.7732423085470106,IM,IM,False,False,True,False,0,,Mg+Ni,Mg+Ni,0.0,0.0,0.0,0.0,0.0,0.0,0.0,0.0,0.0,0.0,0.0,0.0,0.0,0.0,0.0,0.0,0.0,0.0,0.0,0.0,0.0,0.0,0.0,0.0,0.0,0.0,0.0,0.0,0.0,0.0,0.0,0.0,0.0,0.0,0.0,0.0,0.0,0.6666666666666666,0.0,0.0,0.0,0.0,0.0,0.0,0.0,0.3333333333333333,0.0,0.0,0.0,0.0,0.0,0.0,0.0,0.0,0.0,0.0,0.0,0.0,0.0,0.0,0.0,0.0,0.0,0.0,0.0,0.0,0.0,0.0,0.0,0.0,0.0,0.0,0.0,0.0,0.0,0.0,0.0,0.0
Mg50Ni50,2,2,0.124692658939234,-4.0,0.693147180559945,6.0,4.0,0.3,1.61,1325.5,1.9097626122995748,AM,AM,False,False,False,False,0,,Mg+Ni,Mg+Ni,0.0,0.0,0.0,0.0,0.0,0.0,0.0,0.0,0.0,0.0,0.0,0.0,0.0,0.0,0.0,0.0,0.0,0.0,0.0,0.0,0.0,0.0,0.0,0.0,0.0,0.0,0.0,0.0,0.0,0.0,0.0,0.0,0.0,0.0,0.0,0.0,0.0,0.5,0.0,0.0,0.0,0.0,0.0,0.0,0.0,0.5,0.0,0.0,0.0,0.0,0.0,0.0,0.0,0.0,0.0,0.0,0.0,0.0,0.0,0.0,0.0,0.0,0.0,0.0,0.0,0.0,0.0,0.0,0.0,0.0,0.0,0.0,0.0,0.0,0.0,0.0,0.0,0.0
MgNi2,2,2,0.122659617552516,-3.55555555555556,0.636514168294813,7.33333333333333,3.77123616632825,0.282842712474619,1.71,1459.66666666667,2.172643555995355,IM,IM,False,False,True,False,0,,Mg+Ni,Mg+Ni,0.0,0.0,0.0,0.0,0.0,0.0,0.0,0.0,0.0,0.0,0.0,0.0,0.0,0.0,0.0,0.0,0.0,0.0,0.0,0.0,0.0,0.0,0.0,0.0,0.0,0.0,0.0,0.0,0.0,0.0,0.0,0.0,0.0,0.0,0.0,0.0,0.0,0.3333333333333333,0.0,0.0,0.0,0.0,0.0,0.0,0.0,0.6666666666666666,0.0,0.0,0.0,0.0,0.0,0.0,0.0,0.0,0.0,0.0,0.0,0.0,0.0,0.0,0.0,0.0,0.0,0.0,0.0,0.0,0.0,0.0,0.0,0.0,0.0,0.0,0.0,0.0,0.0,0.0,0.0,0.0
Mg6Pd,2,2,0.0504129570958017,-19.5918367346939,0.410116318288409,3.14285714285714,2.79941684889506,0.311435124439576,1.43714285714286,1052.29285714286,0.18314822097241687,IM,IM,False,False,True,False,0,,Mg+Pd,Mg+Pd,0.0,0.0,0.0,0.0,0.0,0.0,0.0,0.0,0.0,0.0,0.0,0.0,0.0,0.0,0.0,0.0,0.0,0.0,0.0,0.0,0.0,0.0,0.0,0.0,0.0,0.0,0.0,0.0,0.0,0.0,0.0,0.0,0.0,0.0,0.0,0.0,0.0,0.8571428571428571,0.0,0.0,0.0,0.0,0.0,0.0,0.0,0.0,0.0,0.0,0.0,0.0,0.0,0.14285714285714285,0.0,0.0,0.0,0.0,0.0,0.0,0.0,0.0,0.0,0.0,0.0,0.0,0.0,0.0,0.0,0.0,0.0,0.0,0.0,0.0,0.0,0.0,0.0,0.0,0.0,0.0
Mg2Sm1,2,2,0.058972592684752,-5.33333333333333,0.636514168294813,2.33333333333333,0.471404520791032,0.0659966329107445,1.26333333333333,1063.66666666667,1.055477747915231,IM,IM,False,False,True,False,0,,Mg+Sm,Mg+Sm,0.0,0.0,0.0,0.0,0.0,0.0,0.0,0.0,0.0,0.0,0.0,0.0,0.0,0.0,0.0,0.0,0.0,0.0,0.0,0.0,0.0,0.0,0.0,0.0,0.0,0.0,0.0,0.0,0.0,0.0,0.0,0.0,0.0,0.0,0.0,0.0,0.0,0.6666666666666666,0.0,0.0,0.0,0.0,0.0,0.0,0.0,0.0,0.0,0.0,0.0,0.0,0.0,0.0,0.0,0.0,0.0,0.0,0.0,0.0,0.0,0.0,0.0,0.0,0.0,0.3333333333333333,0.0,0.0,0.0,0.0,0.0,0.0,0.0,0.0,0.0,0.0,0.0,0.0,0.0,0.0
Mg3Sm1,2,2,0.0547404534676993,-4.5,0.562335144618808,2.25,0.433012701892219,0.0606217782649108,1.275,1028.5,1.0686148229053871,IM,IM,False,False,True,False,0,,Mg+Sm,Mg+Sm,0.0,0.0,0.0,0.0,0.0,0.0,0.0,0.0,0.0,0.0,0.0,0.0,0.0,0.0,0.0,0.0,0.0,0.0,0.0,0.0,0.0,0.0,0.0,0.0,0.0,0.0,0.0,0.0,0.0,0.0,0.0,0.0,0.0,0.0,0.0,0.0,0.0,0.75,0.0,0.0,0.0,0.0,0.0,0.0,0.0,0.0,0.0,0.0,0.0,0.0,0.0,0.0,0.0,0.0,0.0,0.0,0.0,0.0,0.0,0.0,0.0,0.0,0.0,0.25,0.0,0.0,0.0,0.0,0.0,0.0,0.0,0.0,0.0,0.0,0.0,0.0,0.0,0.0
Mg17Sr2,2,2,0.101927429144372,-1.50692520775623,0.336495757583516,2.0,0.0,0.110481193797069,1.27210526315789,936.368421052632,1.738476558879252,IM,IM,False,False,True,False,0,,Mg+Sr,Mg+Sr,0.0,0.0,0.0,0.0,0.0,0.0,0.0,0.0,0.0,0.0,0.0,0.0,0.0,0.0,0.0,0.0,0.0,0.0,0.0,0.0,0.0,0.0,0.0,0.0,0.0,0.0,0.0,0.0,0.0,0.0,0.0,0.0,0.0,0.0,0.0,0.0,0.0,0.8947368421052632,0.0,0.0,0.0,0.0,0.0,0.0,0.0,0.0,0.0,0.0,0.0,0.0,0.0,0.0,0.0,0.0,0.0,0.0,0.0,0.0,0.0,0.0,0.0,0.0,0.0,0.0,0.0,0.10526315789473684,0.0,0.0,0.0,0.0,0.0,0.0,0.0,0.0,0.0,0.0,0.0,0.0
MgZn2,2,2,0.0663466166815891,-3.55555555555556,0.636514168294813,8.66666666666667,4.71404520791032,0.160277537068951,1.53666666666667,769.453333333333,1.1452942404470026,IM,IM,False,False,True,False,0,,Mg+Zn,Mg+Zn,0.0,0.0,0.0,0.0,0.0,0.0,0.0,0.0,0.0,0.0,0.0,0.0,0.0,0.0,0.0,0.0,0.0,0.0,0.0,0.0,0.0,0.0,0.0,0.0,0.0,0.0,0.0,0.0,0.0,0.0,0.0,0.0,0.0,0.0,0.0,0.0,0.0,0.3333333333333333,0.0,0.0,0.0,0.0,0.0,0.0,0.0,0.0,0.0,0.0,0.0,0.0,0.0,0.0,0.0,0.0,0.0,0.0,0.0,0.0,0.0,0.0,0.0,0.0,0.0,0.0,0.0,0.0,0.0,0.0,0.0,0.0,0.0,0.0,0.0,0.0,0.0,0.0,0.6666666666666666,0.0
Mo3Si,2,2,0.0693877660414849,-26.25,0.562335144618808,5.5,0.866025403784439,0.112583302491977,2.095,2593.75,0.461985365135498,IM,IM,False,False,True,False,0,,Mo+Si,Mo+Si,0.0,0.0,0.0,0.0,0.0,0.0,0.0,0.0,0.0,0.0,0.0,0.0,0.0,0.0,0.0,0.0,0.0,0.0,0.0,0.0,0.0,0.0,0.0,0.0,0.0,0.0,0.0,0.0,0.0,0.0,0.0,0.0,0.0,0.0,0.0,0.0,0.0,0.0,0.0,0.75,0.0,0.0,0.0,0.0,0.0,0.0,0.0,0.0,0.0,0.0,0.0,0.0,0.0,0.0,0.0,0.0,0.0,0.0,0.0,0.0,0.0,0.0,0.25,0.0,0.0,0.0,0.0,0.0,0.0,0.0,0.0,0.0,0.0,0.0,0.0,0.0,0.0,0.0
Mo5Si3,2,2,0.0791635684936303,-32.8125,0.661563238157982,5.25,0.968245836551854,0.125871958751741,2.0625,2442.625,0.4094708842321336,IM,IM,False,False,True,False,0,,Mo+Si,Mo+Si,0.0,0.0,0.0,0.0,0.0,0.0,0.0,0.0,0.0,0.0,0.0,0.0,0.0,0.0,0.0,0.0,0.0,0.0,0.0,0.0,0.0,0.0,0.0,0.0,0.0,0.0,0.0,0.0,0.0,0.0,0.0,0.0,0.0,0.0,0.0,0.0,0.0,0.0,0.0,0.625,0.0,0.0,0.0,0.0,0.0,0.0,0.0,0.0,0.0,0.0,0.0,0.0,0.0,0.0,0.0,0.0,0.0,0.0,0.0,0.0,0.0,0.0,0.375,0.0,0.0,0.0,0.0,0.0,0.0,0.0,0.0,0.0,0.0,0.0,0.0,0.0,0.0,0.0
MoSi2,2,2,0.0809443576174298,-31.1111111111111,0.636514168294813,4.66666666666667,0.942809041582063,0.122565175405668,1.98666666666667,2090.0,0.3555273570897691,IM,IM,False,False,True,False,0,,Mo+Si,Mo+Si,0.0,0.0,0.0,0.0,0.0,0.0,0.0,0.0,0.0,0.0,0.0,0.0,0.0,0.0,0.0,0.0,0.0,0.0,0.0,0.0,0.0,0.0,0.0,0.0,0.0,0.0,0.0,0.0,0.0,0.0,0.0,0.0,0.0,0.0,0.0,0.0,0.0,0.0,0.0,0.3333333333333333,0.0,0.0,0.0,0.0,0.0,0.0,0.0,0.0,0.0,0.0,0.0,0.0,0.0,0.0,0.0,0.0,0.0,0.0,0.0,0.0,0.0,0.0,0.6666666666666666,0.0,0.0,0.0,0.0,0.0,0.0,0.0,0.0,0.0,0.0,0.0,0.0,0.0,0.0,0.0
NaZn13,2,2,0.0833215630884535,1.59183673469388,0.257318640543832,11.2142857142857,2.83293314500742,0.185428351309577,1.59857142857143,669.698857142857,0.9000911021040566,IM,IM,False,False,True,False,0,,Na+Zn,Na+Zn,0.0,0.0,0.0,0.0,0.0,0.0,0.0,0.0,0.0,0.0,0.0,0.0,0.0,0.0,0.0,0.0,0.0,0.0,0.0,0.0,0.0,0.0,0.0,0.0,0.0,0.0,0.0,0.0,0.0,0.0,0.0,0.0,0.0,0.0,0.0,0.0,0.0,0.0,0.0,0.0,0.0,0.07142857142857142,0.0,0.0,0.0,0.0,0.0,0.0,0.0,0.0,0.0,0.0,0.0,0.0,0.0,0.0,0.0,0.0,0.0,0.0,0.0,0.0,0.0,0.0,0.0,0.0,0.0,0.0,0.0,0.0,0.0,0.0,0.0,0.0,0.0,0.0,0.9285714285714286,0.0
Ni50Nb50,2,2,0.0684112149532711,-30.0,0.693147180559945,7.5,2.5,0.155,1.755,2239.0,0.4301228204641014,AM,AM,False,False,False,False,0,,Nb+Ni,Nb+Ni,0.0,0.0,0.0,0.0,0.0,0.0,0.0,0.0,0.0,0.0,0.0,0.0,0.0,0.0,0.0,0.0,0.0,0.0,0.0,0.0,0.0,0.0,0.0,0.0,0.0,0.0,0.0,0.0,0.0,0.0,0.0,0.0,0.0,0.0,0.0,0.0,0.0,0.0,0.0,0.0,0.0,0.0,0.5,0.0,0.0,0.5,0.0,0.0,0.0,0.0,0.0,0.0,0.0,0.0,0.0,0.0,0.0,0.0,0.0,0.0,0.0,0.0,0.0,0.0,0.0,0.0,0.0,0.0,0.0,0.0,0.0,0.0,0.0,0.0,0.0,0.0,0.0,0.0
Ni3Sn,2,2,0.120900896235678,-3.0,0.562335144618808,8.5,2.59807621135332,0.021650635094611,1.9225,1422.27,2.216614687662098,IM,IM,False,False,True,False,0,,Ni+Sn,Ni+Sn,0.0,0.0,0.0,0.0,0.0,0.0,0.0,0.0,0.0,0.0,0.0,0.0,0.0,0.0,0.0,0.0,0.0,0.0,0.0,0.0,0.0,0.0,0.0,0.0,0.0,0.0,0.0,0.0,0.0,0.0,0.0,0.0,0.0,0.0,0.0,0.0,0.0,0.0,0.0,0.0,0.0,0.0,0.0,0.0,0.0,0.75,0.0,0.0,0.0,0.0,0.0,0.0,0.0,0.0,0.0,0.0,0.0,0.0,0.0,0.0,0.0,0.0,0.0,0.0,0.25,0.0,0.0,0.0,0.0,0.0,0.0,0.0,0.0,0.0,0.0,0.0,0.0,0.0
Ni3Sn4,2,2,0.126793306328197,-3.91836734693878,0.682908104700472,6.57142857142857,2.96922995583236,0.0247435829652697,1.93857142857143,1029.18857142857,1.4913729380566085,IM,IM,False,False,True,False,0,,Ni+Sn,Ni+Sn,0.0,0.0,0.0,0.0,0.0,0.0,0.0,0.0,0.0,0.0,0.0,0.0,0.0,0.0,0.0,0.0,0.0,0.0,0.0,0.0,0.0,0.0,0.0,0.0,0.0,0.0,0.0,0.0,0.0,0.0,0.0,0.0,0.0,0.0,0.0,0.0,0.0,0.0,0.0,0.0,0.0,0.0,0.0,0.0,0.0,0.42857142857142855,0.0,0.0,0.0,0.0,0.0,0.0,0.0,0.0,0.0,0.0,0.0,0.0,0.0,0.0,0.0,0.0,0.0,0.0,0.5714285714285714,0.0,0.0,0.0,0.0,0.0,0.0,0.0,0.0,0.0,0.0,0.0,0.0,0.0
Pd75Si25,2,2,0.0728524591285128,-41.25,0.562335144618808,8.5,2.59807621135332,0.129903810567666,2.125,1792.7875,0.20320494596573918,AM,AM,False,False,False,False,0,,Pd+Si,Pd+Si,0.0,0.0,0.0,0.0,0.0,0.0,0.0,0.0,0.0,0.0,0.0,0.0,0.0,0.0,0.0,0.0,0.0,0.0,0.0,0.0,0.0,0.0,0.0,0.0,0.0,0.0,0.0,0.0,0.0,0.0,0.0,0.0,0.0,0.0,0.0,0.0,0.0,0.0,0.0,0.0,0.0,0.0,0.0,0.0,0.0,0.0,0.0,0.0,0.0,0.0,0.0,0.75,0.0,0.0,0.0,0.0,0.0,0.0,0.0,0.0,0.0,0.0,0.25,0.0,0.0,0.0,0.0,0.0,0.0,0.0,0.0,0.0,0.0,0.0,0.0,0.0,0.0,0.0
Pd82Si18,2,2,0.0638854377716066,-32.472,0.471393486810094,8.92,2.30512472547583,0.115256236273791,2.146,1802.661,0.21758191129498428,AM,AM,False,False,False,False,0,,Pd+Si,Pd+Si,0.0,0.0,0.0,0.0,0.0,0.0,0.0,0.0,0.0,0.0,0.0,0.0,0.0,0.0,0.0,0.0,0.0,0.0,0.0,0.0,0.0,0.0,0.0,0.0,0.0,0.0,0.0,0.0,0.0,0.0,0.0,0.0,0.0,0.0,0.0,0.0,0.0,0.0,0.0,0.0,0.0,0.0,0.0,0.0,0.0,0.0,0.0,0.0,0.0,0.0,0.0,0.82,0.0,0.0,0.0,0.0,0.0,0.0,0.0,0.0,0.0,0.0,0.18,0.0,0.0,0.0,0.0,0.0,0.0,0.0,0.0,0.0,0.0,0.0,0.0,0.0,0.0,0.0
Pd95Si5,2,2,0.0354745789818179,-10.45,0.198515243345873,9.7,1.3076696830622,0.0653834841531102,2.185,1820.9975,0.28762133956204866,AM,AM,False,False,False,False,0,,Pd+Si,Pd+Si,0.0,0.0,0.0,0.0,0.0,0.0,0.0,0.0,0.0,0.0,0.0,0.0,0.0,0.0,0.0,0.0,0.0,0.0,0.0,0.0,0.0,0.0,0.0,0.0,0.0,0.0,0.0,0.0,0.0,0.0,0.0,0.0,0.0,0.0,0.0,0.0,0.0,0.0,0.0,0.0,0.0,0.0,0.0,0.0,0.0,0.0,0.0,0.0,0.0,0.0,0.0,0.95,0.0,0.0,0.0,0.0,0.0,0.0,0.0,0.0,0.0,0.0,0.05,0.0,0.0,0.0,0.0,0.0,0.0,0.0,0.0,0.0,0.0,0.0,0.0,0.0,0.0,0.0
Pt3Al,2,2,0.0139356850242444,-33.0,0.562335144618808,8.25,3.03108891324554,0.290118510267787,2.1125,1764.4175,0.24998665677646165,IM,IM,False,False,True,False,0,,Al+Pt,Al+Pt,0.0,0.25,0.0,0.0,0.0,0.0,0.0,0.0,0.0,0.0,0.0,0.0,0.0,0.0,0.0,0.0,0.0,0.0,0.0,0.0,0.0,0.0,0.0,0.0,0.0,0.0,0.0,0.0,0.0,0.0,0.0,0.0,0.0,0.0,0.0,0.0,0.0,0.0,0.0,0.0,0.0,0.0,0.0,0.0,0.0,0.0,0.0,0.0,0.0,0.0,0.0,0.0,0.0,0.75,0.0,0.0,0.0,0.0,0.0,0.0,0.0,0.0,0.0,0.0,0.0,0.0,0.0,0.0,0.0,0.0,0.0,0.0,0.0,0.0,0.0,0.0,0.0,0.0
Pt5Al3,2,2,0.0155181418020954,-41.25,0.661563238157982,7.375,3.38886042793149,0.324362355244871,2.02875,1625.92625,0.2168115624019502,IM,IM,False,False,True,False,0,,Al+Pt,Al+Pt,0.0,0.375,0.0,0.0,0.0,0.0,0.0,0.0,0.0,0.0,0.0,0.0,0.0,0.0,0.0,0.0,0.0,0.0,0.0,0.0,0.0,0.0,0.0,0.0,0.0,0.0,0.0,0.0,0.0,0.0,0.0,0.0,0.0,0.0,0.0,0.0,0.0,0.0,0.0,0.0,0.0,0.0,0.0,0.0,0.0,0.0,0.0,0.0,0.0,0.0,0.0,0.0,0.0,0.625,0.0,0.0,0.0,0.0,0.0,0.0,0.0,0.0,0.0,0.0,0.0,0.0,0.0,0.0,0.0,0.0,0.0,0.0,0.0,0.0,0.0,0.0,0.0,0.0
PtAl2,2,2,0.0149705034831308,-39.1111111111111,0.636514168294813,5.33333333333333,3.29983164553722,0.315841028929991,1.83333333333333,1302.78,0.17628411874107577,IM,IM,False,False,True,False,0,,Al+Pt,Al+Pt,0.0,0.6666666666666666,0.0,0.0,0.0,0.0,0.0,0.0,0.0,0.0,0.0,0.0,0.0,0.0,0.0,0.0,0.0,0.0,0.0,0.0,0.0,0.0,0.0,0.0,0.0,0.0,0.0,0.0,0.0,0.0,0.0,0.0,0.0,0.0,0.0,0.0,0.0,0.0,0.0,0.0,0.0,0.0,0.0,0.0,0.0,0.0,0.0,0.0,0.0,0.0,0.0,0.0,0.0,0.3333333333333333,0.0,0.0,0.0,0.0,0.0,0.0,0.0,0.0,0.0,0.0,0.0,0.0,0.0,0.0,0.0,0.0,0.0,0.0,0.0,0.0,0.0,0.0,0.0,0.0
Sb3Y4,2,2,0.0552506654017651,-66.6122448979592,0.682908104700472,3.85714285714286,0.989743318610787,0.410743477223477,1.57571428571429,1415.33428571429,0.1206428003012395,IM,IM,False,False,True,False,0,,Sb+Y,Sb+Y,0.0,0.0,0.0,0.0,0.0,0.0,0.0,0.0,0.0,0.0,0.0,0.0,0.0,0.0,0.0,0.0,0.0,0.0,0.0,0.0,0.0,0.0,0.0,0.0,0.0,0.0,0.0,0.0,0.0,0.0,0.0,0.0,0.0,0.0,0.0,0.0,0.0,0.0,0.0,0.0,0.0,0.0,0.0,0.0,0.0,0.0,0.0,0.0,0.0,0.0,0.0,0.0,0.0,0.0,0.0,0.0,0.0,0.0,0.0,0.42857142857142855,0.0,0.0,0.0,0.0,0.0,0.0,0.0,0.0,0.0,0.0,0.0,0.0,0.0,0.0,0.5714285714285714,0.0,0.0,0.0
Sb3Y5,2,2,0.0537292487335133,-63.75,0.661563238157982,3.75,0.968245836551854,0.401822022169019,1.53125,1463.2925,0.12625730265645824,IM,IM,False,False,True,False,0,,Sb+Y,Sb+Y,0.0,0.0,0.0,0.0,0.0,0.0,0.0,0.0,0.0,0.0,0.0,0.0,0.0,0.0,0.0,0.0,0.0,0.0,0.0,0.0,0.0,0.0,0.0,0.0,0.0,0.0,0.0,0.0,0.0,0.0,0.0,0.0,0.0,0.0,0.0,0.0,0.0,0.0,0.0,0.0,0.0,0.0,0.0,0.0,0.0,0.0,0.0,0.0,0.0,0.0,0.0,0.0,0.0,0.0,0.0,0.0,0.0,0.0,0.0,0.375,0.0,0.0,0.0,0.0,0.0,0.0,0.0,0.0,0.0,0.0,0.0,0.0,0.0,0.0,0.625,0.0,0.0,0.0
SbY,2,2,0.056271981242673,-68.0,0.693147180559945,4.0,1.0,0.415,1.635,1351.39,0.11453321040386637,IM,IM,False,False,True,False,0,,Sb+Y,Sb+Y,0.0,0.0,0.0,0.0,0.0,0.0,0.0,0.0,0.0,0.0,0.0,0.0,0.0,0.0,0.0,0.0,0.0,0.0,0.0,0.0,0.0,0.0,0.0,0.0,0.0,0.0,0.0,0.0,0.0,0.0,0.0,0.0,0.0,0.0,0.0,0.0,0.0,0.0,0.0,0.0,0.0,0.0,0.0,0.0,0.0,0.0,0.0,0.0,0.0,0.0,0.0,0.0,0.0,0.0,0.0,0.0,0.0,0.0,0.0,0.5,0.0,0.0,0.0,0.0,0.0,0.0,0.0,0.0,0.0,0.0,0.0,0.0,0.0,0.0,0.5,0.0,0.0,0.0
Si2V,2,2,0.0636435148169007,-42.6666666666667,0.636514168294813,4.33333333333333,0.471404520791032,0.127279220613579,1.81,1852.33333333333,0.22975908199486458,IM,IM,False,False,True,False,0,,Si+V,Si+V,0.0,0.0,0.0,0.0,0.0,0.0,0.0,0.0,0.0,0.0,0.0,0.0,0.0,0.0,0.0,0.0,0.0,0.0,0.0,0.0,0.0,0.0,0.0,0.0,0.0,0.0,0.0,0.0,0.0,0.0,0.0,0.0,0.0,0.0,0.0,0.0,0.0,0.0,0.0,0.0,0.0,0.0,0.0,0.0,0.0,0.0,0.0,0.0,0.0,0.0,0.0,0.0,0.0,0.0,0.0,0.0,0.0,0.0,0.0,0.0,0.0,0.0,0.6666666666666666,0.0,0.0,0.0,0.0,0.0,0.0,0.0,0.0,0.0,0.3333333333333333,0.0,0.0,0.0,0.0,0.0
W6Fe7,2,2,0.0483494184380005,0.0,0.690185676018804,7.07692307692308,0.997037030524286,0.264214813088936,2.07461538461538,2680.53846153846,,IM,IM,False,False,True,False,0,,Fe+W,Fe+W,0.0,0.0,0.0,0.0,0.0,0.0,0.0,0.0,0.0,0.0,0.0,0.0,0.0,0.0,0.0,0.0,0.0,0.0,0.0,0.0,0.0,0.0,0.5384615384615384,0.0,0.0,0.0,0.0,0.0,0.0,0.0,0.0,0.0,0.0,0.0,0.0,0.0,0.0,0.0,0.0,0.0,0.0,0.0,0.0,0.0,0.0,0.0,0.0,0.0,0.0,0.0,0.0,0.0,0.0,0.0,0.0,0.0,0.0,0.0,0.0,0.0,0.0,0.0,0.0,0.0,0.0,0.0,0.0,0.0,0.0,0.0,0.0,0.0,0.0,0.46153846153846156,0.0,0.0,0.0,0.0
Zr50Ni50,2,2,0.125307125307125,-49.0,0.693147180559945,7.0,3.0,0.29,1.62,1928.0,0.22676216546785305,AM,AM,False,False,False,False,0,,Ni+Zr,Ni+Zr,0.0,0.0,0.0,0.0,0.0,0.0,0.0,0.0,0.0,0.0,0.0,0.0,0.0,0.0,0.0,0.0,0.0,0.0,0.0,0.0,0.0,0.0,0.0,0.0,0.0,0.0,0.0,0.0,0.0,0.0,0.0,0.0,0.0,0.0,0.0,0.0,0.0,0.0,0.0,0.0,0.0,0.0,0.0,0.0,0.0,0.5,0.0,0.0,0.0,0.0,0.0,0.0,0.0,0.0,0.0,0.0,0.0,0.0,0.0,0.0,0.0,0.0,0.0,0.0,0.0,0.0,0.0,0.0,0.0,0.0,0.0,0.0,0.0,0.0,0.0,0.0,0.0,0.5
Zr70Pd30,2,2,0.0680846643066552,-76.44,0.610864302054894,5.8,2.7495454169735,0.398684085461158,1.591,2038.015,0.13541464302321096,AM,AM,False,False,False,False,0,,Pd+Zr,Pd+Zr,0.0,0.0,0.0,0.0,0.0,0.0,0.0,0.0,0.0,0.0,0.0,0.0,0.0,0.0,0.0,0.0,0.0,0.0,0.0,0.0,0.0,0.0,0.0,0.0,0.0,0.0,0.0,0.0,0.0,0.0,0.0,0.0,0.0,0.0,0.0,0.0,0.0,0.0,0.0,0.0,0.0,0.0,0.0,0.0,0.0,0.0,0.0,0.0,0.0,0.0,0.0,0.3,0.0,0.0,0.0,0.0,0.0,0.0,0.0,0.0,0.0,0.0,0.0,0.0,0.0,0.0,0.0,0.0,0.0,0.0,0.0,0.0,0.0,0.0,0.0,0.0,0.0,0.7
ZrTi,2,2,0.0460032626427406,0.0,0.693147180559945,4.0,0.0,0.105,1.435,2034.5,,AM,AM,False,False,False,False,0,,Ti+Zr,Ti+Zr,0.0,0.0,0.0,0.0,0.0,0.0,0.0,0.0,0.0,0.0,0.0,0.0,0.0,0.0,0.0,0.0,0.0,0.0,0.0,0.0,0.0,0.0,0.0,0.0,0.0,0.0,0.0,0.0,0.0,0.0,0.0,0.0,0.0,0.0,0.0,0.0,0.0,0.0,0.0,0.0,0.0,0.0,0.0,0.0,0.0,0.0,0.0,0.0,0.0,0.0,0.0,0.0,0.0,0.0,0.0,0.0,0.0,0.0,0.0,0.0,0.0,0.0,0.0,0.0,0.0,0.0,0.0,0.0,0.0,0.5,0.0,0.0,0.0,0.0,0.0,0.0,0.0,0.5
Al2B6Co20,3,3,0.16158374510283,-18.5714285714286,0.75893677276206,7.28571428571429,2.71052370871575,0.102312546360929,1.895,1832.89071428571,0.622774812986882,IM,IM,False,False,True,False,0,,Al+B+Co,Al+B+Co,0.0,0.07142857142857142,0.0,0.0,0.21428571428571427,0.0,0.0,0.0,0.0,0.0,0.0,0.0,0.0,0.0,0.7142857142857143,0.0,0.0,0.0,0.0,0.0,0.0,0.0,0.0,0.0,0.0,0.0,0.0,0.0,0.0,0.0,0.0,0.0,0.0,0.0,0.0,0.0,0.0,0.0,0.0,0.0,0.0,0.0,0.0,0.0,0.0,0.0,0.0,0.0,0.0,0.0,0.0,0.0,0.0,0.0,0.0,0.0,0.0,0.0,0.0,0.0,0.0,0.0,0.0,0.0,0.0,0.0,0.0,0.0,0.0,0.0,0.0,0.0,0.0,0.0,0.0,0.0,0.0,0.0
AlB2Ni7,3,3,0.159347242156393,-19.6,0.801818552543337,7.9,3.20780298646909,0.111193524991341,1.906,1772.747,0.6029773149900347,IM,IM,False,False,True,False,0,,Al+B+Ni,Al+B+Ni,0.0,0.1,0.0,0.0,0.2,0.0,0.0,0.0,0.0,0.0,0.0,0.0,0.0,0.0,0.0,0.0,0.0,0.0,0.0,0.0,0.0,0.0,0.0,0.0,0.0,0.0,0.0,0.0,0.0,0.0,0.0,0.0,0.0,0.0,0.0,0.0,0.0,0.0,0.0,0.0,0.0,0.0,0.0,0.0,0.0,0.7,0.0,0.0,0.0,0.0,0.0,0.0,0.0,0.0,0.0,0.0,0.0,0.0,0.0,0.0,0.0,0.0,0.0,0.0,0.0,0.0,0.0,0.0,0.0,0.0,0.0,0.0,0.0,0.0,0.0,0.0,0.0,0.0
AlBe4Mn,3,3,0.103826936311179,-6.55555555555556,0.867563228481461,3.0,1.82574185835055,0.017950549357115,1.57333333333333,1448.745,1.5941081024531096,IM,IM,False,False,True,False,0,,Al+Be+Mn,Al+Be+Mn,0.0,0.16666666666666666,0.0,0.0,0.0,0.0,0.6666666666666666,0.0,0.0,0.0,0.0,0.0,0.0,0.0,0.0,0.0,0.0,0.0,0.0,0.0,0.0,0.0,0.0,0.0,0.0,0.0,0.0,0.0,0.0,0.0,0.0,0.0,0.0,0.0,0.0,0.0,0.0,0.0,0.16666666666666666,0.0,0.0,0.0,0.0,0.0,0.0,0.0,0.0,0.0,0.0,0.0,0.0,0.0,0.0,0.0,0.0,0.0,0.0,0.0,0.0,0.0,0.0,0.0,0.0,0.0,0.0,0.0,0.0,0.0,0.0,0.0,0.0,0.0,0.0,0.0,0.0,0.0,0.0,0.0
AlBeTi,3,3,0.112538011556899,-26.6666666666667,1.09861228866811,3.0,0.816496580927726,0.0286744175568088,1.57333333333333,1478.15666666667,0.5063261663403058,IM,IM,False,False,True,False,0,,Al+Be+Ti,Al+Be+Ti,0.0,0.3333333333333333,0.0,0.0,0.0,0.0,0.3333333333333333,0.0,0.0,0.0,0.0,0.0,0.0,0.0,0.0,0.0,0.0,0.0,0.0,0.0,0.0,0.0,0.0,0.0,0.0,0.0,0.0,0.0,0.0,0.0,0.0,0.0,0.0,0.0,0.0,0.0,0.0,0.0,0.0,0.0,0.0,0.0,0.0,0.0,0.0,0.0,0.0,0.0,0.0,0.0,0.0,0.0,0.0,0.0,0.0,0.0,0.0,0.0,0.0,0.0,0.0,0.0,0.0,0.0,0.0,0.0,0.0,0.0,0.0,0.3333333333333333,0.0,0.0,0.0,0.0,0.0,0.0,0.0,0.0
Al2CaSi2,3,3,0.21027554287734,-34.88,1.05492016798614,3.2,0.748331477354788,0.32867004731189,1.604,1271.188,0.31965911190318574,IM,IM,False,False,True,False,0,,Al+Ca+Si,Al+Ca+Si,0.0,0.4,0.0,0.0,0.0,0.0,0.0,0.0,0.0,0.0,0.2,0.0,0.0,0.0,0.0,0.0,0.0,0.0,0.0,0.0,0.0,0.0,0.0,0.0,0.0,0.0,0.0,0.0,0.0,0.0,0.0,0.0,0.0,0.0,0.0,0.0,0.0,0.0,0.0,0.0,0.0,0.0,0.0,0.0,0.0,0.0,0.0,0.0,0.0,0.0,0.0,0.0,0.0,0.0,0.0,0.0,0.0,0.0,0.0,0.0,0.0,0.0,0.4,0.0,0.0,0.0,0.0,0.0,0.0,0.0,0.0,0.0,0.0,0.0,0.0,0.0,0.0,0.0
AlCoCu,3,3,0.0542409060600897,-5.4,0.801818552543337,5.2,3.4,0.129942294885076,1.695,1101.783,1.3602307645638472,IM,IM,False,False,True,False,0,,Al+Co+Cu,Al+Co+Cu,0.0,0.7,0.0,0.0,0.0,0.0,0.0,0.0,0.0,0.0,0.0,0.0,0.0,0.0,0.1,0.0,0.0,0.2,0.0,0.0,0.0,0.0,0.0,0.0,0.0,0.0,0.0,0.0,0.0,0.0,0.0,0.0,0.0,0.0,0.0,0.0,0.0,0.0,0.0,0.0,0.0,0.0,0.0,0.0,0.0,0.0,0.0,0.0,0.0,0.0,0.0,0.0,0.0,0.0,0.0,0.0,0.0,0.0,0.0,0.0,0.0,0.0,0.0,0.0,0.0,0.0,0.0,0.0,0.0,0.0,0.0,0.0,0.0,0.0,0.0,0.0,0.0,0.0
Al6CoMn,3,3,0.0443759591468607,-14.5625,0.735621939758795,4.25,2.2220486043289,0.0941989251531035,1.63625,1110.9775,0.4666144498918895,IM,IM,False,False,True,False,0,,Al+Co+Mn,Al+Co+Mn,0.0,0.75,0.0,0.0,0.0,0.0,0.0,0.0,0.0,0.0,0.0,0.0,0.0,0.0,0.125,0.0,0.0,0.0,0.0,0.0,0.0,0.0,0.0,0.0,0.0,0.0,0.0,0.0,0.0,0.0,0.0,0.0,0.0,0.0,0.0,0.0,0.0,0.0,0.125,0.0,0.0,0.0,0.0,0.0,0.0,0.0,0.0,0.0,0.0,0.0,0.0,0.0,0.0,0.0,0.0,0.0,0.0,0.0,0.0,0.0,0.0,0.0,0.0,0.0,0.0,0.0,0.0,0.0,0.0,0.0,0.0,0.0,0.0,0.0,0.0,0.0,0.0,0.0
Al85.8Co9.1Y5.1,3,3,0.0695669417091364,-12.993552,0.501293639259491,3.546,1.7256546583833,0.119871170846038,1.61468,1053.55426,0.33795229324122766,AM,AM,False,False,False,False,0,,Al+Co+Y,Al+Co+Y,0.0,0.8580000000000001,0.0,0.0,0.0,0.0,0.0,0.0,0.0,0.0,0.0,0.0,0.0,0.0,0.09100000000000001,0.0,0.0,0.0,0.0,0.0,0.0,0.0,0.0,0.0,0.0,0.0,0.0,0.0,0.0,0.0,0.0,0.0,0.0,0.0,0.0,0.0,0.0,0.0,0.0,0.0,0.0,0.0,0.0,0.0,0.0,0.0,0.0,0.0,0.0,0.0,0.0,0.0,0.0,0.0,0.0,0.0,0.0,0.0,0.0,0.0,0.0,0.0,0.0,0.0,0.0,0.0,0.0,0.0,0.0,0.0,0.0,0.0,0.0,0.0,0.051000000000000004,0.0,0.0,0.0
Al18Cr2Mg3,3,3,0.0564896441912588,-2.44990548204159,0.669893221613707,3.1304347826087,0.946588741612054,0.103666252326664,1.57521739130435,1040.49826086957,2.3655481781108554,IM,IM,False,False,True,False,0,,Al+Cr+Mg,Al+Cr+Mg,0.0,0.782608695652174,0.0,0.0,0.0,0.0,0.0,0.0,0.0,0.0,0.0,0.0,0.0,0.0,0.0,0.08695652173913043,0.0,0.0,0.0,0.0,0.0,0.0,0.0,0.0,0.0,0.0,0.0,0.0,0.0,0.0,0.0,0.0,0.0,0.0,0.0,0.0,0.0,0.13043478260869565,0.0,0.0,0.0,0.0,0.0,0.0,0.0,0.0,0.0,0.0,0.0,0.0,0.0,0.0,0.0,0.0,0.0,0.0,0.0,0.0,0.0,0.0,0.0,0.0,0.0,0.0,0.0,0.0,0.0,0.0,0.0,0.0,0.0,0.0,0.0,0.0,0.0,0.0,0.0,0.0
Al13Cr4Si4,3,3,0.0863278481603405,-19.047619047619,0.928584507439656,3.76190476190476,1.15076628319948,0.110910476452173,1.6747619047619,1314.43380952381,0.5327870293546416,IM,IM,False,False,True,False,0,,Al+Cr+Si,Al+Cr+Si,0.0,0.6190476190476191,0.0,0.0,0.0,0.0,0.0,0.0,0.0,0.0,0.0,0.0,0.0,0.0,0.0,0.19047619047619047,0.0,0.0,0.0,0.0,0.0,0.0,0.0,0.0,0.0,0.0,0.0,0.0,0.0,0.0,0.0,0.0,0.0,0.0,0.0,0.0,0.0,0.0,0.0,0.0,0.0,0.0,0.0,0.0,0.0,0.0,0.0,0.0,0.0,0.0,0.0,0.0,0.0,0.0,0.0,0.0,0.0,0.0,0.0,0.0,0.0,0.0,0.19047619047619047,0.0,0.0,0.0,0.0,0.0,0.0,0.0,0.0,0.0,0.0,0.0,0.0,0.0,0.0,0.0
Al170Cu20Hf10,3,3,0.0407803331270658,-7.31,0.518186213050213,3.85,2.39321958875486,0.114161070422452,1.6235,1054.5265,0.6215272292262345,AM,AM,False,False,False,False,0,,Al+Cu+Hf,Al+Cu+Hf,0.0,0.85,0.0,0.0,0.0,0.0,0.0,0.0,0.0,0.0,0.0,0.0,0.0,0.0,0.0,0.0,0.0,0.1,0.0,0.0,0.0,0.0,0.0,0.0,0.0,0.0,0.0,0.05,0.0,0.0,0.0,0.0,0.0,0.0,0.0,0.0,0.0,0.0,0.0,0.0,0.0,0.0,0.0,0.0,0.0,0.0,0.0,0.0,0.0,0.0,0.0,0.0,0.0,0.0,0.0,0.0,0.0,0.0,0.0,0.0,0.0,0.0,0.0,0.0,0.0,0.0,0.0,0.0,0.0,0.0,0.0,0.0,0.0,0.0,0.0,0.0,0.0,0.0
Al11Cu11Mg4,3,3,0.0815270905326532,-2.01775147928994,1.01583217471211,6.23076923076923,4.09791403134375,0.208731375174525,1.68653846153846,1111.37076923077,4.652082896233064,IM,IM,False,False,True,False,0,,Al+Cu+Mg,Al+Cu+Mg,0.0,0.4230769230769231,0.0,0.0,0.0,0.0,0.0,0.0,0.0,0.0,0.0,0.0,0.0,0.0,0.0,0.0,0.0,0.4230769230769231,0.0,0.0,0.0,0.0,0.0,0.0,0.0,0.0,0.0,0.0,0.0,0.0,0.0,0.0,0.0,0.0,0.0,0.0,0.0,0.15384615384615385,0.0,0.0,0.0,0.0,0.0,0.0,0.0,0.0,0.0,0.0,0.0,0.0,0.0,0.0,0.0,0.0,0.0,0.0,0.0,0.0,0.0,0.0,0.0,0.0,0.0,0.0,0.0,0.0,0.0,0.0,0.0,0.0,0.0,0.0,0.0,0.0,0.0,0.0,0.0,0.0
Al2CuMg,3,3,0.0795816119816947,-2.25,1.03972077083992,4.75,3.63145976158349,0.208611480987984,1.6075,1036.9275,3.9839766048842398,IM,IM,False,False,True,False,0,,Al+Cu+Mg,Al+Cu+Mg,0.0,0.5,0.0,0.0,0.0,0.0,0.0,0.0,0.0,0.0,0.0,0.0,0.0,0.0,0.0,0.0,0.0,0.25,0.0,0.0,0.0,0.0,0.0,0.0,0.0,0.0,0.0,0.0,0.0,0.0,0.0,0.0,0.0,0.0,0.0,0.0,0.0,0.25,0.0,0.0,0.0,0.0,0.0,0.0,0.0,0.0,0.0,0.0,0.0,0.0,0.0,0.0,0.0,0.0,0.0,0.0,0.0,0.0,0.0,0.0,0.0,0.0,0.0,0.0,0.0,0.0,0.0,0.0,0.0,0.0,0.0,0.0,0.0,0.0,0.0,0.0,0.0,0.0
Al6CuMg4,3,3,0.0685651798031022,-2.18181818181818,0.916464885539471,3.36363636363636,2.45959077426703,0.183109053899131,1.52727272727273,968.235454545454,3.38152373060239,IM,IM,False,False,True,False,0,,Al+Cu+Mg,Al+Cu+Mg,0.0,0.5454545454545454,0.0,0.0,0.0,0.0,0.0,0.0,0.0,0.0,0.0,0.0,0.0,0.0,0.0,0.0,0.0,0.09090909090909091,0.0,0.0,0.0,0.0,0.0,0.0,0.0,0.0,0.0,0.0,0.0,0.0,0.0,0.0,0.0,0.0,0.0,0.0,0.0,0.36363636363636365,0.0,0.0,0.0,0.0,0.0,0.0,0.0,0.0,0.0,0.0,0.0,0.0,0.0,0.0,0.0,0.0,0.0,0.0,0.0,0.0,0.0,0.0,0.0,0.0,0.0,0.0,0.0,0.0,0.0,0.0,0.0,0.0,0.0,0.0,0.0,0.0,0.0,0.0,0.0,0.0
Al7Cu3Mg6,3,3,0.0805874763658832,-2.484375,1.04335342694229,4.125,3.33307290649335,0.214802780184522,1.551875,1009.1,3.5235682477772063,IM,IM,False,False,True,False,0,,Al+Cu+Mg,Al+Cu+Mg,0.0,0.4375,0.0,0.0,0.0,0.0,0.0,0.0,0.0,0.0,0.0,0.0,0.0,0.0,0.0,0.0,0.0,0.1875,0.0,0.0,0.0,0.0,0.0,0.0,0.0,0.0,0.0,0.0,0.0,0.0,0.0,0.0,0.0,0.0,0.0,0.0,0.0,0.375,0.0,0.0,0.0,0.0,0.0,0.0,0.0,0.0,0.0,0.0,0.0,0.0,0.0,0.0,0.0,0.0,0.0,0.0,0.0,0.0,0.0,0.0,0.0,0.0,0.0,0.0,0.0,0.0,0.0,0.0,0.0,0.0,0.0,0.0,0.0,0.0,0.0,0.0,0.0,0.0
AlCuMg,3,3,0.0917965111704964,-2.66666666666667,1.09861228866811,5.33333333333333,4.02768199119819,0.240878023535196,1.60666666666667,1071.41333333333,3.67000750235689,IM,IM,False,False,True,False,0,,Al+Cu+Mg,Al+Cu+Mg,0.0,0.3333333333333333,0.0,0.0,0.0,0.0,0.0,0.0,0.0,0.0,0.0,0.0,0.0,0.0,0.0,0.0,0.0,0.3333333333333333,0.0,0.0,0.0,0.0,0.0,0.0,0.0,0.0,0.0,0.0,0.0,0.0,0.0,0.0,0.0,0.0,0.0,0.0,0.0,0.3333333333333333,0.0,0.0,0.0,0.0,0.0,0.0,0.0,0.0,0.0,0.0,0.0,0.0,0.0,0.0,0.0,0.0,0.0,0.0,0.0,0.0,0.0,0.0,0.0,0.0,0.0,0.0,0.0,0.0,0.0,0.0,0.0,0.0,0.0,0.0,0.0,0.0,0.0,0.0,0.0,0.0
Al21Cu2Mn3,3,3,0.0328394845037343,-7.18934911242604,0.618977214201632,4.07692307692308,2.36843143359087,0.0815348330107006,1.62538461538462,1033.66961538462,0.739947699355927,IM,IM,False,False,True,False,0,,Al+Cu+Mn,Al+Cu+Mn,0.0,0.8076923076923077,0.0,0.0,0.0,0.0,0.0,0.0,0.0,0.0,0.0,0.0,0.0,0.0,0.0,0.0,0.0,0.07692307692307693,0.0,0.0,0.0,0.0,0.0,0.0,0.0,0.0,0.0,0.0,0.0,0.0,0.0,0.0,0.0,0.0,0.0,0.0,0.0,0.0,0.11538461538461539,0.0,0.0,0.0,0.0,0.0,0.0,0.0,0.0,0.0,0.0,0.0,0.0,0.0,0.0,0.0,0.0,0.0,0.0,0.0,0.0,0.0,0.0,0.0,0.0,0.0,0.0,0.0,0.0,0.0,0.0,0.0,0.0,0.0,0.0,0.0,0.0,0.0,0.0,0.0
AlCu2Mn,3,3,0.0475863146390664,-3.25,1.03972077083992,8.0,3.3166247903554,0.16140012391569,1.74,1292.0025,3.4366151332119728,IM,IM,False,False,True,False,0,,Al+Cu+Mn,Al+Cu+Mn,0.0,0.25,0.0,0.0,0.0,0.0,0.0,0.0,0.0,0.0,0.0,0.0,0.0,0.0,0.0,0.0,0.0,0.5,0.0,0.0,0.0,0.0,0.0,0.0,0.0,0.0,0.0,0.0,0.0,0.0,0.0,0.0,0.0,0.0,0.0,0.0,0.0,0.0,0.25,0.0,0.0,0.0,0.0,0.0,0.0,0.0,0.0,0.0,0.0,0.0,0.0,0.0,0.0,0.0,0.0,0.0,0.0,0.0,0.0,0.0,0.0,0.0,0.0,0.0,0.0,0.0,0.0,0.0,0.0,0.0,0.0,0.0,0.0,0.0,0.0,0.0,0.0,0.0
Al31Cu16Ni14,3,3,0.0631573925399113,-9.83391561408224,1.03281115090299,6.70491803278689,3.78237613882814,0.147355074128921,1.75491803278689,1227.11295081967,1.071551788880319,IM,IM,False,False,True,False,0,,Al+Cu+Ni,Al+Cu+Ni,0.0,0.5081967213114754,0.0,0.0,0.0,0.0,0.0,0.0,0.0,0.0,0.0,0.0,0.0,0.0,0.0,0.0,0.0,0.26229508196721313,0.0,0.0,0.0,0.0,0.0,0.0,0.0,0.0,0.0,0.0,0.0,0.0,0.0,0.0,0.0,0.0,0.0,0.0,0.0,0.0,0.0,0.0,0.0,0.0,0.0,0.0,0.0,0.22950819672131148,0.0,0.0,0.0,0.0,0.0,0.0,0.0,0.0,0.0,0.0,0.0,0.0,0.0,0.0,0.0,0.0,0.0,0.0,0.0,0.0,0.0,0.0,0.0,0.0,0.0,0.0,0.0,0.0,0.0,0.0,0.0,0.0
AlCuNi,3,3,0.0615747773415776,-8.44444444444444,1.09861228866811,8.0,3.55902608401044,0.139124245031395,1.80666666666667,1339.74666666667,1.44920638884985,SS+IM,FCC+B2,True,False,True,False,0,,Al+Cu+Ni,Al+Cu+Ni,0.0,0.3333333333333333,0.0,0.0,0.0,0.0,0.0,0.0,0.0,0.0,0.0,0.0,0.0,0.0,0.0,0.0,0.0,0.3333333333333333,0.0,0.0,0.0,0.0,0.0,0.0,0.0,0.0,0.0,0.0,0.0,0.0,0.0,0.0,0.0,0.0,0.0,0.0,0.0,0.0,0.0,0.0,0.0,0.0,0.0,0.0,0.0,0.3333333333333333,0.0,0.0,0.0,0.0,0.0,0.0,0.0,0.0,0.0,0.0,0.0,0.0,0.0,0.0,0.0,0.0,0.0,0.0,0.0,0.0,0.0,0.0,0.0,0.0,0.0,0.0,0.0,0.0,0.0,0.0,0.0,0.0
Al5CuTi2,3,3,0.0388944327169997,-20.1875,0.900256051268537,4.25,2.58602010819715,0.106704908509403,1.62875,1238.39,0.4591717186064636,IM,IM,False,False,True,False,0,,Al+Cu+Ti,Al+Cu+Ti,0.0,0.625,0.0,0.0,0.0,0.0,0.0,0.0,0.0,0.0,0.0,0.0,0.0,0.0,0.0,0.0,0.0,0.125,0.0,0.0,0.0,0.0,0.0,0.0,0.0,0.0,0.0,0.0,0.0,0.0,0.0,0.0,0.0,0.0,0.0,0.0,0.0,0.0,0.0,0.0,0.0,0.0,0.0,0.0,0.0,0.0,0.0,0.0,0.0,0.0,0.0,0.0,0.0,0.0,0.0,0.0,0.0,0.0,0.0,0.0,0.0,0.0,0.0,0.0,0.0,0.0,0.0,0.0,0.0,0.25,0.0,0.0,0.0,0.0,0.0,0.0,0.0,0.0
AlCu2Ti,3,3,0.0625050120033985,-12.5,1.03972077083992,7.25,3.76662979332984,0.164373811782778,1.7375,1397.5025,0.9664813670657812,IM,IM,False,False,True,False,0,,Al+Cu+Ti,Al+Cu+Ti,0.0,0.25,0.0,0.0,0.0,0.0,0.0,0.0,0.0,0.0,0.0,0.0,0.0,0.0,0.0,0.0,0.0,0.5,0.0,0.0,0.0,0.0,0.0,0.0,0.0,0.0,0.0,0.0,0.0,0.0,0.0,0.0,0.0,0.0,0.0,0.0,0.0,0.0,0.0,0.0,0.0,0.0,0.0,0.0,0.0,0.0,0.0,0.0,0.0,0.0,0.0,0.0,0.0,0.0,0.0,0.0,0.0,0.0,0.0,0.0,0.0,0.0,0.0,0.0,0.0,0.0,0.0,0.0,0.0,0.25,0.0,0.0,0.0,0.0,0.0,0.0,0.0,0.0
Al85.5Fe9Ce5.5,3,3,0.0754903155437225,-10.4742,0.510177327523697,3.45,1.43090880212542,0.132326783003291,1.60285,1019.84685,0.41301843436592967,AM,AM,False,False,False,False,0,,Al+Ce+Fe,Al+Ce+Fe,0.0,0.855,0.0,0.0,0.0,0.0,0.0,0.0,0.0,0.0,0.0,0.0,0.055,0.0,0.0,0.0,0.0,0.0,0.0,0.0,0.0,0.0,0.09,0.0,0.0,0.0,0.0,0.0,0.0,0.0,0.0,0.0,0.0,0.0,0.0,0.0,0.0,0.0,0.0,0.0,0.0,0.0,0.0,0.0,0.0,0.0,0.0,0.0,0.0,0.0,0.0,0.0,0.0,0.0,0.0,0.0,0.0,0.0,0.0,0.0,0.0,0.0,0.0,0.0,0.0,0.0,0.0,0.0,0.0,0.0,0.0,0.0,0.0,0.0,0.0,0.0,0.0,0.0
Al22Fe3Ti8,3,3,0.04120529685124,-23.5592286501377,0.83183170772933,3.6969696969697,1.42456476042947,0.0746906691054735,1.6130303030303,1257.49515151515,0.3691602299959549,IM,IM,False,False,True,False,0,,Al+Fe+Ti,Al+Fe+Ti,0.0,0.6666666666666666,0.0,0.0,0.0,0.0,0.0,0.0,0.0,0.0,0.0,0.0,0.0,0.0,0.0,0.0,0.0,0.0,0.0,0.0,0.0,0.0,0.09090909090909091,0.0,0.0,0.0,0.0,0.0,0.0,0.0,0.0,0.0,0.0,0.0,0.0,0.0,0.0,0.0,0.0,0.0,0.0,0.0,0.0,0.0,0.0,0.0,0.0,0.0,0.0,0.0,0.0,0.0,0.0,0.0,0.0,0.0,0.0,0.0,0.0,0.0,0.0,0.0,0.0,0.0,0.0,0.0,0.0,0.0,0.0,0.24242424242424243,0.0,0.0,0.0,0.0,0.0,0.0,0.0,0.0
Al2FeTi,3,3,0.0631528980061037,-24.75,1.03972077083992,4.5,2.06155281280883,0.10917302780449,1.6475,1404.735,0.49064808169608265,IM,IM,False,False,True,False,0,,Al+Fe+Ti,Al+Fe+Ti,0.0,0.5,0.0,0.0,0.0,0.0,0.0,0.0,0.0,0.0,0.0,0.0,0.0,0.0,0.0,0.0,0.0,0.0,0.0,0.0,0.0,0.0,0.25,0.0,0.0,0.0,0.0,0.0,0.0,0.0,0.0,0.0,0.0,0.0,0.0,0.0,0.0,0.0,0.0,0.0,0.0,0.0,0.0,0.0,0.0,0.0,0.0,0.0,0.0,0.0,0.0,0.0,0.0,0.0,0.0,0.0,0.0,0.0,0.0,0.0,0.0,0.0,0.0,0.0,0.0,0.0,0.0,0.0,0.0,0.25,0.0,0.0,0.0,0.0,0.0,0.0,0.0,0.0
AlFe2Ti,3,3,0.0770421699017423,-21.5,1.03972077083992,5.75,2.27760839478608,0.129879752078605,1.7025,1624.1175,0.6530251252932646,IM,IM,False,False,True,False,0,,Al+Fe+Ti,Al+Fe+Ti,0.0,0.25,0.0,0.0,0.0,0.0,0.0,0.0,0.0,0.0,0.0,0.0,0.0,0.0,0.0,0.0,0.0,0.0,0.0,0.0,0.0,0.0,0.5,0.0,0.0,0.0,0.0,0.0,0.0,0.0,0.0,0.0,0.0,0.0,0.0,0.0,0.0,0.0,0.0,0.0,0.0,0.0,0.0,0.0,0.0,0.0,0.0,0.0,0.0,0.0,0.0,0.0,0.0,0.0,0.0,0.0,0.0,0.0,0.0,0.0,0.0,0.0,0.0,0.0,0.0,0.0,0.0,0.0,0.0,0.25,0.0,0.0,0.0,0.0,0.0,0.0,0.0,0.0
Al70Fe20Zr10,3,3,0.070075168201107,-20.48,0.801818552543337,4.1,1.9723082923316,0.131392541645255,1.626,1228.429,0.39988065423365954,AM,AM,False,False,False,False,0,,Al+Fe+Zr,Al+Fe+Zr,0.0,0.7,0.0,0.0,0.0,0.0,0.0,0.0,0.0,0.0,0.0,0.0,0.0,0.0,0.0,0.0,0.0,0.0,0.0,0.0,0.0,0.0,0.2,0.0,0.0,0.0,0.0,0.0,0.0,0.0,0.0,0.0,0.0,0.0,0.0,0.0,0.0,0.0,0.0,0.0,0.0,0.0,0.0,0.0,0.0,0.0,0.0,0.0,0.0,0.0,0.0,0.0,0.0,0.0,0.0,0.0,0.0,0.0,0.0,0.0,0.0,0.0,0.0,0.0,0.0,0.0,0.0,0.0,0.0,0.0,0.0,0.0,0.0,0.0,0.0,0.0,0.0,0.1
Al5Hf4Ni16,3,3,0.0958244203492798,-33.4592,0.900724362368738,7.64,3.16075940242215,0.229560972292766,1.7524,1693.574,0.3790659012526065,IM,IM,False,False,True,False,0,,Al+Hf+Ni,Al+Hf+Ni,0.0,0.2,0.0,0.0,0.0,0.0,0.0,0.0,0.0,0.0,0.0,0.0,0.0,0.0,0.0,0.0,0.0,0.0,0.0,0.0,0.0,0.0,0.0,0.0,0.0,0.0,0.0,0.16,0.0,0.0,0.0,0.0,0.0,0.0,0.0,0.0,0.0,0.0,0.0,0.0,0.0,0.0,0.0,0.0,0.0,0.64,0.0,0.0,0.0,0.0,0.0,0.0,0.0,0.0,0.0,0.0,0.0,0.0,0.0,0.0,0.0,0.0,0.0,0.0,0.0,0.0,0.0,0.0,0.0,0.0,0.0,0.0,0.0,0.0,0.0,0.0,0.0,0.0
Al4In3Sn3,3,3,0.0660262695702556,5.28,1.08889997534522,3.3,0.458257569495584,0.145203305747493,1.766,653.837,1.1211345688710297,IM,IM,False,False,True,False,0,,Al+In+Sn,Al+In+Sn,0.0,0.4,0.0,0.0,0.0,0.0,0.0,0.0,0.0,0.0,0.0,0.0,0.0,0.0,0.0,0.0,0.0,0.0,0.0,0.0,0.0,0.0,0.0,0.0,0.0,0.0,0.0,0.0,0.0,0.0,0.0,0.3,0.0,0.0,0.0,0.0,0.0,0.0,0.0,0.0,0.0,0.0,0.0,0.0,0.0,0.0,0.0,0.0,0.0,0.0,0.0,0.0,0.0,0.0,0.0,0.0,0.0,0.0,0.0,0.0,0.0,0.0,0.0,0.0,0.3,0.0,0.0,0.0,0.0,0.0,0.0,0.0,0.0,0.0,0.0,0.0,0.0,0.0
Al8Li5Mg2,3,3,0.0408656004976954,-3.41333333333333,0.970115783986938,2.2,0.90921211313239,0.286006992921502,1.36,772.134,1.8246170566209396,IM,IM,False,False,True,False,0,,Al+Li+Mg,Al+Li+Mg,0.0,0.5333333333333333,0.0,0.0,0.0,0.0,0.0,0.0,0.0,0.0,0.0,0.0,0.0,0.0,0.0,0.0,0.0,0.0,0.0,0.0,0.0,0.0,0.0,0.0,0.0,0.0,0.0,0.0,0.0,0.0,0.0,0.0,0.0,0.0,0.0,0.3333333333333333,0.0,0.13333333333333333,0.0,0.0,0.0,0.0,0.0,0.0,0.0,0.0,0.0,0.0,0.0,0.0,0.0,0.0,0.0,0.0,0.0,0.0,0.0,0.0,0.0,0.0,0.0,0.0,0.0,0.0,0.0,0.0,0.0,0.0,0.0,0.0,0.0,0.0,0.0,0.0,0.0,0.0,0.0,0.0
Al2Li3Si2,3,3,0.110750648042474,6.53061224489796,1.07899220787758,2.42857142857143,1.29362644830535,0.398881088106443,1.42285714285714,943.127142857143,1.2955937342225696,IM,IM,False,False,True,False,0,,Al+Li+Si,Al+Li+Si,0.0,0.2857142857142857,0.0,0.0,0.0,0.0,0.0,0.0,0.0,0.0,0.0,0.0,0.0,0.0,0.0,0.0,0.0,0.0,0.0,0.0,0.0,0.0,0.0,0.0,0.0,0.0,0.0,0.0,0.0,0.0,0.0,0.0,0.0,0.0,0.0,0.42857142857142855,0.0,0.0,0.0,0.0,0.0,0.0,0.0,0.0,0.0,0.0,0.0,0.0,0.0,0.0,0.0,0.0,0.0,0.0,0.0,0.0,0.0,0.0,0.0,0.0,0.0,0.0,0.2857142857142857,0.0,0.0,0.0,0.0,0.0,0.0,0.0,0.0,0.0,0.0,0.0,0.0,0.0,0.0,0.0
Al9Mn4Si3,3,3,0.0770750012851759,-27.140625,0.984086503082915,4.1875,1.66653645324667,0.122956737818633,1.649375,1221.139375,0.3681398670011996,IM,IM,False,False,True,False,0,,Al+Mn+Si,Al+Mn+Si,0.0,0.5625,0.0,0.0,0.0,0.0,0.0,0.0,0.0,0.0,0.0,0.0,0.0,0.0,0.0,0.0,0.0,0.0,0.0,0.0,0.0,0.0,0.0,0.0,0.0,0.0,0.0,0.0,0.0,0.0,0.0,0.0,0.0,0.0,0.0,0.0,0.0,0.0,0.25,0.0,0.0,0.0,0.0,0.0,0.0,0.0,0.0,0.0,0.0,0.0,0.0,0.0,0.0,0.0,0.0,0.0,0.0,0.0,0.0,0.0,0.0,0.0,0.1875,0.0,0.0,0.0,0.0,0.0,0.0,0.0,0.0,0.0,0.0,0.0,0.0,0.0,0.0,0.0
AlMnSi,3,3,0.0892620971522812,-36.8888888888889,1.09861228866811,4.66666666666667,1.6996731711976,0.152825245151302,1.68666666666667,1379.82333333333,0.3416697643329346,IM,IM,False,False,True,False,0,,Al+Mn+Si,Al+Mn+Si,0.0,0.3333333333333333,0.0,0.0,0.0,0.0,0.0,0.0,0.0,0.0,0.0,0.0,0.0,0.0,0.0,0.0,0.0,0.0,0.0,0.0,0.0,0.0,0.0,0.0,0.0,0.0,0.0,0.0,0.0,0.0,0.0,0.0,0.0,0.0,0.0,0.0,0.0,0.0,0.3333333333333333,0.0,0.0,0.0,0.0,0.0,0.0,0.0,0.0,0.0,0.0,0.0,0.0,0.0,0.0,0.0,0.0,0.0,0.0,0.0,0.0,0.0,0.0,0.0,0.3333333333333333,0.0,0.0,0.0,0.0,0.0,0.0,0.0,0.0,0.0,0.0,0.0,0.0,0.0,0.0,0.0
Al3Nb10Ni9,3,3,0.0666795664891484,-31.6859504132231,0.995737499177827,6.77272727272727,2.76227538258882,0.151316536488502,1.72818181818182,2084.20045454545,0.5445675965882015,IM,IM,False,False,True,False,0,,Al+Nb+Ni,Al+Nb+Ni,0.0,0.13636363636363635,0.0,0.0,0.0,0.0,0.0,0.0,0.0,0.0,0.0,0.0,0.0,0.0,0.0,0.0,0.0,0.0,0.0,0.0,0.0,0.0,0.0,0.0,0.0,0.0,0.0,0.0,0.0,0.0,0.0,0.0,0.0,0.0,0.0,0.0,0.0,0.0,0.0,0.0,0.0,0.0,0.45454545454545453,0.0,0.0,0.4090909090909091,0.0,0.0,0.0,0.0,0.0,0.0,0.0,0.0,0.0,0.0,0.0,0.0,0.0,0.0,0.0,0.0,0.0,0.0,0.0,0.0,0.0,0.0,0.0,0.0,0.0,0.0,0.0,0.0,0.0,0.0,0.0,0.0
AlNi6Ta,3,3,0.0619918051777878,-20.3125,0.735621939758795,8.5,2.64575131106459,0.156159974065059,1.82125,1823.93375,0.5492050725562412,IM,IM,False,False,True,False,0,,Al+Ni+Ta,Al+Ni+Ta,0.0,0.125,0.0,0.0,0.0,0.0,0.0,0.0,0.0,0.0,0.0,0.0,0.0,0.0,0.0,0.0,0.0,0.0,0.0,0.0,0.0,0.0,0.0,0.0,0.0,0.0,0.0,0.0,0.0,0.0,0.0,0.0,0.0,0.0,0.0,0.0,0.0,0.0,0.0,0.0,0.0,0.0,0.0,0.0,0.0,0.75,0.0,0.0,0.0,0.0,0.0,0.0,0.0,0.0,0.0,0.0,0.0,0.0,0.0,0.0,0.0,0.0,0.0,0.0,0.0,0.0,0.125,0.0,0.0,0.0,0.0,0.0,0.0,0.0,0.0,0.0,0.0,0.0
AlNi2Ti,3,3,0.0750524705356174,-36.0,1.03972077083992,6.75,3.26917420765551,0.16931848688197,1.7425,1582.6175,0.38003567598026283,IM,IM,False,False,True,False,0,,Al+Ni+Ti,Al+Ni+Ti,0.0,0.25,0.0,0.0,0.0,0.0,0.0,0.0,0.0,0.0,0.0,0.0,0.0,0.0,0.0,0.0,0.0,0.0,0.0,0.0,0.0,0.0,0.0,0.0,0.0,0.0,0.0,0.0,0.0,0.0,0.0,0.0,0.0,0.0,0.0,0.0,0.0,0.0,0.0,0.0,0.0,0.0,0.0,0.0,0.0,0.5,0.0,0.0,0.0,0.0,0.0,0.0,0.0,0.0,0.0,0.0,0.0,0.0,0.0,0.0,0.0,0.0,0.0,0.0,0.0,0.0,0.0,0.0,0.0,0.25,0.0,0.0,0.0,0.0,0.0,0.0,0.0,0.0
Al85.8Ni9.1Y5.1,3,3,0.0701769393177432,-14.097564,0.501293639259491,3.637,2.01326376811386,0.126064237196756,1.61741,1049.91426,0.3104103107638183,AM,AM,False,False,False,False,0,,Al+Ni+Y,Al+Ni+Y,0.0,0.8580000000000001,0.0,0.0,0.0,0.0,0.0,0.0,0.0,0.0,0.0,0.0,0.0,0.0,0.0,0.0,0.0,0.0,0.0,0.0,0.0,0.0,0.0,0.0,0.0,0.0,0.0,0.0,0.0,0.0,0.0,0.0,0.0,0.0,0.0,0.0,0.0,0.0,0.0,0.0,0.0,0.0,0.0,0.0,0.0,0.09100000000000001,0.0,0.0,0.0,0.0,0.0,0.0,0.0,0.0,0.0,0.0,0.0,0.0,0.0,0.0,0.0,0.0,0.0,0.0,0.0,0.0,0.0,0.0,0.0,0.0,0.0,0.0,0.0,0.0,0.051000000000000004,0.0,0.0,0.0
Al87Ni5Y8,3,3,0.0762712408058532,-14.9032,0.473002903802512,3.35,1.52561463023924,0.128084191061973,1.5938,1042.4389,0.2750863694248082,AM,AM,False,False,False,False,0,,Al+Ni+Y,Al+Ni+Y,0.0,0.87,0.0,0.0,0.0,0.0,0.0,0.0,0.0,0.0,0.0,0.0,0.0,0.0,0.0,0.0,0.0,0.0,0.0,0.0,0.0,0.0,0.0,0.0,0.0,0.0,0.0,0.0,0.0,0.0,0.0,0.0,0.0,0.0,0.0,0.0,0.0,0.0,0.0,0.0,0.0,0.0,0.0,0.0,0.0,0.05,0.0,0.0,0.0,0.0,0.0,0.0,0.0,0.0,0.0,0.0,0.0,0.0,0.0,0.0,0.0,0.0,0.0,0.0,0.0,0.0,0.0,0.0,0.0,0.0,0.0,0.0,0.0,0.0,0.08,0.0,0.0,0.0
Al85Ni10Zr5,3,3,0.0488279355097087,-15.94,0.518186213050213,3.75,2.09463600656534,0.112534439173082,1.626,1072.6495,0.289927597359311,AM,AM,False,False,False,False,0,,Al+Ni+Zr,Al+Ni+Zr,0.0,0.85,0.0,0.0,0.0,0.0,0.0,0.0,0.0,0.0,0.0,0.0,0.0,0.0,0.0,0.0,0.0,0.0,0.0,0.0,0.0,0.0,0.0,0.0,0.0,0.0,0.0,0.0,0.0,0.0,0.0,0.0,0.0,0.0,0.0,0.0,0.0,0.0,0.0,0.0,0.0,0.0,0.0,0.0,0.0,0.1,0.0,0.0,0.0,0.0,0.0,0.0,0.0,0.0,0.0,0.0,0.0,0.0,0.0,0.0,0.0,0.0,0.0,0.0,0.0,0.0,0.0,0.0,0.0,0.0,0.0,0.0,0.0,0.0,0.0,0.0,0.0,0.05
Al16Ru8Ti6,3,3,0.0329899075486101,-33.92,1.00961375817404,4.53333333333333,2.1249836600679,0.270669950718993,1.75333333333333,1581.25066666667,0.39132205293599565,IM,IM,False,False,True,False,0,,Al+Ru+Ti,Al+Ru+Ti,0.0,0.5333333333333333,0.0,0.0,0.0,0.0,0.0,0.0,0.0,0.0,0.0,0.0,0.0,0.0,0.0,0.0,0.0,0.0,0.0,0.0,0.0,0.0,0.0,0.0,0.0,0.0,0.0,0.0,0.0,0.0,0.0,0.0,0.0,0.0,0.0,0.0,0.0,0.0,0.0,0.0,0.0,0.0,0.0,0.0,0.0,0.0,0.0,0.0,0.0,0.0,0.0,0.0,0.0,0.0,0.0,0.0,0.0,0.26666666666666666,0.0,0.0,0.0,0.0,0.0,0.0,0.0,0.0,0.0,0.0,0.0,0.2,0.0,0.0,0.0,0.0,0.0,0.0,0.0,0.0
AuCdSn,3,3,0.048422536181741,-9.33333333333333,1.09861228866811,9.0,3.55902608401044,0.354620297720753,2.06333333333333,812.21,0.79489578344829,IM,IM,False,False,True,False,0,,Au+Cd+Sn,Au+Cd+Sn,0.0,0.0,0.0,0.3333333333333333,0.0,0.0,0.0,0.0,0.0,0.0,0.0,0.3333333333333333,0.0,0.0,0.0,0.0,0.0,0.0,0.0,0.0,0.0,0.0,0.0,0.0,0.0,0.0,0.0,0.0,0.0,0.0,0.0,0.0,0.0,0.0,0.0,0.0,0.0,0.0,0.0,0.0,0.0,0.0,0.0,0.0,0.0,0.0,0.0,0.0,0.0,0.0,0.0,0.0,0.0,0.0,0.0,0.0,0.0,0.0,0.0,0.0,0.0,0.0,0.0,0.0,0.3333333333333333,0.0,0.0,0.0,0.0,0.0,0.0,0.0,0.0,0.0,0.0,0.0,0.0,0.0
AuNi2Sn4,3,3,0.110431442577641,-4.73469387755102,0.955699891112534,6.71428571428571,3.14934395500694,0.209927101049631,2.02857142857143,973.378571428571,1.6335995228796991,IM,IM,False,False,True,False,0,,Au+Ni+Sn,Au+Ni+Sn,0.0,0.0,0.0,0.14285714285714285,0.0,0.0,0.0,0.0,0.0,0.0,0.0,0.0,0.0,0.0,0.0,0.0,0.0,0.0,0.0,0.0,0.0,0.0,0.0,0.0,0.0,0.0,0.0,0.0,0.0,0.0,0.0,0.0,0.0,0.0,0.0,0.0,0.0,0.0,0.0,0.0,0.0,0.0,0.0,0.0,0.0,0.2857142857142857,0.0,0.0,0.0,0.0,0.0,0.0,0.0,0.0,0.0,0.0,0.0,0.0,0.0,0.0,0.0,0.0,0.0,0.0,0.5714285714285714,0.0,0.0,0.0,0.0,0.0,0.0,0.0,0.0,0.0,0.0,0.0,0.0,0.0
B6CaNi11,3,3,0.246821207704578,-22.1358024691358,0.82773815699892,7.22222222222222,3.48895965957946,0.227127119461903,1.90277777777778,1900.94444444444,0.5910188258685143,IM,IM,False,False,True,False,0,,B+Ca+Ni,B+Ca+Ni,0.0,0.0,0.0,0.0,0.3333333333333333,0.0,0.0,0.0,0.0,0.0,0.05555555555555555,0.0,0.0,0.0,0.0,0.0,0.0,0.0,0.0,0.0,0.0,0.0,0.0,0.0,0.0,0.0,0.0,0.0,0.0,0.0,0.0,0.0,0.0,0.0,0.0,0.0,0.0,0.0,0.0,0.0,0.0,0.0,0.0,0.0,0.0,0.6111111111111112,0.0,0.0,0.0,0.0,0.0,0.0,0.0,0.0,0.0,0.0,0.0,0.0,0.0,0.0,0.0,0.0,0.0,0.0,0.0,0.0,0.0,0.0,0.0,0.0,0.0,0.0,0.0,0.0,0.0,0.0,0.0,0.0
BCaNi4,3,3,0.263224513575432,-16.2222222222222,0.867563228481461,7.5,3.54729944229879,0.352041664200892,1.78,1729.33333333333,0.7689598911331038,IM,IM,False,False,True,False,0,,B+Ca+Ni,B+Ca+Ni,0.0,0.0,0.0,0.0,0.16666666666666666,0.0,0.0,0.0,0.0,0.0,0.16666666666666666,0.0,0.0,0.0,0.0,0.0,0.0,0.0,0.0,0.0,0.0,0.0,0.0,0.0,0.0,0.0,0.0,0.0,0.0,0.0,0.0,0.0,0.0,0.0,0.0,0.0,0.0,0.0,0.0,0.0,0.0,0.0,0.0,0.0,0.0,0.6666666666666666,0.0,0.0,0.0,0.0,0.0,0.0,0.0,0.0,0.0,0.0,0.0,0.0,0.0,0.0,0.0,0.0,0.0,0.0,0.0,0.0,0.0,0.0,0.0,0.0,0.0,0.0,0.0,0.0,0.0,0.0,0.0,0.0
B6Co20In3,3,3,0.192011243163247,-10.1593341260404,0.816915169557078,7.13793103448276,2.77580852379284,0.0762435549214688,1.90275862068966,1749.76724137931,1.1698392361007315,IM,IM,False,False,True,False,0,,B+Co+In,B+Co+In,0.0,0.0,0.0,0.0,0.20689655172413793,0.0,0.0,0.0,0.0,0.0,0.0,0.0,0.0,0.0,0.6896551724137931,0.0,0.0,0.0,0.0,0.0,0.0,0.0,0.0,0.0,0.0,0.0,0.0,0.0,0.0,0.0,0.0,0.10344827586206896,0.0,0.0,0.0,0.0,0.0,0.0,0.0,0.0,0.0,0.0,0.0,0.0,0.0,0.0,0.0,0.0,0.0,0.0,0.0,0.0,0.0,0.0,0.0,0.0,0.0,0.0,0.0,0.0,0.0,0.0,0.0,0.0,0.0,0.0,0.0,0.0,0.0,0.0,0.0,0.0,0.0,0.0,0.0,0.0,0.0,0.0
B2CoMo2,3,3,0.223498446824719,-31.04,1.05492016798614,5.4,2.24499443206437,0.103072789813801,2.056,2451.6,0.6927582084418674,IM,IM,False,False,True,False,0,,B+Co+Mo,B+Co+Mo,0.0,0.0,0.0,0.0,0.4,0.0,0.0,0.0,0.0,0.0,0.0,0.0,0.0,0.0,0.2,0.0,0.0,0.0,0.0,0.0,0.0,0.0,0.0,0.0,0.0,0.0,0.0,0.0,0.0,0.0,0.0,0.0,0.0,0.0,0.0,0.0,0.0,0.0,0.0,0.4,0.0,0.0,0.0,0.0,0.0,0.0,0.0,0.0,0.0,0.0,0.0,0.0,0.0,0.0,0.0,0.0,0.0,0.0,0.0,0.0,0.0,0.0,0.0,0.0,0.0,0.0,0.0,0.0,0.0,0.0,0.0,0.0,0.0,0.0,0.0,0.0,0.0,0.0
BCoMo,3,3,0.204498906086959,-28.0,1.09861228866811,6.0,2.44948974278318,0.114697670227235,2.02666666666667,2337.66666666667,0.7626112197752448,IM,IM,False,False,True,False,0,,B+Co+Mo,B+Co+Mo,0.0,0.0,0.0,0.0,0.3333333333333333,0.0,0.0,0.0,0.0,0.0,0.0,0.0,0.0,0.0,0.3333333333333333,0.0,0.0,0.0,0.0,0.0,0.0,0.0,0.0,0.0,0.0,0.0,0.0,0.0,0.0,0.0,0.0,0.0,0.0,0.0,0.0,0.0,0.0,0.0,0.0,0.3333333333333333,0.0,0.0,0.0,0.0,0.0,0.0,0.0,0.0,0.0,0.0,0.0,0.0,0.0,0.0,0.0,0.0,0.0,0.0,0.0,0.0,0.0,0.0,0.0,0.0,0.0,0.0,0.0,0.0,0.0,0.0,0.0,0.0,0.0,0.0,0.0,0.0,0.0,0.0
B2CoNb,3,3,0.247692540562298,-45.25,1.03972077083992,5.0,2.44948974278318,0.179722007556114,1.89,2304.0,0.4401642803808739,IM,IM,False,False,True,False,0,,B+Co+Nb,B+Co+Nb,0.0,0.0,0.0,0.0,0.5,0.0,0.0,0.0,0.0,0.0,0.0,0.0,0.0,0.0,0.25,0.0,0.0,0.0,0.0,0.0,0.0,0.0,0.0,0.0,0.0,0.0,0.0,0.0,0.0,0.0,0.0,0.0,0.0,0.0,0.0,0.0,0.0,0.0,0.0,0.0,0.0,0.0,0.25,0.0,0.0,0.0,0.0,0.0,0.0,0.0,0.0,0.0,0.0,0.0,0.0,0.0,0.0,0.0,0.0,0.0,0.0,0.0,0.0,0.0,0.0,0.0,0.0,0.0,0.0,0.0,0.0,0.0,0.0,0.0,0.0,0.0,0.0,0.0
B6Co2Nb2,3,3,0.253785552868792,-41.44,0.950270539233235,4.6,2.33238075793812,0.171580884716218,1.92,2313.0,0.44099872753127506,IM,IM,False,False,True,False,0,,B+Co+Nb,B+Co+Nb,0.0,0.0,0.0,0.0,0.6,0.0,0.0,0.0,0.0,0.0,0.0,0.0,0.0,0.0,0.2,0.0,0.0,0.0,0.0,0.0,0.0,0.0,0.0,0.0,0.0,0.0,0.0,0.0,0.0,0.0,0.0,0.0,0.0,0.0,0.0,0.0,0.0,0.0,0.0,0.0,0.0,0.0,0.2,0.0,0.0,0.0,0.0,0.0,0.0,0.0,0.0,0.0,0.0,0.0,0.0,0.0,0.0,0.0,0.0,0.0,0.0,0.0,0.0,0.0,0.0,0.0,0.0,0.0,0.0,0.0,0.0,0.0,0.0,0.0,0.0,0.0,0.0,0.0
B6Co21Sb2,3,3,0.175107358236341,-12.6706302021403,0.744129541411298,7.48275862068966,2.49994054626095,0.0726645903262177,1.9248275862069,1828.60551724138,0.8929035319794093,IM,IM,False,False,True,False,0,,B+Co+Sb,B+Co+Sb,0.0,0.0,0.0,0.0,0.20689655172413793,0.0,0.0,0.0,0.0,0.0,0.0,0.0,0.0,0.0,0.7241379310344828,0.0,0.0,0.0,0.0,0.0,0.0,0.0,0.0,0.0,0.0,0.0,0.0,0.0,0.0,0.0,0.0,0.0,0.0,0.0,0.0,0.0,0.0,0.0,0.0,0.0,0.0,0.0,0.0,0.0,0.0,0.0,0.0,0.0,0.0,0.0,0.0,0.0,0.0,0.0,0.0,0.0,0.0,0.0,0.0,0.06896551724137931,0.0,0.0,0.0,0.0,0.0,0.0,0.0,0.0,0.0,0.0,0.0,0.0,0.0,0.0,0.0,0.0,0.0,0.0
B6Co21V2,3,3,0.152300644504662,-19.576694411415,0.744129541411298,7.48275862068966,2.49994054626095,0.0967227549228067,1.89586206896552,1916.8275862069,0.6057960265439373,IM,IM,False,False,True,False,0,,B+Co+V,B+Co+V,0.0,0.0,0.0,0.0,0.20689655172413793,0.0,0.0,0.0,0.0,0.0,0.0,0.0,0.0,0.0,0.7241379310344828,0.0,0.0,0.0,0.0,0.0,0.0,0.0,0.0,0.0,0.0,0.0,0.0,0.0,0.0,0.0,0.0,0.0,0.0,0.0,0.0,0.0,0.0,0.0,0.0,0.0,0.0,0.0,0.0,0.0,0.0,0.0,0.0,0.0,0.0,0.0,0.0,0.0,0.0,0.0,0.0,0.0,0.0,0.0,0.0,0.0,0.0,0.0,0.0,0.0,0.0,0.0,0.0,0.0,0.0,0.0,0.0,0.0,0.06896551724137931,0.0,0.0,0.0,0.0,0.0
B2CoW2,3,3,0.224540441516764,-27.84,1.05492016798614,5.4,2.24499443206437,0.192,2.136,2771.2,0.8730767431342421,IM,IM,False,False,True,False,0,,B+Co+W,B+Co+W,0.0,0.0,0.0,0.0,0.4,0.0,0.0,0.0,0.0,0.0,0.0,0.0,0.0,0.0,0.2,0.0,0.0,0.0,0.0,0.0,0.0,0.0,0.0,0.0,0.0,0.0,0.0,0.0,0.0,0.0,0.0,0.0,0.0,0.0,0.0,0.0,0.0,0.0,0.0,0.0,0.0,0.0,0.0,0.0,0.0,0.0,0.0,0.0,0.0,0.0,0.0,0.0,0.0,0.0,0.0,0.0,0.0,0.0,0.0,0.0,0.0,0.0,0.0,0.0,0.0,0.0,0.0,0.0,0.0,0.0,0.0,0.0,0.0,0.4,0.0,0.0,0.0,0.0
B2Co3Zr,3,3,0.23541360080869,-45.4444444444444,1.01140426470735,6.16666666666667,2.85287379477062,0.239751028267984,1.84166666666667,2021.66666666667,0.3741000080344184,IM,IM,False,False,True,False,0,,B+Co+Zr,B+Co+Zr,0.0,0.0,0.0,0.0,0.3333333333333333,0.0,0.0,0.0,0.0,0.0,0.0,0.0,0.0,0.0,0.5,0.0,0.0,0.0,0.0,0.0,0.0,0.0,0.0,0.0,0.0,0.0,0.0,0.0,0.0,0.0,0.0,0.0,0.0,0.0,0.0,0.0,0.0,0.0,0.0,0.0,0.0,0.0,0.0,0.0,0.0,0.0,0.0,0.0,0.0,0.0,0.0,0.0,0.0,0.0,0.0,0.0,0.0,0.0,0.0,0.0,0.0,0.0,0.0,0.0,0.0,0.0,0.0,0.0,0.0,0.0,0.0,0.0,0.0,0.0,0.0,0.0,0.0,0.16666666666666666
B3FeNd2,3,3,0.316587330146754,-41.1111111111111,1.01140426470735,3.83333333333333,1.86338998124982,0.406355755465577,1.705,1908.66666666667,0.3904180068251942,IM,IM,False,False,True,False,0,,B+Fe+Nd,B+Fe+Nd,0.0,0.0,0.0,0.0,0.5,0.0,0.0,0.0,0.0,0.0,0.0,0.0,0.0,0.0,0.0,0.0,0.0,0.0,0.0,0.0,0.0,0.0,0.16666666666666666,0.0,0.0,0.0,0.0,0.0,0.0,0.0,0.0,0.0,0.0,0.0,0.0,0.0,0.0,0.0,0.0,0.0,0.0,0.0,0.0,0.3333333333333333,0.0,0.0,0.0,0.0,0.0,0.0,0.0,0.0,0.0,0.0,0.0,0.0,0.0,0.0,0.0,0.0,0.0,0.0,0.0,0.0,0.0,0.0,0.0,0.0,0.0,0.0,0.0,0.0,0.0,0.0,0.0,0.0,0.0,0.0
B4Fe4Nd,3,3,0.251152365178162,-30.0246913580247,0.964962923007428,5.22222222222222,2.48451997499977,0.268741924943285,1.84666666666667,1993.0,0.5325661494558928,IM,IM,False,False,True,False,0,,B+Fe+Nd,B+Fe+Nd,0.0,0.0,0.0,0.0,0.4444444444444444,0.0,0.0,0.0,0.0,0.0,0.0,0.0,0.0,0.0,0.0,0.0,0.0,0.0,0.0,0.0,0.0,0.0,0.4444444444444444,0.0,0.0,0.0,0.0,0.0,0.0,0.0,0.0,0.0,0.0,0.0,0.0,0.0,0.0,0.0,0.0,0.0,0.0,0.0,0.0,0.1111111111111111,0.0,0.0,0.0,0.0,0.0,0.0,0.0,0.0,0.0,0.0,0.0,0.0,0.0,0.0,0.0,0.0,0.0,0.0,0.0,0.0,0.0,0.0,0.0,0.0,0.0,0.0,0.0,0.0,0.0,0.0,0.0,0.0,0.0,0.0
BFe14Nd2,3,3,0.134029965601902,-6.00692041522491,0.578325286660127,7.11764705882353,1.90610020541408,0.232097402295349,1.76117647058824,1782.17647058824,1.4266097712439265,IM,IM,False,False,True,False,0,,B+Fe+Nd,B+Fe+Nd,0.0,0.0,0.0,0.0,0.058823529411764705,0.0,0.0,0.0,0.0,0.0,0.0,0.0,0.0,0.0,0.0,0.0,0.0,0.0,0.0,0.0,0.0,0.0,0.8235294117647058,0.0,0.0,0.0,0.0,0.0,0.0,0.0,0.0,0.0,0.0,0.0,0.0,0.0,0.0,0.0,0.0,0.0,0.0,0.0,0.0,0.11764705882352941,0.0,0.0,0.0,0.0,0.0,0.0,0.0,0.0,0.0,0.0,0.0,0.0,0.0,0.0,0.0,0.0,0.0,0.0,0.0,0.0,0.0,0.0,0.0,0.0,0.0,0.0,0.0,0.0,0.0,0.0,0.0,0.0,0.0,0.0
B6Hf2Ni21,3,3,0.171260782790732,-26.5398335315101,0.744129541411298,8.13793103448276,3.02545679573019,0.17008356343088,1.8948275862069,1910.13793103448,0.44529648339707245,IM,IM,False,False,True,False,0,,B+Hf+Ni,B+Hf+Ni,0.0,0.0,0.0,0.0,0.20689655172413793,0.0,0.0,0.0,0.0,0.0,0.0,0.0,0.0,0.0,0.0,0.0,0.0,0.0,0.0,0.0,0.0,0.0,0.0,0.0,0.0,0.0,0.0,0.06896551724137931,0.0,0.0,0.0,0.0,0.0,0.0,0.0,0.0,0.0,0.0,0.0,0.0,0.0,0.0,0.0,0.0,0.0,0.7241379310344828,0.0,0.0,0.0,0.0,0.0,0.0,0.0,0.0,0.0,0.0,0.0,0.0,0.0,0.0,0.0,0.0,0.0,0.0,0.0,0.0,0.0,0.0,0.0,0.0,0.0,0.0,0.0,0.0,0.0,0.0,0.0,0.0
B4InNi15,3,3,0.17066797589937,-13.38,0.687435750503355,8.25,3.03108891324554,0.0620060480921015,1.9295,1787.2875,0.7634921985484233,IM,IM,False,False,True,False,0,,B+In+Ni,B+In+Ni,0.0,0.0,0.0,0.0,0.2,0.0,0.0,0.0,0.0,0.0,0.0,0.0,0.0,0.0,0.0,0.0,0.0,0.0,0.0,0.0,0.0,0.0,0.0,0.0,0.0,0.0,0.0,0.0,0.0,0.0,0.0,0.05,0.0,0.0,0.0,0.0,0.0,0.0,0.0,0.0,0.0,0.0,0.0,0.0,0.0,0.75,0.0,0.0,0.0,0.0,0.0,0.0,0.0,0.0,0.0,0.0,0.0,0.0,0.0,0.0,0.0,0.0,0.0,0.0,0.0,0.0,0.0,0.0,0.0,0.0,0.0,0.0,0.0,0.0,0.0,0.0,0.0,0.0
BIn2Ni7,3,3,0.175024008051389,-4.16,0.801818552543337,7.9,3.20780298646909,0.0700071424927485,1.897,1530.45,2.452652955391484,IM,IM,False,False,True,False,0,,B+In+Ni,B+In+Ni,0.0,0.0,0.0,0.0,0.1,0.0,0.0,0.0,0.0,0.0,0.0,0.0,0.0,0.0,0.0,0.0,0.0,0.0,0.0,0.0,0.0,0.0,0.0,0.0,0.0,0.0,0.0,0.0,0.0,0.0,0.0,0.2,0.0,0.0,0.0,0.0,0.0,0.0,0.0,0.0,0.0,0.0,0.0,0.0,0.0,0.7,0.0,0.0,0.0,0.0,0.0,0.0,0.0,0.0,0.0,0.0,0.0,0.0,0.0,0.0,0.0,0.0,0.0,0.0,0.0,0.0,0.0,0.0,0.0,0.0,0.0,0.0,0.0,0.0,0.0,0.0,0.0,0.0
B2MgNi7,3,3,0.180114244635968,-14.88,0.801818552543337,7.8,3.37045990927054,0.195509590557599,1.876,1771.7,0.793775225065538,IM,IM,False,False,True,False,0,,B+Mg+Ni,B+Mg+Ni,0.0,0.0,0.0,0.0,0.2,0.0,0.0,0.0,0.0,0.0,0.0,0.0,0.0,0.0,0.0,0.0,0.0,0.0,0.0,0.0,0.0,0.0,0.0,0.0,0.0,0.0,0.0,0.0,0.0,0.0,0.0,0.0,0.0,0.0,0.0,0.0,0.0,0.1,0.0,0.0,0.0,0.0,0.0,0.0,0.0,0.7,0.0,0.0,0.0,0.0,0.0,0.0,0.0,0.0,0.0,0.0,0.0,0.0,0.0,0.0,0.0,0.0,0.0,0.0,0.0,0.0,0.0,0.0,0.0,0.0,0.0,0.0,0.0,0.0,0.0,0.0,0.0,0.0
B6Mn2Ni21,3,3,0.15291357272358,-17.807372175981,0.744129541411298,8.3448275862069,2.8317882989859,0.111490816394487,1.91206896551724,1842.06896551724,0.640012979081339,IM,IM,False,False,True,False,0,,B+Mn+Ni,B+Mn+Ni,0.0,0.0,0.0,0.0,0.20689655172413793,0.0,0.0,0.0,0.0,0.0,0.0,0.0,0.0,0.0,0.0,0.0,0.0,0.0,0.0,0.0,0.0,0.0,0.0,0.0,0.0,0.0,0.0,0.0,0.0,0.0,0.0,0.0,0.0,0.0,0.0,0.0,0.0,0.0,0.06896551724137931,0.0,0.0,0.0,0.0,0.0,0.0,0.7241379310344828,0.0,0.0,0.0,0.0,0.0,0.0,0.0,0.0,0.0,0.0,0.0,0.0,0.0,0.0,0.0,0.0,0.0,0.0,0.0,0.0,0.0,0.0,0.0,0.0,0.0,0.0,0.0,0.0,0.0,0.0,0.0,0.0
B2Mo2Ni,3,3,0.22325143726659,-31.68,1.05492016798614,5.6,2.57681974534503,0.0930376267969041,2.062,2443.6,0.6765481703163511,IM,IM,False,False,True,False,0,,B+Mo+Ni,B+Mo+Ni,0.0,0.0,0.0,0.0,0.4,0.0,0.0,0.0,0.0,0.0,0.0,0.0,0.0,0.0,0.0,0.0,0.0,0.0,0.0,0.0,0.0,0.0,0.0,0.0,0.0,0.0,0.0,0.0,0.0,0.0,0.0,0.0,0.0,0.0,0.0,0.0,0.0,0.0,0.0,0.4,0.0,0.0,0.0,0.0,0.0,0.2,0.0,0.0,0.0,0.0,0.0,0.0,0.0,0.0,0.0,0.0,0.0,0.0,0.0,0.0,0.0,0.0,0.0,0.0,0.0,0.0,0.0,0.0,0.0,0.0,0.0,0.0,0.0,0.0,0.0,0.0,0.0,0.0
B6Ni21Sb2,3,3,0.17470210146672,-13.2699167657551,0.744129541411298,8.20689655172414,2.9405524972866,0.0592642162237345,1.94655172413793,1799.64,0.8390738180322946,IM,IM,False,False,True,False,0,,B+Ni+Sb,B+Ni+Sb,0.0,0.0,0.0,0.0,0.20689655172413793,0.0,0.0,0.0,0.0,0.0,0.0,0.0,0.0,0.0,0.0,0.0,0.0,0.0,0.0,0.0,0.0,0.0,0.0,0.0,0.0,0.0,0.0,0.0,0.0,0.0,0.0,0.0,0.0,0.0,0.0,0.0,0.0,0.0,0.0,0.0,0.0,0.0,0.0,0.0,0.0,0.7241379310344828,0.0,0.0,0.0,0.0,0.0,0.0,0.0,0.0,0.0,0.0,0.0,0.0,0.0,0.06896551724137931,0.0,0.0,0.0,0.0,0.0,0.0,0.0,0.0,0.0,0.0,0.0,0.0,0.0,0.0,0.0,0.0,0.0,0.0
B6Ni21Sn2,3,3,0.175813148558303,-14.1545778834721,0.744129541411298,8.13793103448276,3.02545679573019,0.0524228667282204,1.94034482758621,1772.14344827586,0.774612823213467,IM,IM,False,False,True,False,0,,B+Ni+Sn,B+Ni+Sn,0.0,0.0,0.0,0.0,0.20689655172413793,0.0,0.0,0.0,0.0,0.0,0.0,0.0,0.0,0.0,0.0,0.0,0.0,0.0,0.0,0.0,0.0,0.0,0.0,0.0,0.0,0.0,0.0,0.0,0.0,0.0,0.0,0.0,0.0,0.0,0.0,0.0,0.0,0.0,0.0,0.0,0.0,0.0,0.0,0.0,0.0,0.7241379310344828,0.0,0.0,0.0,0.0,0.0,0.0,0.0,0.0,0.0,0.0,0.0,0.0,0.0,0.0,0.0,0.0,0.0,0.0,0.06896551724137931,0.0,0.0,0.0,0.0,0.0,0.0,0.0,0.0,0.0,0.0,0.0,0.0,0.0
B2NiTa,3,3,0.247492993547905,-46.25,1.03972077083992,5.25,2.8613807855649,0.221514672200286,1.8725,2429.0,0.4540113215680623,IM,IM,False,False,True,False,0,,B+Ni+Ta,B+Ni+Ta,0.0,0.0,0.0,0.0,0.5,0.0,0.0,0.0,0.0,0.0,0.0,0.0,0.0,0.0,0.0,0.0,0.0,0.0,0.0,0.0,0.0,0.0,0.0,0.0,0.0,0.0,0.0,0.0,0.0,0.0,0.0,0.0,0.0,0.0,0.0,0.0,0.0,0.0,0.0,0.0,0.0,0.0,0.0,0.0,0.0,0.25,0.0,0.0,0.0,0.0,0.0,0.0,0.0,0.0,0.0,0.0,0.0,0.0,0.0,0.0,0.0,0.0,0.0,0.0,0.0,0.0,0.25,0.0,0.0,0.0,0.0,0.0,0.0,0.0,0.0,0.0,0.0,0.0
B6Ni21Ta2,3,3,0.157962479436527,-23.2580261593341,0.744129541411298,8.20689655172414,2.9405524972866,0.122832213508454,1.90862068965517,1964.20689655172,0.5225130095850022,IM,IM,False,False,True,False,0,,B+Ni+Ta,B+Ni+Ta,0.0,0.0,0.0,0.0,0.20689655172413793,0.0,0.0,0.0,0.0,0.0,0.0,0.0,0.0,0.0,0.0,0.0,0.0,0.0,0.0,0.0,0.0,0.0,0.0,0.0,0.0,0.0,0.0,0.0,0.0,0.0,0.0,0.0,0.0,0.0,0.0,0.0,0.0,0.0,0.0,0.0,0.0,0.0,0.0,0.0,0.0,0.7241379310344828,0.0,0.0,0.0,0.0,0.0,0.0,0.0,0.0,0.0,0.0,0.0,0.0,0.0,0.0,0.0,0.0,0.0,0.0,0.0,0.0,0.06896551724137931,0.0,0.0,0.0,0.0,0.0,0.0,0.0,0.0,0.0,0.0,0.0
B6Ni20Ti3,3,3,0.165267646733775,-28.6516052318668,0.816915169557078,7.93103448275862,3.09539184175176,0.132397628323665,1.89862068965517,1878.51724137931,0.4453253034118184,IM,IM,False,False,True,False,0,,B+Ni+Ti,B+Ni+Ti,0.0,0.0,0.0,0.0,0.20689655172413793,0.0,0.0,0.0,0.0,0.0,0.0,0.0,0.0,0.0,0.0,0.0,0.0,0.0,0.0,0.0,0.0,0.0,0.0,0.0,0.0,0.0,0.0,0.0,0.0,0.0,0.0,0.0,0.0,0.0,0.0,0.0,0.0,0.0,0.0,0.0,0.0,0.0,0.0,0.0,0.0,0.6896551724137931,0.0,0.0,0.0,0.0,0.0,0.0,0.0,0.0,0.0,0.0,0.0,0.0,0.0,0.0,0.0,0.0,0.0,0.0,0.0,0.0,0.0,0.0,0.0,0.10344827586206896,0.0,0.0,0.0,0.0,0.0,0.0,0.0,0.0
B6Ni21Zr2,3,3,0.173934264470598,-28.2235434007134,0.744129541411298,8.13793103448276,3.02545679573019,0.162864518442231,1.89689655172414,1884.06896551724,0.4130170586722175,IM,IM,False,False,True,False,0,,B+Ni+Zr,B+Ni+Zr,0.0,0.0,0.0,0.0,0.20689655172413793,0.0,0.0,0.0,0.0,0.0,0.0,0.0,0.0,0.0,0.0,0.0,0.0,0.0,0.0,0.0,0.0,0.0,0.0,0.0,0.0,0.0,0.0,0.0,0.0,0.0,0.0,0.0,0.0,0.0,0.0,0.0,0.0,0.0,0.0,0.0,0.0,0.0,0.0,0.0,0.0,0.7241379310344828,0.0,0.0,0.0,0.0,0.0,0.0,0.0,0.0,0.0,0.0,0.0,0.0,0.0,0.0,0.0,0.0,0.0,0.0,0.0,0.0,0.0,0.0,0.0,0.0,0.0,0.0,0.0,0.0,0.0,0.0,0.0,0.06896551724137931
Bi2CaMg2,3,3,0.0977382522569466,-26.24,1.05492016798614,3.2,1.46969384566991,0.414217334258237,1.532,810.08,0.27078079542367073,IM,IM,False,False,True,False,0,,Bi+Ca+Mg,Bi+Ca+Mg,0.0,0.0,0.0,0.0,0.0,0.0,0.0,0.4,0.0,0.0,0.2,0.0,0.0,0.0,0.0,0.0,0.0,0.0,0.0,0.0,0.0,0.0,0.0,0.0,0.0,0.0,0.0,0.0,0.0,0.0,0.0,0.0,0.0,0.0,0.0,0.0,0.0,0.4,0.0,0.0,0.0,0.0,0.0,0.0,0.0,0.0,0.0,0.0,0.0,0.0,0.0,0.0,0.0,0.0,0.0,0.0,0.0,0.0,0.0,0.0,0.0,0.0,0.0,0.0,0.0,0.0,0.0,0.0,0.0,0.0,0.0,0.0,0.0,0.0,0.0,0.0,0.0,0.0
BiCuMg,3,3,0.0960351917156675,0.888888888888888,1.09861228866811,6.0,3.74165738677394,0.310304509939654,1.74333333333333,941.823333333333,9.678334005255714,IM,IM,False,False,True,False,0,,Bi+Cu+Mg,Bi+Cu+Mg,0.0,0.0,0.0,0.0,0.0,0.0,0.0,0.3333333333333333,0.0,0.0,0.0,0.0,0.0,0.0,0.0,0.0,0.0,0.3333333333333333,0.0,0.0,0.0,0.0,0.0,0.0,0.0,0.0,0.0,0.0,0.0,0.0,0.0,0.0,0.0,0.0,0.0,0.0,0.0,0.3333333333333333,0.0,0.0,0.0,0.0,0.0,0.0,0.0,0.0,0.0,0.0,0.0,0.0,0.0,0.0,0.0,0.0,0.0,0.0,0.0,0.0,0.0,0.0,0.0,0.0,0.0,0.0,0.0,0.0,0.0,0.0,0.0,0.0,0.0,0.0,0.0,0.0,0.0,0.0,0.0,0.0
CaAl2Zn2,3,3,0.147842479675394,-12.8,1.05492016798614,6.4,4.58693797647189,0.25263412279421,1.504,873.46,0.5985312522467618,IM,IM,False,False,True,False,0,,Al+Ca+Zn,Al+Ca+Zn,0.0,0.4,0.0,0.0,0.0,0.0,0.0,0.0,0.0,0.0,0.2,0.0,0.0,0.0,0.0,0.0,0.0,0.0,0.0,0.0,0.0,0.0,0.0,0.0,0.0,0.0,0.0,0.0,0.0,0.0,0.0,0.0,0.0,0.0,0.0,0.0,0.0,0.0,0.0,0.0,0.0,0.0,0.0,0.0,0.0,0.0,0.0,0.0,0.0,0.0,0.0,0.0,0.0,0.0,0.0,0.0,0.0,0.0,0.0,0.0,0.0,0.0,0.0,0.0,0.0,0.0,0.0,0.0,0.0,0.0,0.0,0.0,0.0,0.0,0.0,0.0,0.4,0.0
CaAlZn,3,3,0.165893147826658,-18.2222222222222,1.09861228866811,5.66666666666667,4.49691252107735,0.29743346594939,1.42,913.716666666667,0.4580246439207864,IM,IM,False,False,True,False,0,,Al+Ca+Zn,Al+Ca+Zn,0.0,0.3333333333333333,0.0,0.0,0.0,0.0,0.0,0.0,0.0,0.0,0.3333333333333333,0.0,0.0,0.0,0.0,0.0,0.0,0.0,0.0,0.0,0.0,0.0,0.0,0.0,0.0,0.0,0.0,0.0,0.0,0.0,0.0,0.0,0.0,0.0,0.0,0.0,0.0,0.0,0.0,0.0,0.0,0.0,0.0,0.0,0.0,0.0,0.0,0.0,0.0,0.0,0.0,0.0,0.0,0.0,0.0,0.0,0.0,0.0,0.0,0.0,0.0,0.0,0.0,0.0,0.0,0.0,0.0,0.0,0.0,0.0,0.0,0.0,0.0,0.0,0.0,0.0,0.3333333333333333,0.0
Ca7Mg6Si14,3,3,0.238544475294142,-40.7901234567901,1.02477277439806,3.03703703703704,0.999313893572744,0.393110420199129,1.53555555555556,1368.92592592593,0.28594775597849365,IM,IM,False,False,True,False,0,,Ca+Mg+Si,Ca+Mg+Si,0.0,0.0,0.0,0.0,0.0,0.0,0.0,0.0,0.0,0.0,0.25925925925925924,0.0,0.0,0.0,0.0,0.0,0.0,0.0,0.0,0.0,0.0,0.0,0.0,0.0,0.0,0.0,0.0,0.0,0.0,0.0,0.0,0.0,0.0,0.0,0.0,0.0,0.0,0.2222222222222222,0.0,0.0,0.0,0.0,0.0,0.0,0.0,0.0,0.0,0.0,0.0,0.0,0.0,0.0,0.0,0.0,0.0,0.0,0.0,0.0,0.0,0.0,0.0,0.0,0.5185185185185185,0.0,0.0,0.0,0.0,0.0,0.0,0.0,0.0,0.0,0.0,0.0,0.0,0.0,0.0,0.0
Ca6.23Mg3.78Sn7,3,3,0.10014668561549,-32.3755525072398,1.06750262021528,2.82304526748971,0.984218991201761,0.430539939537154,1.46395061728395,821.337448559671,0.22516846690706027,IM,IM,False,False,True,False,0,,Ca+Mg+Sn,Ca+Mg+Sn,0.0,0.0,0.0,0.0,0.0,0.0,0.0,0.0,0.0,0.0,0.36625514403292186,0.0,0.0,0.0,0.0,0.0,0.0,0.0,0.0,0.0,0.0,0.0,0.0,0.0,0.0,0.0,0.0,0.0,0.0,0.0,0.0,0.0,0.0,0.0,0.0,0.0,0.0,0.22222222222222224,0.0,0.0,0.0,0.0,0.0,0.0,0.0,0.0,0.0,0.0,0.0,0.0,0.0,0.0,0.0,0.0,0.0,0.0,0.0,0.0,0.0,0.0,0.0,0.0,0.0,0.0,0.41152263374485604,0.0,0.0,0.0,0.0,0.0,0.0,0.0,0.0,0.0,0.0,0.0,0.0,0.0
Ca2Mg6Zn3,3,3,0.119248416948804,-9.12396694214876,0.994923632571775,4.72727272727273,4.45361771415123,0.218352206195434,1.34636363636364,895.094545454545,0.811538521570865,IM,IM,False,False,True,False,0,,Ca+Mg+Zn,Ca+Mg+Zn,0.0,0.0,0.0,0.0,0.0,0.0,0.0,0.0,0.0,0.0,0.18181818181818182,0.0,0.0,0.0,0.0,0.0,0.0,0.0,0.0,0.0,0.0,0.0,0.0,0.0,0.0,0.0,0.0,0.0,0.0,0.0,0.0,0.0,0.0,0.0,0.0,0.0,0.0,0.5454545454545454,0.0,0.0,0.0,0.0,0.0,0.0,0.0,0.0,0.0,0.0,0.0,0.0,0.0,0.0,0.0,0.0,0.0,0.0,0.0,0.0,0.0,0.0,0.0,0.0,0.0,0.0,0.0,0.0,0.0,0.0,0.0,0.0,0.0,0.0,0.0,0.0,0.0,0.0,0.2727272727272727,0.0
Ca65Mg15Zn20,3,3,0.134526415795291,-14.26,0.886464475679798,4.0,4.0,0.260312792616882,1.1765,1001.736,0.5177609320559861,AM,AM,False,False,False,False,0,,Ca+Mg+Zn,Ca+Mg+Zn,0.0,0.0,0.0,0.0,0.0,0.0,0.0,0.0,0.0,0.0,0.65,0.0,0.0,0.0,0.0,0.0,0.0,0.0,0.0,0.0,0.0,0.0,0.0,0.0,0.0,0.0,0.0,0.0,0.0,0.0,0.0,0.0,0.0,0.0,0.0,0.0,0.0,0.15,0.0,0.0,0.0,0.0,0.0,0.0,0.0,0.0,0.0,0.0,0.0,0.0,0.0,0.0,0.0,0.0,0.0,0.0,0.0,0.0,0.0,0.0,0.0,0.0,0.0,0.0,0.0,0.0,0.0,0.0,0.0,0.0,0.0,0.0,0.0,0.0,0.0,0.0,0.2,0.0
CdIn3Na2,3,3,0.0637036522036897,-4.0,1.01140426470735,3.83333333333333,3.76017139089283,0.391382875909966,1.48166666666667,437.559666666667,0.9198907611920127,IM,IM,False,False,True,False,0,,Cd+In+Na,Cd+In+Na,0.0,0.0,0.0,0.0,0.0,0.0,0.0,0.0,0.0,0.0,0.0,0.16666666666666666,0.0,0.0,0.0,0.0,0.0,0.0,0.0,0.0,0.0,0.0,0.0,0.0,0.0,0.0,0.0,0.0,0.0,0.0,0.0,0.5,0.0,0.0,0.0,0.0,0.0,0.0,0.0,0.0,0.0,0.3333333333333333,0.0,0.0,0.0,0.0,0.0,0.0,0.0,0.0,0.0,0.0,0.0,0.0,0.0,0.0,0.0,0.0,0.0,0.0,0.0,0.0,0.0,0.0,0.0,0.0,0.0,0.0,0.0,0.0,0.0,0.0,0.0,0.0,0.0,0.0,0.0,0.0
Cd5Li4Mg,3,3,0.0182690054801699,-11.6,0.943348392329039,6.6,5.40740233383831,0.335255126731867,1.368,570.87,0.38599842296121467,IM,IM,False,False,True,False,0,,Cd+Li+Mg,Cd+Li+Mg,0.0,0.0,0.0,0.0,0.0,0.0,0.0,0.0,0.0,0.0,0.0,0.5,0.0,0.0,0.0,0.0,0.0,0.0,0.0,0.0,0.0,0.0,0.0,0.0,0.0,0.0,0.0,0.0,0.0,0.0,0.0,0.0,0.0,0.0,0.0,0.4,0.0,0.1,0.0,0.0,0.0,0.0,0.0,0.0,0.0,0.0,0.0,0.0,0.0,0.0,0.0,0.0,0.0,0.0,0.0,0.0,0.0,0.0,0.0,0.0,0.0,0.0,0.0,0.0,0.0,0.0,0.0,0.0,0.0,0.0,0.0,0.0,0.0,0.0,0.0,0.0,0.0,0.0
Co5Cr2Mo3,3,3,0.0401746203703753,-4.6,1.02965301406457,7.5,1.5,0.177763888346312,1.92,2188.8,4.073552600032288,IM,IM,False,False,True,False,0,,Co+Cr+Mo,Co+Cr+Mo,0.0,0.0,0.0,0.0,0.0,0.0,0.0,0.0,0.0,0.0,0.0,0.0,0.0,0.0,0.5,0.2,0.0,0.0,0.0,0.0,0.0,0.0,0.0,0.0,0.0,0.0,0.0,0.0,0.0,0.0,0.0,0.0,0.0,0.0,0.0,0.0,0.0,0.0,0.0,0.3,0.0,0.0,0.0,0.0,0.0,0.0,0.0,0.0,0.0,0.0,0.0,0.0,0.0,0.0,0.0,0.0,0.0,0.0,0.0,0.0,0.0,0.0,0.0,0.0,0.0,0.0,0.0,0.0,0.0,0.0,0.0,0.0,0.0,0.0,0.0,0.0,0.0,0.0
CoCrNi,3,3,0.00164559903976748,-4.88888888888889,1.09861228866811,8.33333333333333,1.6996731711976,0.111455023315337,1.81666666666667,1892.0,3.535001501847086,SS,FCC,True,False,False,False,1,FCC,Co+Cr+Ni,Co+Cr+Ni,0.0,0.0,0.0,0.0,0.0,0.0,0.0,0.0,0.0,0.0,0.0,0.0,0.0,0.0,0.3333333333333333,0.3333333333333333,0.0,0.0,0.0,0.0,0.0,0.0,0.0,0.0,0.0,0.0,0.0,0.0,0.0,0.0,0.0,0.0,0.0,0.0,0.0,0.0,0.0,0.0,0.0,0.0,0.0,0.0,0.0,0.0,0.0,0.3333333333333333,0.0,0.0,0.0,0.0,0.0,0.0,0.0,0.0,0.0,0.0,0.0,0.0,0.0,0.0,0.0,0.0,0.0,0.0,0.0,0.0,0.0,0.0,0.0,0.0,0.0,0.0,0.0,0.0,0.0,0.0,0.0,0.0
CoFeNi,3,3,0.00327647103101002,-1.33333333333333,1.09861228866811,9.0,0.816496580927726,0.0329983164553722,1.87333333333333,1769.0,12.119026466603708,SS,FCC,True,False,False,False,1,FCC,Co+Fe+Ni,Co+Fe+Ni,0.0,0.0,0.0,0.0,0.0,0.0,0.0,0.0,0.0,0.0,0.0,0.0,0.0,0.0,0.3333333333333333,0.0,0.0,0.0,0.0,0.0,0.0,0.0,0.3333333333333333,0.0,0.0,0.0,0.0,0.0,0.0,0.0,0.0,0.0,0.0,0.0,0.0,0.0,0.0,0.0,0.0,0.0,0.0,0.0,0.0,0.0,0.0,0.3333333333333333,0.0,0.0,0.0,0.0,0.0,0.0,0.0,0.0,0.0,0.0,0.0,0.0,0.0,0.0,0.0,0.0,0.0,0.0,0.0,0.0,0.0,0.0,0.0,0.0,0.0,0.0,0.0,0.0,0.0,0.0,0.0,0.0
CoMnNi,3,3,0.0373468261958704,-5.77777777777778,1.09861228866811,8.66666666666667,1.24721912892465,0.163095064303001,1.78,1671.66666666667,2.642819399487652,SS,FCC,True,False,False,False,1,FCC,Co+Mn+Ni,Co+Mn+Ni,0.0,0.0,0.0,0.0,0.0,0.0,0.0,0.0,0.0,0.0,0.0,0.0,0.0,0.0,0.3333333333333333,0.0,0.0,0.0,0.0,0.0,0.0,0.0,0.0,0.0,0.0,0.0,0.0,0.0,0.0,0.0,0.0,0.0,0.0,0.0,0.0,0.0,0.0,0.0,0.3333333333333333,0.0,0.0,0.0,0.0,0.0,0.0,0.3333333333333333,0.0,0.0,0.0,0.0,0.0,0.0,0.0,0.0,0.0,0.0,0.0,0.0,0.0,0.0,0.0,0.0,0.0,0.0,0.0,0.0,0.0,0.0,0.0,0.0,0.0,0.0,0.0,0.0,0.0,0.0,0.0,0.0
Cr6Fe18Mo5,3,3,0.0359567522436328,-1.36979785969084,0.925073829308205,7.24137931034483,0.97043084686002,0.155830787217887,1.85172413793103,2074.41379310345,11.647949739369603,IM,IM,False,False,True,False,0,,Cr+Fe+Mo,Cr+Fe+Mo,0.0,0.0,0.0,0.0,0.0,0.0,0.0,0.0,0.0,0.0,0.0,0.0,0.0,0.0,0.0,0.20689655172413793,0.0,0.0,0.0,0.0,0.0,0.0,0.6206896551724138,0.0,0.0,0.0,0.0,0.0,0.0,0.0,0.0,0.0,0.0,0.0,0.0,0.0,0.0,0.0,0.0,0.1724137931034483,0.0,0.0,0.0,0.0,0.0,0.0,0.0,0.0,0.0,0.0,0.0,0.0,0.0,0.0,0.0,0.0,0.0,0.0,0.0,0.0,0.0,0.0,0.0,0.0,0.0,0.0,0.0,0.0,0.0,0.0,0.0,0.0,0.0,0.0,0.0,0.0,0.0,0.0
CrFeNi,3,3,0.0026497577453457,-4.44444444444445,1.09861228866811,8.0,1.63299316185545,0.104243305140746,1.8,1906.33333333333,3.9179599978805104,SS,FCC,True,False,False,False,1,FCC,Cr+Fe+Ni,Cr+Fe+Ni,0.0,0.0,0.0,0.0,0.0,0.0,0.0,0.0,0.0,0.0,0.0,0.0,0.0,0.0,0.0,0.3333333333333333,0.0,0.0,0.0,0.0,0.0,0.0,0.3333333333333333,0.0,0.0,0.0,0.0,0.0,0.0,0.0,0.0,0.0,0.0,0.0,0.0,0.0,0.0,0.0,0.0,0.0,0.0,0.0,0.0,0.0,0.0,0.3333333333333333,0.0,0.0,0.0,0.0,0.0,0.0,0.0,0.0,0.0,0.0,0.0,0.0,0.0,0.0,0.0,0.0,0.0,0.0,0.0,0.0,0.0,0.0,0.0,0.0,0.0,0.0,0.0,0.0,0.0,0.0,0.0,0.0
Cr9Mo21Ni20,3,3,0.0442212396686817,-6.72,1.03953024824219,7.6,1.95959179422654,0.18411952639522,1.97,2299.92,2.958113086984485,IM,IM,False,False,True,False,0,,Cr+Mo+Ni,Cr+Mo+Ni,0.0,0.0,0.0,0.0,0.0,0.0,0.0,0.0,0.0,0.0,0.0,0.0,0.0,0.0,0.0,0.18,0.0,0.0,0.0,0.0,0.0,0.0,0.0,0.0,0.0,0.0,0.0,0.0,0.0,0.0,0.0,0.0,0.0,0.0,0.0,0.0,0.0,0.0,0.0,0.42,0.0,0.0,0.0,0.0,0.0,0.4,0.0,0.0,0.0,0.0,0.0,0.0,0.0,0.0,0.0,0.0,0.0,0.0,0.0,0.0,0.0,0.0,0.0,0.0,0.0,0.0,0.0,0.0,0.0,0.0,0.0,0.0,0.0,0.0,0.0,0.0,0.0,0.0
Cu2GeLi,3,3,0.0834852329865658,-16.875,1.03972077083992,6.75,4.38035386698381,0.416675833232502,1.6975,1095.1475,0.5610218032147813,IM,IM,False,False,True,False,0,,Cu+Ge+Li,Cu+Ge+Li,0.0,0.0,0.0,0.0,0.0,0.0,0.0,0.0,0.0,0.0,0.0,0.0,0.0,0.0,0.0,0.0,0.0,0.5,0.0,0.0,0.0,0.0,0.0,0.0,0.0,0.25,0.0,0.0,0.0,0.0,0.0,0.0,0.0,0.0,0.0,0.25,0.0,0.0,0.0,0.0,0.0,0.0,0.0,0.0,0.0,0.0,0.0,0.0,0.0,0.0,0.0,0.0,0.0,0.0,0.0,0.0,0.0,0.0,0.0,0.0,0.0,0.0,0.0,0.0,0.0,0.0,0.0,0.0,0.0,0.0,0.0,0.0,0.0,0.0,0.0,0.0,0.0,0.0
CuGeLi2,3,3,0.0940909913062716,-22.625,1.03972077083992,4.25,4.08503365959205,0.489048821693704,1.4675,869.1175,0.33207854075861476,IM,IM,False,False,True,False,0,,Cu+Ge+Li,Cu+Ge+Li,0.0,0.0,0.0,0.0,0.0,0.0,0.0,0.0,0.0,0.0,0.0,0.0,0.0,0.0,0.0,0.0,0.0,0.25,0.0,0.0,0.0,0.0,0.0,0.0,0.0,0.25,0.0,0.0,0.0,0.0,0.0,0.0,0.0,0.0,0.0,0.5,0.0,0.0,0.0,0.0,0.0,0.0,0.0,0.0,0.0,0.0,0.0,0.0,0.0,0.0,0.0,0.0,0.0,0.0,0.0,0.0,0.0,0.0,0.0,0.0,0.0,0.0,0.0,0.0,0.0,0.0,0.0,0.0,0.0,0.0,0.0,0.0,0.0,0.0,0.0,0.0,0.0,0.0
Cu2In3Sn1,3,3,0.115077859430366,8.22222222222222,1.01140426470735,5.83333333333333,3.67045259092421,0.0728010988928051,1.85,751.645,0.768745396629731,IM,IM,False,False,True,False,0,,Cu+In+Sn,Cu+In+Sn,0.0,0.0,0.0,0.0,0.0,0.0,0.0,0.0,0.0,0.0,0.0,0.0,0.0,0.0,0.0,0.0,0.0,0.3333333333333333,0.0,0.0,0.0,0.0,0.0,0.0,0.0,0.0,0.0,0.0,0.0,0.0,0.0,0.5,0.0,0.0,0.0,0.0,0.0,0.0,0.0,0.0,0.0,0.0,0.0,0.0,0.0,0.0,0.0,0.0,0.0,0.0,0.0,0.0,0.0,0.0,0.0,0.0,0.0,0.0,0.0,0.0,0.0,0.0,0.0,0.0,0.16666666666666666,0.0,0.0,0.0,0.0,0.0,0.0,0.0,0.0,0.0,0.0,0.0,0.0,0.0
CuMgSb,3,3,0.103204742418892,-5.33333333333333,1.09861228866811,6.0,3.74165738677394,0.319409176797133,1.75333333333333,1061.51666666667,1.818053784351935,IM,IM,False,False,True,False,0,,Cu+Mg+Sb,Cu+Mg+Sb,0.0,0.0,0.0,0.0,0.0,0.0,0.0,0.0,0.0,0.0,0.0,0.0,0.0,0.0,0.0,0.0,0.0,0.3333333333333333,0.0,0.0,0.0,0.0,0.0,0.0,0.0,0.0,0.0,0.0,0.0,0.0,0.0,0.0,0.0,0.0,0.0,0.0,0.0,0.3333333333333333,0.0,0.0,0.0,0.0,0.0,0.0,0.0,0.0,0.0,0.0,0.0,0.0,0.0,0.0,0.0,0.0,0.0,0.0,0.0,0.0,0.0,0.3333333333333333,0.0,0.0,0.0,0.0,0.0,0.0,0.0,0.0,0.0,0.0,0.0,0.0,0.0,0.0,0.0,0.0,0.0,0.0
Cu16Mg6Si7,3,3,0.117872830047572,-16.6848989298454,0.997180401897094,7.44827586206897,3.99643122605529,0.238997609428887,1.77793103448276,1347.28689655172,0.6694905099798041,IM,IM,False,False,True,False,0,,Cu+Mg+Si,Cu+Mg+Si,0.0,0.0,0.0,0.0,0.0,0.0,0.0,0.0,0.0,0.0,0.0,0.0,0.0,0.0,0.0,0.0,0.0,0.5517241379310345,0.0,0.0,0.0,0.0,0.0,0.0,0.0,0.0,0.0,0.0,0.0,0.0,0.0,0.0,0.0,0.0,0.0,0.0,0.0,0.20689655172413793,0.0,0.0,0.0,0.0,0.0,0.0,0.0,0.0,0.0,0.0,0.0,0.0,0.0,0.0,0.0,0.0,0.0,0.0,0.0,0.0,0.0,0.0,0.0,0.0,0.2413793103448276,0.0,0.0,0.0,0.0,0.0,0.0,0.0,0.0,0.0,0.0,0.0,0.0,0.0,0.0,0.0
Cu3MgSi,3,3,0.113647473664803,-14.72,0.950270539233235,7.8,3.96988664825584,0.236,1.782,1336.662,0.717455950558784,IM,IM,False,False,True,False,0,,Cu+Mg+Si,Cu+Mg+Si,0.0,0.0,0.0,0.0,0.0,0.0,0.0,0.0,0.0,0.0,0.0,0.0,0.0,0.0,0.0,0.0,0.0,0.6,0.0,0.0,0.0,0.0,0.0,0.0,0.0,0.0,0.0,0.0,0.0,0.0,0.0,0.0,0.0,0.0,0.0,0.0,0.0,0.2,0.0,0.0,0.0,0.0,0.0,0.0,0.0,0.0,0.0,0.0,0.0,0.0,0.0,0.0,0.0,0.0,0.0,0.0,0.0,0.0,0.0,0.0,0.0,0.0,0.2,0.0,0.0,0.0,0.0,0.0,0.0,0.0,0.0,0.0,0.0,0.0,0.0,0.0,0.0,0.0
Cu4MgSn,3,3,0.11292783268631,0.777777777777778,0.867563228481461,8.33333333333333,3.8151743807532,0.225419362275934,1.81166666666667,1143.19333333333,10.602284989016148,IM,IM,False,False,True,False,0,,Cu+Mg+Sn,Cu+Mg+Sn,0.0,0.0,0.0,0.0,0.0,0.0,0.0,0.0,0.0,0.0,0.0,0.0,0.0,0.0,0.0,0.0,0.0,0.6666666666666666,0.0,0.0,0.0,0.0,0.0,0.0,0.0,0.0,0.0,0.0,0.0,0.0,0.0,0.0,0.0,0.0,0.0,0.0,0.0,0.16666666666666666,0.0,0.0,0.0,0.0,0.0,0.0,0.0,0.0,0.0,0.0,0.0,0.0,0.0,0.0,0.0,0.0,0.0,0.0,0.0,0.0,0.0,0.0,0.0,0.0,0.0,0.0,0.16666666666666666,0.0,0.0,0.0,0.0,0.0,0.0,0.0,0.0,0.0,0.0,0.0,0.0,0.0
CuNiTi,3,3,0.071637002699748,-17.7777777777778,1.09861228866811,8.33333333333333,3.09120616516523,0.172111075245674,1.78333333333333,1675.59,0.8609321462906909,IM,IM,False,False,True,False,0,,Cu+Ni+Ti,Cu+Ni+Ti,0.0,0.0,0.0,0.0,0.0,0.0,0.0,0.0,0.0,0.0,0.0,0.0,0.0,0.0,0.0,0.0,0.0,0.3333333333333333,0.0,0.0,0.0,0.0,0.0,0.0,0.0,0.0,0.0,0.0,0.0,0.0,0.0,0.0,0.0,0.0,0.0,0.0,0.0,0.0,0.0,0.0,0.0,0.0,0.0,0.0,0.0,0.3333333333333333,0.0,0.0,0.0,0.0,0.0,0.0,0.0,0.0,0.0,0.0,0.0,0.0,0.0,0.0,0.0,0.0,0.0,0.0,0.0,0.0,0.0,0.0,0.0,0.3333333333333333,0.0,0.0,0.0,0.0,0.0,0.0,0.0,0.0
CuTiZn,3,3,0.0551655677797834,-10.2222222222222,1.09861228866811,9.0,3.55902608401044,0.1506283137026,1.69666666666667,1330.48333333333,1.1888929680272624,IM,IM,False,False,True,False,0,,Cu+Ti+Zn,Cu+Ti+Zn,0.0,0.0,0.0,0.0,0.0,0.0,0.0,0.0,0.0,0.0,0.0,0.0,0.0,0.0,0.0,0.0,0.0,0.3333333333333333,0.0,0.0,0.0,0.0,0.0,0.0,0.0,0.0,0.0,0.0,0.0,0.0,0.0,0.0,0.0,0.0,0.0,0.0,0.0,0.0,0.0,0.0,0.0,0.0,0.0,0.0,0.0,0.0,0.0,0.0,0.0,0.0,0.0,0.0,0.0,0.0,0.0,0.0,0.0,0.0,0.0,0.0,0.0,0.0,0.0,0.0,0.0,0.0,0.0,0.0,0.0,0.3333333333333333,0.0,0.0,0.0,0.0,0.0,0.0,0.3333333333333333,0.0
Cu50Zr45Al5,3,3,0.110454894387685,-24.76,0.855688667255669,7.45,3.55633238041666,0.277432874764329,1.629,1683.1585,0.483642368757892,AM,AM,False,False,False,False,0,,Al+Cu+Zr,Al+Cu+Zr,0.0,0.05,0.0,0.0,0.0,0.0,0.0,0.0,0.0,0.0,0.0,0.0,0.0,0.0,0.0,0.0,0.0,0.5,0.0,0.0,0.0,0.0,0.0,0.0,0.0,0.0,0.0,0.0,0.0,0.0,0.0,0.0,0.0,0.0,0.0,0.0,0.0,0.0,0.0,0.0,0.0,0.0,0.0,0.0,0.0,0.0,0.0,0.0,0.0,0.0,0.0,0.0,0.0,0.0,0.0,0.0,0.0,0.0,0.0,0.0,0.0,0.0,0.0,0.0,0.0,0.0,0.0,0.0,0.0,0.0,0.0,0.0,0.0,0.0,0.0,0.0,0.0,0.45
Cu50Zr47Al3,3,3,0.111447553823655,-24.1616,0.806630941810248,7.47,3.53399207695773,0.280568066607731,1.6234,1707.0491,0.47383745279862893,AM,AM,False,False,False,False,0,,Al+Cu+Zr,Al+Cu+Zr,0.0,0.03,0.0,0.0,0.0,0.0,0.0,0.0,0.0,0.0,0.0,0.0,0.0,0.0,0.0,0.0,0.0,0.5,0.0,0.0,0.0,0.0,0.0,0.0,0.0,0.0,0.0,0.0,0.0,0.0,0.0,0.0,0.0,0.0,0.0,0.0,0.0,0.0,0.0,0.0,0.0,0.0,0.0,0.0,0.0,0.0,0.0,0.0,0.0,0.0,0.0,0.0,0.0,0.0,0.0,0.0,0.0,0.0,0.0,0.0,0.0,0.0,0.0,0.0,0.0,0.0,0.0,0.0,0.0,0.0,0.0,0.0,0.0,0.0,0.0,0.0,0.0,0.47
Cu51.5Zr40.5Al8,3,3,0.108847255365925,-25.0561,0.909872932188254,7.525,3.59017757221004,0.271608353148426,1.64595,1635.76915,0.4938823092129409,AM,AM,False,False,False,False,0,,Al+Cu+Zr,Al+Cu+Zr,0.0,0.08,0.0,0.0,0.0,0.0,0.0,0.0,0.0,0.0,0.0,0.0,0.0,0.0,0.0,0.0,0.0,0.515,0.0,0.0,0.0,0.0,0.0,0.0,0.0,0.0,0.0,0.0,0.0,0.0,0.0,0.0,0.0,0.0,0.0,0.0,0.0,0.0,0.0,0.0,0.0,0.0,0.0,0.0,0.0,0.0,0.0,0.0,0.0,0.0,0.0,0.0,0.0,0.0,0.0,0.0,0.0,0.0,0.0,0.0,0.0,0.0,0.0,0.0,0.0,0.0,0.0,0.0,0.0,0.0,0.0,0.0,0.0,0.0,0.0,0.0,0.0,0.405
Cu52.5Zr42.5Al5,3,3,0.110629219131334,-24.3725,0.85173214405725,7.625,3.55448660146582,0.276345684786283,1.64325,1663.90275,0.4834650489479143,AM,AM,False,False,False,False,0,,Al+Cu+Zr,Al+Cu+Zr,0.0,0.05,0.0,0.0,0.0,0.0,0.0,0.0,0.0,0.0,0.0,0.0,0.0,0.0,0.0,0.0,0.0,0.525,0.0,0.0,0.0,0.0,0.0,0.0,0.0,0.0,0.0,0.0,0.0,0.0,0.0,0.0,0.0,0.0,0.0,0.0,0.0,0.0,0.0,0.0,0.0,0.0,0.0,0.0,0.0,0.0,0.0,0.0,0.0,0.0,0.0,0.0,0.0,0.0,0.0,0.0,0.0,0.0,0.0,0.0,0.0,0.0,0.0,0.0,0.0,0.0,0.0,0.0,0.0,0.0,0.0,0.0,0.0,0.0,0.0,0.0,0.0,0.425
Cu53.2Zr41.8Al5,3,3,0.110625143697646,-24.243392,0.850148553585627,7.674,3.55242508717636,0.275908648650237,1.64724,1658.51114,0.48356405913085254,AM,AM,False,False,False,False,0,,Al+Cu+Zr,Al+Cu+Zr,0.0,0.05,0.0,0.0,0.0,0.0,0.0,0.0,0.0,0.0,0.0,0.0,0.0,0.0,0.0,0.0,0.0,0.532,0.0,0.0,0.0,0.0,0.0,0.0,0.0,0.0,0.0,0.0,0.0,0.0,0.0,0.0,0.0,0.0,0.0,0.0,0.0,0.0,0.0,0.0,0.0,0.0,0.0,0.0,0.0,0.0,0.0,0.0,0.0,0.0,0.0,0.0,0.0,0.0,0.0,0.0,0.0,0.0,0.0,0.0,0.0,0.0,0.0,0.0,0.0,0.0,0.0,0.0,0.0,0.0,0.0,0.0,0.0,0.0,0.0,0.0,0.0,0.418
Cu54Zr42.5Al3.5,3,3,0.111504929444056,-23.8076,0.813732864675638,7.745,3.53128517681594,0.278065172216874,1.6476,1670.26725,0.4746641041518208,AM,AM,False,False,False,False,0,,Al+Cu+Zr,Al+Cu+Zr,0.0,0.035,0.0,0.0,0.0,0.0,0.0,0.0,0.0,0.0,0.0,0.0,0.0,0.0,0.0,0.0,0.0,0.54,0.0,0.0,0.0,0.0,0.0,0.0,0.0,0.0,0.0,0.0,0.0,0.0,0.0,0.0,0.0,0.0,0.0,0.0,0.0,0.0,0.0,0.0,0.0,0.0,0.0,0.0,0.0,0.0,0.0,0.0,0.0,0.0,0.0,0.0,0.0,0.0,0.0,0.0,0.0,0.0,0.0,0.0,0.0,0.0,0.0,0.0,0.0,0.0,0.0,0.0,0.0,0.0,0.0,0.0,0.0,0.0,0.0,0.0,0.0,0.425
Cu55Zr40Al5,3,3,0.110505977549615,-23.87,0.845113256842953,7.8,3.54400902933387,0.274515482259198,1.6575,1644.647,0.484138229388084,AM,AM,False,False,False,False,0,,Al+Cu+Zr,Al+Cu+Zr,0.0,0.05,0.0,0.0,0.0,0.0,0.0,0.0,0.0,0.0,0.0,0.0,0.0,0.0,0.0,0.0,0.0,0.55,0.0,0.0,0.0,0.0,0.0,0.0,0.0,0.0,0.0,0.0,0.0,0.0,0.0,0.0,0.0,0.0,0.0,0.0,0.0,0.0,0.0,0.0,0.0,0.0,0.0,0.0,0.0,0.0,0.0,0.0,0.0,0.0,0.0,0.0,0.0,0.0,0.0,0.0,0.0,0.0,0.0,0.0,0.0,0.0,0.0,0.0,0.0,0.0,0.0,0.0,0.0,0.0,0.0,0.0,0.0,0.0,0.0,0.0,0.0,0.4
Cu58.1Zr35.9Al6,3,3,0.109164108657412,-23.119748,0.852061678050558,8.007,3.53170652801164,0.269049770674498,1.67797,1608.82457,0.4929817161033644,AM,AM,False,False,False,False,0,,Al+Cu+Zr,Al+Cu+Zr,0.0,0.06,0.0,0.0,0.0,0.0,0.0,0.0,0.0,0.0,0.0,0.0,0.0,0.0,0.0,0.0,0.0,0.581,0.0,0.0,0.0,0.0,0.0,0.0,0.0,0.0,0.0,0.0,0.0,0.0,0.0,0.0,0.0,0.0,0.0,0.0,0.0,0.0,0.0,0.0,0.0,0.0,0.0,0.0,0.0,0.0,0.0,0.0,0.0,0.0,0.0,0.0,0.0,0.0,0.0,0.0,0.0,0.0,0.0,0.0,0.0,0.0,0.0,0.0,0.0,0.0,0.0,0.0,0.0,0.0,0.0,0.0,0.0,0.0,0.0,0.0,0.0,0.359
Cu58.7Zr36.3Al3.5,3,3,0.110590442780397,-22.5944621093045,0.794931001345324,8.13604060913706,3.48277422508543,0.272327192776034,1.6796345177665,1626.54460913706,0.4758034547812693,AM,AM,False,False,False,False,0,,Al+Cu+Zr,Al+Cu+Zr,0.0,0.03553299492385787,0.0,0.0,0.0,0.0,0.0,0.0,0.0,0.0,0.0,0.0,0.0,0.0,0.0,0.0,0.0,0.5959390862944163,0.0,0.0,0.0,0.0,0.0,0.0,0.0,0.0,0.0,0.0,0.0,0.0,0.0,0.0,0.0,0.0,0.0,0.0,0.0,0.0,0.0,0.0,0.0,0.0,0.0,0.0,0.0,0.0,0.0,0.0,0.0,0.0,0.0,0.0,0.0,0.0,0.0,0.0,0.0,0.0,0.0,0.0,0.0,0.0,0.0,0.0,0.0,0.0,0.0,0.0,0.0,0.0,0.0,0.0,0.0,0.0,0.0,0.0,0.0,0.36852791878172586
Cu59.6Zr36.9Al3.5,3,3,0.110629231129976,-22.589488,0.793650697608105,8.137,3.48198664558036,0.27243378938744,1.67952,1627.13437,0.47531401347833824,AM,AM,False,False,False,False,0,,Al+Cu+Zr,Al+Cu+Zr,0.0,0.035,0.0,0.0,0.0,0.0,0.0,0.0,0.0,0.0,0.0,0.0,0.0,0.0,0.0,0.0,0.0,0.596,0.0,0.0,0.0,0.0,0.0,0.0,0.0,0.0,0.0,0.0,0.0,0.0,0.0,0.0,0.0,0.0,0.0,0.0,0.0,0.0,0.0,0.0,0.0,0.0,0.0,0.0,0.0,0.0,0.0,0.0,0.0,0.0,0.0,0.0,0.0,0.0,0.0,0.0,0.0,0.0,0.0,0.0,0.0,0.0,0.0,0.0,0.0,0.0,0.0,0.0,0.0,0.0,0.0,0.0,0.0,0.0,0.0,0.0,0.0,0.369
Cu60.3Zr37.2Al2.5,3,3,0.111180044052053,-22.334172,0.765098799944329,8.196,3.45913052659191,0.273636978312508,1.68071,1633.68806,0.4653192124610945,AM,AM,False,False,False,False,0,,Al+Cu+Zr,Al+Cu+Zr,0.0,0.025,0.0,0.0,0.0,0.0,0.0,0.0,0.0,0.0,0.0,0.0,0.0,0.0,0.0,0.0,0.0,0.603,0.0,0.0,0.0,0.0,0.0,0.0,0.0,0.0,0.0,0.0,0.0,0.0,0.0,0.0,0.0,0.0,0.0,0.0,0.0,0.0,0.0,0.0,0.0,0.0,0.0,0.0,0.0,0.0,0.0,0.0,0.0,0.0,0.0,0.0,0.0,0.0,0.0,0.0,0.0,0.0,0.0,0.0,0.0,0.0,0.0,0.0,0.0,0.0,0.0,0.0,0.0,0.0,0.0,0.0,0.0,0.0,0.0,0.0,0.0,0.37200000000000005
Cu60Zr30Ti10,3,3,0.105535827585872,-18.72,0.89794572485678,8.2,3.42928563989645,0.259963458970679,1.693,1647.162,0.6569234156511998,AM,AM,False,False,False,False,0,,Cu+Ti+Zr,Cu+Ti+Zr,0.0,0.0,0.0,0.0,0.0,0.0,0.0,0.0,0.0,0.0,0.0,0.0,0.0,0.0,0.0,0.0,0.0,0.6,0.0,0.0,0.0,0.0,0.0,0.0,0.0,0.0,0.0,0.0,0.0,0.0,0.0,0.0,0.0,0.0,0.0,0.0,0.0,0.0,0.0,0.0,0.0,0.0,0.0,0.0,0.0,0.0,0.0,0.0,0.0,0.0,0.0,0.0,0.0,0.0,0.0,0.0,0.0,0.0,0.0,0.0,0.0,0.0,0.0,0.0,0.0,0.0,0.0,0.0,0.0,0.1,0.0,0.0,0.0,0.0,0.0,0.0,0.0,0.3
FeCoNi,3,3,0.00327647103101002,-1.33333333333333,1.09861228866811,9.0,0.816496580927726,0.0329983164553722,1.87333333333333,1769.0,12.119026466603708,SS,FCC,True,False,False,False,1,FCC,Co+Fe+Ni,Co+Fe+Ni,0.0,0.0,0.0,0.0,0.0,0.0,0.0,0.0,0.0,0.0,0.0,0.0,0.0,0.0,0.3333333333333333,0.0,0.0,0.0,0.0,0.0,0.0,0.0,0.3333333333333333,0.0,0.0,0.0,0.0,0.0,0.0,0.0,0.0,0.0,0.0,0.0,0.0,0.0,0.0,0.0,0.0,0.0,0.0,0.0,0.0,0.0,0.0,0.3333333333333333,0.0,0.0,0.0,0.0,0.0,0.0,0.0,0.0,0.0,0.0,0.0,0.0,0.0,0.0,0.0,0.0,0.0,0.0,0.0,0.0,0.0,0.0,0.0,0.0,0.0,0.0,0.0,0.0,0.0,0.0,0.0,0.0
Fe91Hf7B2,3,3,0.0844905134057343,-7.6132,0.350211381012687,7.62,1.21474277112482,0.139508386844663,1.7971,1870.41,0.7153754257036874,SS,BCC,False,True,False,False,1,BCC,B+Fe+Hf,B+Fe+Hf,0.0,0.0,0.0,0.0,0.02,0.0,0.0,0.0,0.0,0.0,0.0,0.0,0.0,0.0,0.0,0.0,0.0,0.0,0.0,0.0,0.0,0.0,0.91,0.0,0.0,0.0,0.0,0.07,0.0,0.0,0.0,0.0,0.0,0.0,0.0,0.0,0.0,0.0,0.0,0.0,0.0,0.0,0.0,0.0,0.0,0.0,0.0,0.0,0.0,0.0,0.0,0.0,0.0,0.0,0.0,0.0,0.0,0.0,0.0,0.0,0.0,0.0,0.0,0.0,0.0,0.0,0.0,0.0,0.0,0.0,0.0,0.0,0.0,0.0,0.0,0.0,0.0,0.0
FeMnNi,3,3,0.0392854270566834,-4.44444444444445,1.09861228866811,8.33333333333333,1.24721912892465,0.154344492037203,1.76333333333333,1686.0,3.465123565182664,SS,FCC,True,False,False,False,1,FCC,Fe+Mn+Ni,Fe+Mn+Ni,0.0,0.0,0.0,0.0,0.0,0.0,0.0,0.0,0.0,0.0,0.0,0.0,0.0,0.0,0.0,0.0,0.0,0.0,0.0,0.0,0.0,0.0,0.3333333333333333,0.0,0.0,0.0,0.0,0.0,0.0,0.0,0.0,0.0,0.0,0.0,0.0,0.0,0.0,0.0,0.3333333333333333,0.0,0.0,0.0,0.0,0.0,0.0,0.3333333333333333,0.0,0.0,0.0,0.0,0.0,0.0,0.0,0.0,0.0,0.0,0.0,0.0,0.0,0.0,0.0,0.0,0.0,0.0,0.0,0.0,0.0,0.0,0.0,0.0,0.0,0.0,0.0,0.0,0.0,0.0,0.0,0.0
Fe89Zr5B6,3,3,0.106093360743141,-10.8556,0.422306353151099,7.5,1.43178210632764,0.12244280297347,1.8176,1859.13,0.6013367230990879,SS,BCC,False,True,False,False,1,BCC,B+Fe+Zr,B+Fe+Zr,0.0,0.0,0.0,0.0,0.06,0.0,0.0,0.0,0.0,0.0,0.0,0.0,0.0,0.0,0.0,0.0,0.0,0.0,0.0,0.0,0.0,0.0,0.89,0.0,0.0,0.0,0.0,0.0,0.0,0.0,0.0,0.0,0.0,0.0,0.0,0.0,0.0,0.0,0.0,0.0,0.0,0.0,0.0,0.0,0.0,0.0,0.0,0.0,0.0,0.0,0.0,0.0,0.0,0.0,0.0,0.0,0.0,0.0,0.0,0.0,0.0,0.0,0.0,0.0,0.0,0.0,0.0,0.0,0.0,0.0,0.0,0.0,0.0,0.0,0.0,0.0,0.0,0.05
Fe89Zr7B4,3,3,0.101834155846682,-10.7276,0.418618332047819,7.52,1.37462722219517,0.136222024650935,1.8034,1854.71,0.6017635386644701,SS,BCC,False,True,False,False,1,BCC,B+Fe+Zr,B+Fe+Zr,0.0,0.0,0.0,0.0,0.04,0.0,0.0,0.0,0.0,0.0,0.0,0.0,0.0,0.0,0.0,0.0,0.0,0.0,0.0,0.0,0.0,0.0,0.89,0.0,0.0,0.0,0.0,0.0,0.0,0.0,0.0,0.0,0.0,0.0,0.0,0.0,0.0,0.0,0.0,0.0,0.0,0.0,0.0,0.0,0.0,0.0,0.0,0.0,0.0,0.0,0.0,0.0,0.0,0.0,0.0,0.0,0.0,0.0,0.0,0.0,0.0,0.0,0.0,0.0,0.0,0.0,0.0,0.0,0.0,0.0,0.0,0.0,0.0,0.0,0.0,0.0,0.0,0.07
Gd56Al24Co20,3,3,0.144683106488798,-34.4704,0.989093865182103,4.2,2.4,0.279071030384739,1.4344,1465.2328,0.3495682675472591,AM,AM,False,False,False,False,0,,Al+Co+Gd,Al+Co+Gd,0.0,0.24,0.0,0.0,0.0,0.0,0.0,0.0,0.0,0.0,0.0,0.0,0.0,0.0,0.2,0.0,0.0,0.0,0.0,0.0,0.0,0.0,0.0,0.0,0.56,0.0,0.0,0.0,0.0,0.0,0.0,0.0,0.0,0.0,0.0,0.0,0.0,0.0,0.0,0.0,0.0,0.0,0.0,0.0,0.0,0.0,0.0,0.0,0.0,0.0,0.0,0.0,0.0,0.0,0.0,0.0,0.0,0.0,0.0,0.0,0.0,0.0,0.0,0.0,0.0,0.0,0.0,0.0,0.0,0.0,0.0,0.0,0.0,0.0,0.0,0.0,0.0,0.0
La55Al25Cu20,3,3,0.158779616789989,-30.34,0.997271523182384,4.6,3.2,0.332217925464596,1.3875,1161.0715,0.3173152843195732,AM,AM,False,False,False,False,0,,Al+Cu+La,Al+Cu+La,0.0,0.25,0.0,0.0,0.0,0.0,0.0,0.0,0.0,0.0,0.0,0.0,0.0,0.0,0.0,0.0,0.0,0.2,0.0,0.0,0.0,0.0,0.0,0.0,0.0,0.0,0.0,0.0,0.0,0.0,0.0,0.0,0.0,0.0,0.55,0.0,0.0,0.0,0.0,0.0,0.0,0.0,0.0,0.0,0.0,0.0,0.0,0.0,0.0,0.0,0.0,0.0,0.0,0.0,0.0,0.0,0.0,0.0,0.0,0.0,0.0,0.0,0.0,0.0,0.0,0.0,0.0,0.0,0.0,0.0,0.0,0.0,0.0,0.0,0.0,0.0,0.0,0.0
La66Al14Cu20,3,3,0.152377934440673,-25.2448,0.871383575393716,4.6,3.2,0.332968527041221,1.3314,1189.6198,0.34141280393845064,AM,AM,False,False,False,False,0,,Al+Cu+La,Al+Cu+La,0.0,0.14,0.0,0.0,0.0,0.0,0.0,0.0,0.0,0.0,0.0,0.0,0.0,0.0,0.0,0.0,0.0,0.2,0.0,0.0,0.0,0.0,0.0,0.0,0.0,0.0,0.0,0.0,0.0,0.0,0.0,0.0,0.0,0.0,0.66,0.0,0.0,0.0,0.0,0.0,0.0,0.0,0.0,0.0,0.0,0.0,0.0,0.0,0.0,0.0,0.0,0.0,0.0,0.0,0.0,0.0,0.0,0.0,0.0,0.0,0.0,0.0,0.0,0.0,0.0,0.0,0.0,0.0,0.0,0.0,0.0,0.0,0.0,0.0,0.0,0.0,0.0,0.0
La55Al25Ni20,3,3,0.164996523884427,-37.18,0.997271523182384,4.4,2.8,0.335312913559857,1.3895,1235.1175,0.27545235694328457,AM,AM,False,False,False,False,0,,Al+La+Ni,Al+La+Ni,0.0,0.25,0.0,0.0,0.0,0.0,0.0,0.0,0.0,0.0,0.0,0.0,0.0,0.0,0.0,0.0,0.0,0.0,0.0,0.0,0.0,0.0,0.0,0.0,0.0,0.0,0.0,0.0,0.0,0.0,0.0,0.0,0.0,0.0,0.55,0.0,0.0,0.0,0.0,0.0,0.0,0.0,0.0,0.0,0.0,0.2,0.0,0.0,0.0,0.0,0.0,0.0,0.0,0.0,0.0,0.0,0.0,0.0,0.0,0.0,0.0,0.0,0.0,0.0,0.0,0.0,0.0,0.0,0.0,0.0,0.0,0.0,0.0,0.0,0.0,0.0,0.0,0.0
Mg32Al24.5Zn24.5,3,3,0.0623730179954775,-2.50190519737845,1.09026975159127,5.32716049382716,4.41354571341061,0.15720795885026,1.50358024691358,856.502160493827,3.1033142935644715,IM,IM,False,False,True,False,0,,Al+Mg+Zn,Al+Mg+Zn,0.0,0.30246913580246915,0.0,0.0,0.0,0.0,0.0,0.0,0.0,0.0,0.0,0.0,0.0,0.0,0.0,0.0,0.0,0.0,0.0,0.0,0.0,0.0,0.0,0.0,0.0,0.0,0.0,0.0,0.0,0.0,0.0,0.0,0.0,0.0,0.0,0.0,0.0,0.3950617283950617,0.0,0.0,0.0,0.0,0.0,0.0,0.0,0.0,0.0,0.0,0.0,0.0,0.0,0.0,0.0,0.0,0.0,0.0,0.0,0.0,0.0,0.0,0.0,0.0,0.0,0.0,0.0,0.0,0.0,0.0,0.0,0.0,0.0,0.0,0.0,0.0,0.0,0.0,0.30246913580246915,0.0
Mg65Cu25Gd10,3,3,0.105473258320636,-5.71,0.856840995039472,4.35,3.85064929589803,0.263823331038026,1.4465,1097.8925,1.3698030598471225,AM,AM,False,False,False,False,0,,Cu+Gd+Mg,Cu+Gd+Mg,0.0,0.0,0.0,0.0,0.0,0.0,0.0,0.0,0.0,0.0,0.0,0.0,0.0,0.0,0.0,0.0,0.0,0.25,0.0,0.0,0.0,0.0,0.0,0.0,0.1,0.0,0.0,0.0,0.0,0.0,0.0,0.0,0.0,0.0,0.0,0.0,0.0,0.65,0.0,0.0,0.0,0.0,0.0,0.0,0.0,0.0,0.0,0.0,0.0,0.0,0.0,0.0,0.0,0.0,0.0,0.0,0.0,0.0,0.0,0.0,0.0,0.0,0.0,0.0,0.0,0.0,0.0,0.0,0.0,0.0,0.0,0.0,0.0,0.0,0.0,0.0,0.0,0.0
Mg65Cu25Y10,3,3,0.105570740055854,-5.71,0.856840995039472,4.35,3.85064929589803,0.262016697941181,1.4485,1119.2925,1.3965031106086756,AM,AM,False,False,False,False,0,,Cu+Mg+Y,Cu+Mg+Y,0.0,0.0,0.0,0.0,0.0,0.0,0.0,0.0,0.0,0.0,0.0,0.0,0.0,0.0,0.0,0.0,0.0,0.25,0.0,0.0,0.0,0.0,0.0,0.0,0.0,0.0,0.0,0.0,0.0,0.0,0.0,0.0,0.0,0.0,0.0,0.0,0.0,0.65,0.0,0.0,0.0,0.0,0.0,0.0,0.0,0.0,0.0,0.0,0.0,0.0,0.0,0.0,0.0,0.0,0.0,0.0,0.0,0.0,0.0,0.0,0.0,0.0,0.0,0.0,0.0,0.0,0.0,0.0,0.0,0.0,0.0,0.0,0.0,0.0,0.1,0.0,0.0,0.0
Mg65Ni20Nd15,3,3,0.0947769243229735,-8.02,0.886464475679798,3.75,3.14443953670602,0.259624247711958,1.4045,1140.1,1.0477655108641675,AM,AM,False,False,False,False,0,,Mg+Nd+Ni,Mg+Nd+Ni,0.0,0.0,0.0,0.0,0.0,0.0,0.0,0.0,0.0,0.0,0.0,0.0,0.0,0.0,0.0,0.0,0.0,0.0,0.0,0.0,0.0,0.0,0.0,0.0,0.0,0.0,0.0,0.0,0.0,0.0,0.0,0.0,0.0,0.0,0.0,0.0,0.0,0.65,0.0,0.0,0.0,0.0,0.0,0.15,0.0,0.2,0.0,0.0,0.0,0.0,0.0,0.0,0.0,0.0,0.0,0.0,0.0,0.0,0.0,0.0,0.0,0.0,0.0,0.0,0.0,0.0,0.0,0.0,0.0,0.0,0.0,0.0,0.0,0.0,0.0,0.0,0.0,0.0
Mg70Ni15Nd15,3,3,0.0836398259427259,-6.9,0.818808456222877,3.35,2.81558164506022,0.232754699200682,1.3745,1099.85,1.0851777301129066,AM,AM,False,False,False,False,0,,Mg+Nd+Ni,Mg+Nd+Ni,0.0,0.0,0.0,0.0,0.0,0.0,0.0,0.0,0.0,0.0,0.0,0.0,0.0,0.0,0.0,0.0,0.0,0.0,0.0,0.0,0.0,0.0,0.0,0.0,0.0,0.0,0.0,0.0,0.0,0.0,0.0,0.0,0.0,0.0,0.0,0.0,0.0,0.7,0.0,0.0,0.0,0.0,0.0,0.15,0.0,0.15,0.0,0.0,0.0,0.0,0.0,0.0,0.0,0.0,0.0,0.0,0.0,0.0,0.0,0.0,0.0,0.0,0.0,0.0,0.0,0.0,0.0,0.0,0.0,0.0,0.0,0.0,0.0,0.0,0.0,0.0,0.0,0.0
Mg75Ni15Nd10,3,3,0.0830859001504495,-5.4,0.730588061371122,3.3,2.83019433961698,0.227070473641995,1.383,1081.15,1.2161830573436498,AM,AM,False,False,False,False,0,,Mg+Nd+Ni,Mg+Nd+Ni,0.0,0.0,0.0,0.0,0.0,0.0,0.0,0.0,0.0,0.0,0.0,0.0,0.0,0.0,0.0,0.0,0.0,0.0,0.0,0.0,0.0,0.0,0.0,0.0,0.0,0.0,0.0,0.0,0.0,0.0,0.0,0.0,0.0,0.0,0.0,0.0,0.0,0.75,0.0,0.0,0.0,0.0,0.0,0.1,0.0,0.15,0.0,0.0,0.0,0.0,0.0,0.0,0.0,0.0,0.0,0.0,0.0,0.0,0.0,0.0,0.0,0.0,0.0,0.0,0.0,0.0,0.0,0.0,0.0,0.0,0.0,0.0,0.0,0.0,0.0,0.0,0.0,0.0
Mg80Ni10Nd10,3,3,0.0690870866614204,-4.4,0.639031859650177,2.9,2.38537208837531,0.19246038553427,1.353,1040.9,1.2569356034048207,AM,AM,False,False,False,False,0,,Mg+Nd+Ni,Mg+Nd+Ni,0.0,0.0,0.0,0.0,0.0,0.0,0.0,0.0,0.0,0.0,0.0,0.0,0.0,0.0,0.0,0.0,0.0,0.0,0.0,0.0,0.0,0.0,0.0,0.0,0.0,0.0,0.0,0.0,0.0,0.0,0.0,0.0,0.0,0.0,0.0,0.0,0.0,0.8,0.0,0.0,0.0,0.0,0.0,0.1,0.0,0.1,0.0,0.0,0.0,0.0,0.0,0.0,0.0,0.0,0.0,0.0,0.0,0.0,0.0,0.0,0.0,0.0,0.0,0.0,0.0,0.0,0.0,0.0,0.0,0.0,0.0,0.0,0.0,0.0,0.0,0.0,0.0,0.0
Mg2Ni9Y,3,3,0.1396766643302,-10.0833333333333,0.721463686692512,8.08333333333333,3.32812092461931,0.27362154520432,1.7525,1599.75,0.9516925209407294,IM,IM,False,False,True,False,0,,Mg+Ni+Y,Mg+Ni+Y,0.0,0.0,0.0,0.0,0.0,0.0,0.0,0.0,0.0,0.0,0.0,0.0,0.0,0.0,0.0,0.0,0.0,0.0,0.0,0.0,0.0,0.0,0.0,0.0,0.0,0.0,0.0,0.0,0.0,0.0,0.0,0.0,0.0,0.0,0.0,0.0,0.0,0.16666666666666666,0.0,0.0,0.0,0.0,0.0,0.0,0.0,0.75,0.0,0.0,0.0,0.0,0.0,0.0,0.0,0.0,0.0,0.0,0.0,0.0,0.0,0.0,0.0,0.0,0.0,0.0,0.0,0.0,0.0,0.0,0.0,0.0,0.0,0.0,0.0,0.0,0.08333333333333333,0.0,0.0,0.0
MgNi4Y,3,3,0.159122210475444,-16.2222222222222,0.867563228481461,7.5,3.54729944229879,0.305163890393343,1.695,1605.66666666667,0.7139706622182297,IM,IM,False,False,True,False,0,,Mg+Ni+Y,Mg+Ni+Y,0.0,0.0,0.0,0.0,0.0,0.0,0.0,0.0,0.0,0.0,0.0,0.0,0.0,0.0,0.0,0.0,0.0,0.0,0.0,0.0,0.0,0.0,0.0,0.0,0.0,0.0,0.0,0.0,0.0,0.0,0.0,0.0,0.0,0.0,0.0,0.0,0.0,0.16666666666666666,0.0,0.0,0.0,0.0,0.0,0.0,0.0,0.6666666666666666,0.0,0.0,0.0,0.0,0.0,0.0,0.0,0.0,0.0,0.0,0.0,0.0,0.0,0.0,0.0,0.0,0.0,0.0,0.0,0.0,0.0,0.0,0.0,0.0,0.0,0.0,0.0,0.0,0.16666666666666666,0.0,0.0,0.0
Mg70Ni20Y10,3,3,0.105323150854708,-6.4,0.801818552543337,3.7,3.16385840391128,0.245945115828715,1.421,1171.6,1.2204210079707476,AM,AM,False,False,False,False,0,,Mg+Ni+Y,Mg+Ni+Y,0.0,0.0,0.0,0.0,0.0,0.0,0.0,0.0,0.0,0.0,0.0,0.0,0.0,0.0,0.0,0.0,0.0,0.0,0.0,0.0,0.0,0.0,0.0,0.0,0.0,0.0,0.0,0.0,0.0,0.0,0.0,0.0,0.0,0.0,0.0,0.0,0.0,0.7,0.0,0.0,0.0,0.0,0.0,0.0,0.0,0.2,0.0,0.0,0.0,0.0,0.0,0.0,0.0,0.0,0.0,0.0,0.0,0.0,0.0,0.0,0.0,0.0,0.0,0.0,0.0,0.0,0.0,0.0,0.0,0.0,0.0,0.0,0.0,0.0,0.1,0.0,0.0,0.0
MoRhRu,3,3,0.00780799258474112,-12.4444444444444,1.09861228866811,7.66666666666667,1.24721912892465,0.0498887651569857,2.21333333333333,2580.0,1.8937508045609464,SS,HCP,False,False,False,True,1,,Mo+Rh+Ru,Mo+Rh+Ru,0.0,0.0,0.0,0.0,0.0,0.0,0.0,0.0,0.0,0.0,0.0,0.0,0.0,0.0,0.0,0.0,0.0,0.0,0.0,0.0,0.0,0.0,0.0,0.0,0.0,0.0,0.0,0.0,0.0,0.0,0.0,0.0,0.0,0.0,0.0,0.0,0.0,0.0,0.0,0.3333333333333333,0.0,0.0,0.0,0.0,0.0,0.0,0.0,0.0,0.0,0.0,0.0,0.0,0.0,0.0,0.0,0.0,0.3333333333333333,0.3333333333333333,0.0,0.0,0.0,0.0,0.0,0.0,0.0,0.0,0.0,0.0,0.0,0.0,0.0,0.0,0.0,0.0,0.0,0.0,0.0,0.0
Nd60Fe30Al10,3,3,0.119940772581848,-9.72,0.89794572485678,4.5,2.29128784747792,0.316865902236262,1.394,1414.847,1.086744586568142,AM,AM,False,False,False,False,0,,Al+Fe+Nd,Al+Fe+Nd,0.0,0.1,0.0,0.0,0.0,0.0,0.0,0.0,0.0,0.0,0.0,0.0,0.0,0.0,0.0,0.0,0.0,0.0,0.0,0.0,0.0,0.0,0.3,0.0,0.0,0.0,0.0,0.0,0.0,0.0,0.0,0.0,0.0,0.0,0.0,0.0,0.0,0.0,0.0,0.0,0.0,0.0,0.0,0.6,0.0,0.0,0.0,0.0,0.0,0.0,0.0,0.0,0.0,0.0,0.0,0.0,0.0,0.0,0.0,0.0,0.0,0.0,0.0,0.0,0.0,0.0,0.0,0.0,0.0,0.0,0.0,0.0,0.0,0.0,0.0,0.0,0.0,0.0
Ni45Ti20Zr35,3,3,0.113283349627705,-43.47,1.04865378935935,6.7,2.98496231131986,0.26151672986637,1.633,1910.6,0.3832184842780428,AM,AM,False,False,False,False,0,,Ni+Ti+Zr,Ni+Ti+Zr,0.0,0.0,0.0,0.0,0.0,0.0,0.0,0.0,0.0,0.0,0.0,0.0,0.0,0.0,0.0,0.0,0.0,0.0,0.0,0.0,0.0,0.0,0.0,0.0,0.0,0.0,0.0,0.0,0.0,0.0,0.0,0.0,0.0,0.0,0.0,0.0,0.0,0.0,0.0,0.0,0.0,0.0,0.0,0.0,0.0,0.45,0.0,0.0,0.0,0.0,0.0,0.0,0.0,0.0,0.0,0.0,0.0,0.0,0.0,0.0,0.0,0.0,0.0,0.0,0.0,0.0,0.0,0.0,0.0,0.2,0.0,0.0,0.0,0.0,0.0,0.0,0.0,0.35
Ni57.5Zr35Al7.5,3,3,0.120628776118415,-47.86,0.879904292939227,7.375,3.06339272702669,0.271366449658022,1.6845,1808.41025,0.2764355462506252,AM,AM,False,False,False,False,0,,Al+Ni+Zr,Al+Ni+Zr,0.0,0.075,0.0,0.0,0.0,0.0,0.0,0.0,0.0,0.0,0.0,0.0,0.0,0.0,0.0,0.0,0.0,0.0,0.0,0.0,0.0,0.0,0.0,0.0,0.0,0.0,0.0,0.0,0.0,0.0,0.0,0.0,0.0,0.0,0.0,0.0,0.0,0.0,0.0,0.0,0.0,0.0,0.0,0.0,0.0,0.575,0.0,0.0,0.0,0.0,0.0,0.0,0.0,0.0,0.0,0.0,0.0,0.0,0.0,0.0,0.0,0.0,0.0,0.0,0.0,0.0,0.0,0.0,0.0,0.0,0.0,0.0,0.0,0.0,0.0,0.0,0.0,0.35
Pd77.5Cu6Si16.5,3,3,0.062310989226584,-31.4889,0.663644754306371,9.07,2.26607590340659,0.125274698163676,2.1325,1776.55995,0.3113093958238801,AM,AM,False,False,False,False,0,,Cu+Pd+Si,Cu+Pd+Si,0.0,0.0,0.0,0.0,0.0,0.0,0.0,0.0,0.0,0.0,0.0,0.0,0.0,0.0,0.0,0.0,0.0,0.06,0.0,0.0,0.0,0.0,0.0,0.0,0.0,0.0,0.0,0.0,0.0,0.0,0.0,0.0,0.0,0.0,0.0,0.0,0.0,0.0,0.0,0.0,0.0,0.0,0.0,0.0,0.0,0.0,0.0,0.0,0.0,0.0,0.0,0.775,0.0,0.0,0.0,0.0,0.0,0.0,0.0,0.0,0.0,0.0,0.165,0.0,0.0,0.0,0.0,0.0,0.0,0.0,0.0,0.0,0.0,0.0,0.0,0.0,0.0,0.0
Pd77Cu6Si17,3,3,0.06304194087564,-32.1604,0.671288174517515,9.04,2.29312014512978,0.126249752475005,2.131,1775.8547,0.30819754080804823,AM,AM,False,False,False,False,0,,Cu+Pd+Si,Cu+Pd+Si,0.0,0.0,0.0,0.0,0.0,0.0,0.0,0.0,0.0,0.0,0.0,0.0,0.0,0.0,0.0,0.0,0.0,0.06,0.0,0.0,0.0,0.0,0.0,0.0,0.0,0.0,0.0,0.0,0.0,0.0,0.0,0.0,0.0,0.0,0.0,0.0,0.0,0.0,0.0,0.0,0.0,0.0,0.0,0.0,0.0,0.0,0.0,0.0,0.0,0.0,0.0,0.77,0.0,0.0,0.0,0.0,0.0,0.0,0.0,0.0,0.0,0.0,0.17,0.0,0.0,0.0,0.0,0.0,0.0,0.0,0.0,0.0,0.0,0.0,0.0,0.0,0.0,0.0
Pd78Cu6Si16,3,3,0.0615625407513435,-30.8064,0.655817537458162,9.1,2.23830292855994,0.124273891063248,2.134,1777.2652,0.31457810956449384,AM,AM,False,False,False,False,0,,Cu+Pd+Si,Cu+Pd+Si,0.0,0.0,0.0,0.0,0.0,0.0,0.0,0.0,0.0,0.0,0.0,0.0,0.0,0.0,0.0,0.0,0.0,0.06,0.0,0.0,0.0,0.0,0.0,0.0,0.0,0.0,0.0,0.0,0.0,0.0,0.0,0.0,0.0,0.0,0.0,0.0,0.0,0.0,0.0,0.0,0.0,0.0,0.0,0.0,0.0,0.0,0.0,0.0,0.0,0.0,0.0,0.78,0.0,0.0,0.0,0.0,0.0,0.0,0.0,0.0,0.0,0.0,0.16,0.0,0.0,0.0,0.0,0.0,0.0,0.0,0.0,0.0,0.0,0.0,0.0,0.0,0.0,0.0
Pd73Fe7Si20,3,3,0.0686275642026257,-34.8976,0.737774628805096,8.66,2.38419797835666,0.142141443639777,2.1141,1798.6465,0.3161608990290315,AM,AM,False,False,False,False,0,,Fe+Pd+Si,Fe+Pd+Si,0.0,0.0,0.0,0.0,0.0,0.0,0.0,0.0,0.0,0.0,0.0,0.0,0.0,0.0,0.0,0.0,0.0,0.0,0.0,0.0,0.0,0.0,0.07,0.0,0.0,0.0,0.0,0.0,0.0,0.0,0.0,0.0,0.0,0.0,0.0,0.0,0.0,0.0,0.0,0.0,0.0,0.0,0.0,0.0,0.0,0.0,0.0,0.0,0.0,0.0,0.0,0.73,0.0,0.0,0.0,0.0,0.0,0.0,0.0,0.0,0.0,0.0,0.2,0.0,0.0,0.0,0.0,0.0,0.0,0.0,0.0,0.0,0.0,0.0,0.0,0.0,0.0,0.0
Pd48Ni32P20,3,3,0.094092366335686,-22.848,1.03881175714559,9.0,2.0,0.133958799636306,2.1052,1493.884,0.5647285277932753,AM,AM,False,False,False,False,0,,Ni+P+Pd,Ni+P+Pd,0.0,0.0,0.0,0.0,0.0,0.0,0.0,0.0,0.0,0.0,0.0,0.0,0.0,0.0,0.0,0.0,0.0,0.0,0.0,0.0,0.0,0.0,0.0,0.0,0.0,0.0,0.0,0.0,0.0,0.0,0.0,0.0,0.0,0.0,0.0,0.0,0.0,0.0,0.0,0.0,0.0,0.0,0.0,0.0,0.0,0.32,0.0,0.0,0.0,0.2,0.0,0.48,0.0,0.0,0.0,0.0,0.0,0.0,0.0,0.0,0.0,0.0,0.0,0.0,0.0,0.0,0.0,0.0,0.0,0.0,0.0,0.0,0.0,0.0,0.0,0.0,0.0,0.0
Pd60Ni15P25,3,3,0.104128444671525,-27.075,0.937636962272449,8.75,2.1650635094611,0.102586548825857,2.154,1435.355,0.4132946328263013,AM,AM,False,False,False,False,0,,Ni+P+Pd,Ni+P+Pd,0.0,0.0,0.0,0.0,0.0,0.0,0.0,0.0,0.0,0.0,0.0,0.0,0.0,0.0,0.0,0.0,0.0,0.0,0.0,0.0,0.0,0.0,0.0,0.0,0.0,0.0,0.0,0.0,0.0,0.0,0.0,0.0,0.0,0.0,0.0,0.0,0.0,0.0,0.0,0.0,0.0,0.0,0.0,0.0,0.0,0.15,0.0,0.0,0.0,0.25,0.0,0.6,0.0,0.0,0.0,0.0,0.0,0.0,0.0,0.0,0.0,0.0,0.0,0.0,0.0,0.0,0.0,0.0,0.0,0.0,0.0,0.0,0.0,0.0,0.0,0.0,0.0,0.0
Sm2Fe17Ni3,3,3,0.12630903799771,-2.66115702479339,0.688917086263775,7.81818181818182,1.66886906824417,0.195096924417981,1.78090909090909,1757.31818181818,3.7825183378810974,IM,IM,False,False,True,False,0,,Fe+Ni+Sm,Fe+Ni+Sm,0.0,0.0,0.0,0.0,0.0,0.0,0.0,0.0,0.0,0.0,0.0,0.0,0.0,0.0,0.0,0.0,0.0,0.0,0.0,0.0,0.0,0.0,0.7727272727272727,0.0,0.0,0.0,0.0,0.0,0.0,0.0,0.0,0.0,0.0,0.0,0.0,0.0,0.0,0.0,0.0,0.0,0.0,0.0,0.0,0.0,0.0,0.13636363636363635,0.0,0.0,0.0,0.0,0.0,0.0,0.0,0.0,0.0,0.0,0.0,0.0,0.0,0.0,0.0,0.0,0.0,0.09090909090909091,0.0,0.0,0.0,0.0,0.0,0.0,0.0,0.0,0.0,0.0,0.0,0.0,0.0,0.0
Y60Fe30Al10,3,3,0.160846311152554,-11.16,0.89794572485678,4.5,2.29128784747792,0.278488778948093,1.442,1716.047,1.1480194761228943,AM,AM,False,False,False,False,0,,Al+Fe+Y,Al+Fe+Y,0.0,0.1,0.0,0.0,0.0,0.0,0.0,0.0,0.0,0.0,0.0,0.0,0.0,0.0,0.0,0.0,0.0,0.0,0.0,0.0,0.0,0.0,0.3,0.0,0.0,0.0,0.0,0.0,0.0,0.0,0.0,0.0,0.0,0.0,0.0,0.0,0.0,0.0,0.0,0.0,0.0,0.0,0.0,0.0,0.0,0.0,0.0,0.0,0.0,0.0,0.0,0.0,0.0,0.0,0.0,0.0,0.0,0.0,0.0,0.0,0.0,0.0,0.0,0.0,0.0,0.0,0.0,0.0,0.0,0.0,0.0,0.0,0.0,0.0,0.6,0.0,0.0,0.0
Zr66Al8Ni26,3,3,0.103809204633308,-44.7568,0.826537633030678,5.48,2.69250812440743,0.252463383483625,1.5032,1928.4376,0.2961033902352456,AM,AM,False,False,False,False,0,,Al+Ni+Zr,Al+Ni+Zr,0.0,0.08,0.0,0.0,0.0,0.0,0.0,0.0,0.0,0.0,0.0,0.0,0.0,0.0,0.0,0.0,0.0,0.0,0.0,0.0,0.0,0.0,0.0,0.0,0.0,0.0,0.0,0.0,0.0,0.0,0.0,0.0,0.0,0.0,0.0,0.0,0.0,0.0,0.0,0.0,0.0,0.0,0.0,0.0,0.0,0.26,0.0,0.0,0.0,0.0,0.0,0.0,0.0,0.0,0.0,0.0,0.0,0.0,0.0,0.0,0.0,0.0,0.0,0.0,0.0,0.0,0.0,0.0,0.0,0.0,0.0,0.0,0.0,0.0,0.0,0.0,0.0,0.66
Zr60Al15Ni25,3,3,0.102016245641767,-48.54,0.937636962272449,5.35,2.70693553672783,0.246761017991092,1.517,1848.8205,0.2969367017570045,AM,AM,False,False,False,False,0,,Al+Ni+Zr,Al+Ni+Zr,0.0,0.15,0.0,0.0,0.0,0.0,0.0,0.0,0.0,0.0,0.0,0.0,0.0,0.0,0.0,0.0,0.0,0.0,0.0,0.0,0.0,0.0,0.0,0.0,0.0,0.0,0.0,0.0,0.0,0.0,0.0,0.0,0.0,0.0,0.0,0.0,0.0,0.0,0.0,0.0,0.0,0.0,0.0,0.0,0.0,0.25,0.0,0.0,0.0,0.0,0.0,0.0,0.0,0.0,0.0,0.0,0.0,0.0,0.0,0.0,0.0,0.0,0.0,0.0,0.0,0.0,0.0,0.0,0.0,0.0,0.0,0.0,0.0,0.0,0.0,0.0,0.0,0.6
AlCoCuNi,4,4,0.0585201883210783,-8.0,1.38629436111989,8.25,3.11247489949718,0.124599357943771,1.825,1446.81,2.084544432366011,SS,FCC+BCC,True,True,False,False,1,,Al+Co+Cu+Ni,Al+Co+Cu+Ni,0.0,0.25,0.0,0.0,0.0,0.0,0.0,0.0,0.0,0.0,0.0,0.0,0.0,0.0,0.25,0.0,0.0,0.25,0.0,0.0,0.0,0.0,0.0,0.0,0.0,0.0,0.0,0.0,0.0,0.0,0.0,0.0,0.0,0.0,0.0,0.0,0.0,0.0,0.0,0.0,0.0,0.0,0.0,0.0,0.0,0.25,0.0,0.0,0.0,0.0,0.0,0.0,0.0,0.0,0.0,0.0,0.0,0.0,0.0,0.0,0.0,0.0,0.0,0.0,0.0,0.0,0.0,0.0,0.0,0.0,0.0,0.0,0.0,0.0,0.0,0.0,0.0,0.0
Al0.25CoFeNi,4,4,0.0394493025637091,-6.05917159763314,1.2852930241201,8.53846153846154,1.78089798504465,0.076999961576875,1.85307692307692,1704.72846153846,3.006618293082864,SS,FCC,True,False,False,False,1,FCC,Al+Co+Fe+Ni,Al+Co+Fe+Ni,0.0,0.07692307692307693,0.0,0.0,0.0,0.0,0.0,0.0,0.0,0.0,0.0,0.0,0.0,0.0,0.3076923076923077,0.0,0.0,0.0,0.0,0.0,0.0,0.0,0.3076923076923077,0.0,0.0,0.0,0.0,0.0,0.0,0.0,0.0,0.0,0.0,0.0,0.0,0.0,0.0,0.0,0.0,0.0,0.0,0.0,0.0,0.0,0.0,0.3076923076923077,0.0,0.0,0.0,0.0,0.0,0.0,0.0,0.0,0.0,0.0,0.0,0.0,0.0,0.0,0.0,0.0,0.0,0.0,0.0,0.0,0.0,0.0,0.0,0.0,0.0,0.0,0.0,0.0,0.0,0.0,0.0,0.0
Al0.5CoFeNi,4,4,0.0512317753419507,-9.46938775510204,1.35178399428965,8.14285714285714,2.2314999074019,0.0970798114744686,1.83571428571429,1649.63857142857,1.9579806118412892,SS,FCC+BCC,True,True,False,False,1,,Al+Co+Fe+Ni,Al+Co+Fe+Ni,0.0,0.14285714285714285,0.0,0.0,0.0,0.0,0.0,0.0,0.0,0.0,0.0,0.0,0.0,0.0,0.2857142857142857,0.0,0.0,0.0,0.0,0.0,0.0,0.0,0.2857142857142857,0.0,0.0,0.0,0.0,0.0,0.0,0.0,0.0,0.0,0.0,0.0,0.0,0.0,0.0,0.0,0.0,0.0,0.0,0.0,0.0,0.0,0.0,0.2857142857142857,0.0,0.0,0.0,0.0,0.0,0.0,0.0,0.0,0.0,0.0,0.0,0.0,0.0,0.0,0.0,0.0,0.0,0.0,0.0,0.0,0.0,0.0,0.0,0.0,0.0,0.0,0.0,0.0,0.0,0.0,0.0,0.0
Al0.75CoFeNi,4,4,0.0580498377805972,-11.9466666666667,1.37929225447268,7.8,2.5086516962969,0.1093902290985,1.82066666666667,1601.894,1.5377208778896754,SS,FCC+BCC,True,True,False,False,1,,Al+Co+Fe+Ni,Al+Co+Fe+Ni,0.0,0.2,0.0,0.0,0.0,0.0,0.0,0.0,0.0,0.0,0.0,0.0,0.0,0.0,0.26666666666666666,0.0,0.0,0.0,0.0,0.0,0.0,0.0,0.26666666666666666,0.0,0.0,0.0,0.0,0.0,0.0,0.0,0.0,0.0,0.0,0.0,0.0,0.0,0.0,0.0,0.0,0.0,0.0,0.0,0.0,0.0,0.0,0.26666666666666666,0.0,0.0,0.0,0.0,0.0,0.0,0.0,0.0,0.0,0.0,0.0,0.0,0.0,0.0,0.0,0.0,0.0,0.0,0.0,0.0,0.0,0.0,0.0,0.0,0.0,0.0,0.0,0.0,0.0,0.0,0.0,0.0
AlCoFeNi,4,4,0.0623736371731207,-13.75,1.38629436111989,7.5,2.69258240356725,0.117553179455087,1.8075,1560.1175,1.3078087900060633,SS,BCC,False,True,False,False,1,BCC,Al+Co+Fe+Ni,Al+Co+Fe+Ni,0.0,0.25,0.0,0.0,0.0,0.0,0.0,0.0,0.0,0.0,0.0,0.0,0.0,0.0,0.25,0.0,0.0,0.0,0.0,0.0,0.0,0.0,0.25,0.0,0.0,0.0,0.0,0.0,0.0,0.0,0.0,0.0,0.0,0.0,0.0,0.0,0.0,0.0,0.0,0.0,0.0,0.0,0.0,0.0,0.0,0.25,0.0,0.0,0.0,0.0,0.0,0.0,0.0,0.0,0.0,0.0,0.0,0.0,0.0,0.0,0.0,0.0,0.0,0.0,0.0,0.0,0.0,0.0,0.0,0.0,0.0,0.0,0.0,0.0,0.0,0.0,0.0,0.0
AlCrCuFe,4,4,0.059571944470928,0.5,1.38629436111989,7.0,2.91547594742265,0.118953772533703,1.75,1570.56,36.20546834701737,IM,IM,False,False,True,False,0,,Al+Cr+Cu+Fe,Al+Cr+Cu+Fe,0.0,0.25,0.0,0.0,0.0,0.0,0.0,0.0,0.0,0.0,0.0,0.0,0.0,0.0,0.0,0.25,0.0,0.25,0.0,0.0,0.0,0.0,0.25,0.0,0.0,0.0,0.0,0.0,0.0,0.0,0.0,0.0,0.0,0.0,0.0,0.0,0.0,0.0,0.0,0.0,0.0,0.0,0.0,0.0,0.0,0.0,0.0,0.0,0.0,0.0,0.0,0.0,0.0,0.0,0.0,0.0,0.0,0.0,0.0,0.0,0.0,0.0,0.0,0.0,0.0,0.0,0.0,0.0,0.0,0.0,0.0,0.0,0.0,0.0,0.0,0.0,0.0,0.0
Al0.15CrFe1.5Ni0.5,4,4,0.0319822686892209,-4.88788107835727,1.15468623882186,7.44444444444445,1.669310073033,0.0990837337496765,1.77825396825397,1873.18111111111,3.6792331862172847,SS,2BCC,False,True,False,False,1,,Al+Cr+Fe+Ni,Al+Cr+Fe+Ni,0.0,0.047619047619047616,0.0,0.0,0.0,0.0,0.0,0.0,0.0,0.0,0.0,0.0,0.0,0.0,0.0,0.31746031746031744,0.0,0.0,0.0,0.0,0.0,0.0,0.4761904761904762,0.0,0.0,0.0,0.0,0.0,0.0,0.0,0.0,0.0,0.0,0.0,0.0,0.0,0.0,0.0,0.0,0.0,0.0,0.0,0.0,0.0,0.0,0.15873015873015872,0.0,0.0,0.0,0.0,0.0,0.0,0.0,0.0,0.0,0.0,0.0,0.0,0.0,0.0,0.0,0.0,0.0,0.0,0.0,0.0,0.0,0.0,0.0,0.0,0.0,0.0,0.0,0.0,0.0,0.0,0.0,0.0
Al0.2CrFe1.5Ni0.5,4,4,0.0362382453832685,-5.46875,1.1819831568696,7.375,1.74553000547112,0.100496812760406,1.775625,1858.498125,3.3397928445742786,SS,2BCC,False,True,False,False,1,,Al+Cr+Fe+Ni,Al+Cr+Fe+Ni,0.0,0.0625,0.0,0.0,0.0,0.0,0.0,0.0,0.0,0.0,0.0,0.0,0.0,0.0,0.0,0.3125,0.0,0.0,0.0,0.0,0.0,0.0,0.46875,0.0,0.0,0.0,0.0,0.0,0.0,0.0,0.0,0.0,0.0,0.0,0.0,0.0,0.0,0.0,0.0,0.0,0.0,0.0,0.0,0.0,0.0,0.15625,0.0,0.0,0.0,0.0,0.0,0.0,0.0,0.0,0.0,0.0,0.0,0.0,0.0,0.0,0.0,0.0,0.0,0.0,0.0,0.0,0.0,0.0,0.0,0.0,0.0,0.0,0.0,0.0,0.0,0.0,0.0,0.0
Al0.3CrFe1.5Ni0.5,4,4,0.0428158003868142,-6.51974288337925,1.22409451981047,7.24242424242424,1.87536344809282,0.102954517581997,1.77060606060606,1830.46696969697,2.8574626753705443,IM,IM,False,False,True,False,0,,Al+Cr+Fe+Ni,Al+Cr+Fe+Ni,0.0,0.09090909090909091,0.0,0.0,0.0,0.0,0.0,0.0,0.0,0.0,0.0,0.0,0.0,0.0,0.0,0.30303030303030304,0.0,0.0,0.0,0.0,0.0,0.0,0.4545454545454546,0.0,0.0,0.0,0.0,0.0,0.0,0.0,0.0,0.0,0.0,0.0,0.0,0.0,0.0,0.0,0.0,0.0,0.0,0.0,0.0,0.0,0.0,0.15151515151515152,0.0,0.0,0.0,0.0,0.0,0.0,0.0,0.0,0.0,0.0,0.0,0.0,0.0,0.0,0.0,0.0,0.0,0.0,0.0,0.0,0.0,0.0,0.0,0.0,0.0,0.0,0.0,0.0,0.0,0.0,0.0,0.0
Al0.4CrFe1.5Ni0.5,4,4,0.0477729593101117,-7.43944636678201,1.25462608481841,7.11764705882353,1.98175065034388,0.104996292569248,1.76588235294118,1804.08470588235,2.529675446135748,IM,IM,False,False,True,False,0,,Al+Cr+Fe+Ni,Al+Cr+Fe+Ni,0.0,0.11764705882352942,0.0,0.0,0.0,0.0,0.0,0.0,0.0,0.0,0.0,0.0,0.0,0.0,0.0,0.29411764705882354,0.0,0.0,0.0,0.0,0.0,0.0,0.4411764705882353,0.0,0.0,0.0,0.0,0.0,0.0,0.0,0.0,0.0,0.0,0.0,0.0,0.0,0.0,0.0,0.0,0.0,0.0,0.0,0.0,0.0,0.0,0.14705882352941177,0.0,0.0,0.0,0.0,0.0,0.0,0.0,0.0,0.0,0.0,0.0,0.0,0.0,0.0,0.0,0.0,0.0,0.0,0.0,0.0,0.0,0.0,0.0,0.0,0.0,0.0,0.0,0.0,0.0,0.0,0.0,0.0
AlCrFe2Ni2,4,4,0.054786574195759,-11.1111111111111,1.32966134885476,7.5,2.43241991988774,0.116392535079455,1.79166666666667,1698.57833333333,1.6900646547515925,IM,IM,False,False,True,False,0,,Al+Cr+Fe+Ni,Al+Cr+Fe+Ni,0.0,0.16666666666666666,0.0,0.0,0.0,0.0,0.0,0.0,0.0,0.0,0.0,0.0,0.0,0.0,0.0,0.16666666666666666,0.0,0.0,0.0,0.0,0.0,0.0,0.3333333333333333,0.0,0.0,0.0,0.0,0.0,0.0,0.0,0.0,0.0,0.0,0.0,0.0,0.0,0.0,0.0,0.0,0.0,0.0,0.0,0.0,0.0,0.0,0.3333333333333333,0.0,0.0,0.0,0.0,0.0,0.0,0.0,0.0,0.0,0.0,0.0,0.0,0.0,0.0,0.0,0.0,0.0,0.0,0.0,0.0,0.0,0.0,0.0,0.0,0.0,0.0,0.0,0.0,0.0,0.0,0.0,0.0
AlCrFeNi,4,4,0.0626002632028168,-13.25,1.38629436111989,6.75,2.58602010819715,0.122142335003061,1.7525,1663.1175,1.4467606796090677,SS,BCC,False,True,False,False,1,BCC,Al+Cr+Fe+Ni,Al+Cr+Fe+Ni,0.0,0.25,0.0,0.0,0.0,0.0,0.0,0.0,0.0,0.0,0.0,0.0,0.0,0.0,0.0,0.25,0.0,0.0,0.0,0.0,0.0,0.0,0.25,0.0,0.0,0.0,0.0,0.0,0.0,0.0,0.0,0.0,0.0,0.0,0.0,0.0,0.0,0.0,0.0,0.0,0.0,0.0,0.0,0.0,0.0,0.25,0.0,0.0,0.0,0.0,0.0,0.0,0.0,0.0,0.0,0.0,0.0,0.0,0.0,0.0,0.0,0.0,0.0,0.0,0.0,0.0,0.0,0.0,0.0,0.0,0.0,0.0,0.0,0.0,0.0,0.0,0.0,0.0
Sm60Al10Cu5Co15Fe10,4,4,0.0605999583747188,-7.625,1.32088834314932,7.5,2.73861278752583,0.113550649491758,1.8025,1518.83875,2.1876211490368433,AM,AM,False,False,False,False,0,,Al+Co+Cu+Fe,Al+Co+Cu+Fe,0.0,0.25,0.0,0.0,0.0,0.0,0.0,0.0,0.0,0.0,0.0,0.0,0.0,0.0,0.375,0.0,0.0,0.125,0.0,0.0,0.0,0.0,0.25,0.0,0.0,0.0,0.0,0.0,0.0,0.0,0.0,0.0,0.0,0.0,0.0,0.0,0.0,0.0,0.0,0.0,0.0,0.0,0.0,0.0,0.0,0.0,0.0,0.0,0.0,0.0,0.0,0.0,0.0,0.0,0.0,0.0,0.0,0.0,0.0,0.0,0.0,0.0,0.0,0.0,0.0,0.0,0.0,0.0,0.0,0.0,0.0,0.0,0.0,0.0,0.0,0.0,0.0,0.0
AlCuNiTi,4,4,0.0692439948605281,-23.25,1.38629436111989,7.0,3.53553390593274,0.166883192682786,1.74,1490.06,0.7387039834727358,SS,FCC,True,False,False,False,1,FCC,Al+Cu+Ni+Ti,Al+Cu+Ni+Ti,0.0,0.25,0.0,0.0,0.0,0.0,0.0,0.0,0.0,0.0,0.0,0.0,0.0,0.0,0.0,0.0,0.0,0.25,0.0,0.0,0.0,0.0,0.0,0.0,0.0,0.0,0.0,0.0,0.0,0.0,0.0,0.0,0.0,0.0,0.0,0.0,0.0,0.0,0.0,0.0,0.0,0.0,0.0,0.0,0.0,0.25,0.0,0.0,0.0,0.0,0.0,0.0,0.0,0.0,0.0,0.0,0.0,0.0,0.0,0.0,0.0,0.0,0.0,0.0,0.0,0.0,0.0,0.0,0.0,0.25,0.0,0.0,0.0,0.0,0.0,0.0,0.0,0.0
Al13Fe36Mn33Ni18,4,4,0.0535195668680511,-9.798,1.30754553996864,7.38,1.97878750754092,0.148163558272606,1.7234,1585.6211,1.7593530165658968,IM,IM,False,False,True,False,0,,Al+Fe+Mn+Ni,Al+Fe+Mn+Ni,0.0,0.13,0.0,0.0,0.0,0.0,0.0,0.0,0.0,0.0,0.0,0.0,0.0,0.0,0.0,0.0,0.0,0.0,0.0,0.0,0.0,0.0,0.36,0.0,0.0,0.0,0.0,0.0,0.0,0.0,0.0,0.0,0.0,0.0,0.0,0.0,0.0,0.0,0.33,0.0,0.0,0.0,0.0,0.0,0.0,0.18,0.0,0.0,0.0,0.0,0.0,0.0,0.0,0.0,0.0,0.0,0.0,0.0,0.0,0.0,0.0,0.0,0.0,0.0,0.0,0.0,0.0,0.0,0.0,0.0,0.0,0.0,0.0,0.0,0.0,0.0,0.0,0.0
AlNbTiV,4,4,0.0394703995988979,-16.25,1.38629436111989,4.25,0.82915619758885,0.0335410196624968,1.595,1951.8675,1.3844797541851201,SS,BCC,False,True,False,False,1,BCC,Al+Nb+Ti+V,Al+Nb+Ti+V,0.0,0.25,0.0,0.0,0.0,0.0,0.0,0.0,0.0,0.0,0.0,0.0,0.0,0.0,0.0,0.0,0.0,0.0,0.0,0.0,0.0,0.0,0.0,0.0,0.0,0.0,0.0,0.0,0.0,0.0,0.0,0.0,0.0,0.0,0.0,0.0,0.0,0.0,0.0,0.0,0.0,0.0,0.25,0.0,0.0,0.0,0.0,0.0,0.0,0.0,0.0,0.0,0.0,0.0,0.0,0.0,0.0,0.0,0.0,0.0,0.0,0.0,0.0,0.0,0.0,0.0,0.0,0.0,0.0,0.25,0.0,0.0,0.25,0.0,0.0,0.0,0.0,0.0
Al86Y4.5Ni8La1.5,4,4,0.0755818263669221,-14.4736,0.534310728399133,3.56,1.89905239527508,0.133957306631628,1.6088,1039.8742,0.31917753519858977,AM,AM,False,False,False,False,0,,Al+La+Ni+Y,Al+La+Ni+Y,0.0,0.86,0.0,0.0,0.0,0.0,0.0,0.0,0.0,0.0,0.0,0.0,0.0,0.0,0.0,0.0,0.0,0.0,0.0,0.0,0.0,0.0,0.0,0.0,0.0,0.0,0.0,0.0,0.0,0.0,0.0,0.0,0.0,0.0,0.015,0.0,0.0,0.0,0.0,0.0,0.0,0.0,0.0,0.0,0.0,0.08,0.0,0.0,0.0,0.0,0.0,0.0,0.0,0.0,0.0,0.0,0.0,0.0,0.0,0.0,0.0,0.0,0.0,0.0,0.0,0.0,0.0,0.0,0.0,0.0,0.0,0.0,0.0,0.0,0.045,0.0,0.0,0.0
Au46Ag5Cu29Si20,4,4,0.0867084130777723,-21.4864,1.18786100257453,9.6,2.8,0.317654198775965,2.1959,1408.0716,0.647233357896396,AM,AM,False,False,False,False,0,,Ag+Au+Cu+Si,Ag+Au+Cu+Si,0.05,0.0,0.0,0.46,0.0,0.0,0.0,0.0,0.0,0.0,0.0,0.0,0.0,0.0,0.0,0.0,0.0,0.29,0.0,0.0,0.0,0.0,0.0,0.0,0.0,0.0,0.0,0.0,0.0,0.0,0.0,0.0,0.0,0.0,0.0,0.0,0.0,0.0,0.0,0.0,0.0,0.0,0.0,0.0,0.0,0.0,0.0,0.0,0.0,0.0,0.0,0.0,0.0,0.0,0.0,0.0,0.0,0.0,0.0,0.0,0.0,0.0,0.2,0.0,0.0,0.0,0.0,0.0,0.0,0.0,0.0,0.0,0.0,0.0,0.0,0.0,0.0,0.0
Au52Pd2.3Cu29.2Si16.5,4,4,0.0824870171221841,-20.634916,1.08355481654059,9.822,2.59235722846987,0.315699081405062,2.2397,1412.28059,0.6165997680945977,AM,AM,False,False,False,False,0,,Au+Cu+Pd+Si,Au+Cu+Pd+Si,0.0,0.0,0.0,0.52,0.0,0.0,0.0,0.0,0.0,0.0,0.0,0.0,0.0,0.0,0.0,0.0,0.0,0.292,0.0,0.0,0.0,0.0,0.0,0.0,0.0,0.0,0.0,0.0,0.0,0.0,0.0,0.0,0.0,0.0,0.0,0.0,0.0,0.0,0.0,0.0,0.0,0.0,0.0,0.0,0.0,0.0,0.0,0.0,0.0,0.0,0.0,0.023,0.0,0.0,0.0,0.0,0.0,0.0,0.0,0.0,0.0,0.0,0.165,0.0,0.0,0.0,0.0,0.0,0.0,0.0,0.0,0.0,0.0,0.0,0.0,0.0,0.0,0.0
Ce68Al10Fe2Cu20,4,4,0.142649688085311,-21.5568,0.892637038846937,4.7,3.22645316098034,0.328212370272664,1.3392,1127.361,0.3881394648419921,AM,AM,False,False,False,False,0,,Al+Ce+Cu+Fe,Al+Ce+Cu+Fe,0.0,0.1,0.0,0.0,0.0,0.0,0.0,0.0,0.0,0.0,0.0,0.0,0.68,0.0,0.0,0.0,0.0,0.2,0.0,0.0,0.0,0.0,0.02,0.0,0.0,0.0,0.0,0.0,0.0,0.0,0.0,0.0,0.0,0.0,0.0,0.0,0.0,0.0,0.0,0.0,0.0,0.0,0.0,0.0,0.0,0.0,0.0,0.0,0.0,0.0,0.0,0.0,0.0,0.0,0.0,0.0,0.0,0.0,0.0,0.0,0.0,0.0,0.0,0.0,0.0,0.0,0.0,0.0,0.0,0.0,0.0,0.0,0.0,0.0,0.0,0.0,0.0,0.0
Ce60Al10Ni10Cu20,4,4,0.158892840365256,-26.56,1.08889997534522,5.3,3.52278299076171,0.356992997130196,1.404,1178.501,0.40172055840784193,AM,AM,False,False,False,False,0,,Al+Ce+Cu+Ni,Al+Ce+Cu+Ni,0.0,0.1,0.0,0.0,0.0,0.0,0.0,0.0,0.0,0.0,0.0,0.0,0.6,0.0,0.0,0.0,0.0,0.2,0.0,0.0,0.0,0.0,0.0,0.0,0.0,0.0,0.0,0.0,0.0,0.0,0.0,0.0,0.0,0.0,0.0,0.0,0.0,0.0,0.0,0.0,0.0,0.0,0.0,0.0,0.0,0.1,0.0,0.0,0.0,0.0,0.0,0.0,0.0,0.0,0.0,0.0,0.0,0.0,0.0,0.0,0.0,0.0,0.0,0.0,0.0,0.0,0.0,0.0,0.0,0.0,0.0,0.0,0.0,0.0,0.0,0.0,0.0,0.0
Ce60Al15Ni15Cu10,4,4,0.154721258018931,-30.6,1.10588987902476,4.85,3.21364279284428,0.342884820311428,1.39,1175.7975,0.3533110126113911,AM,AM,False,False,False,False,0,,Al+Ce+Cu+Ni,Al+Ce+Cu+Ni,0.0,0.15,0.0,0.0,0.0,0.0,0.0,0.0,0.0,0.0,0.0,0.0,0.6,0.0,0.0,0.0,0.0,0.1,0.0,0.0,0.0,0.0,0.0,0.0,0.0,0.0,0.0,0.0,0.0,0.0,0.0,0.0,0.0,0.0,0.0,0.0,0.0,0.0,0.0,0.0,0.0,0.0,0.0,0.0,0.0,0.15,0.0,0.0,0.0,0.0,0.0,0.0,0.0,0.0,0.0,0.0,0.0,0.0,0.0,0.0,0.0,0.0,0.0,0.0,0.0,0.0,0.0,0.0,0.0,0.0,0.0,0.0,0.0,0.0,0.0,0.0,0.0,0.0
Ce65Al12.5Ni12.5Cu10,4,4,0.148668041391951,-28.135,1.03012779017946,4.675,3.11759121759091,0.334994029797547,1.358,1162.66075,0.35394141312925076,AM,AM,False,False,False,False,0,,Al+Ce+Cu+Ni,Al+Ce+Cu+Ni,0.0,0.125,0.0,0.0,0.0,0.0,0.0,0.0,0.0,0.0,0.0,0.0,0.65,0.0,0.0,0.0,0.0,0.1,0.0,0.0,0.0,0.0,0.0,0.0,0.0,0.0,0.0,0.0,0.0,0.0,0.0,0.0,0.0,0.0,0.0,0.0,0.0,0.0,0.0,0.0,0.0,0.0,0.0,0.0,0.0,0.125,0.0,0.0,0.0,0.0,0.0,0.0,0.0,0.0,0.0,0.0,0.0,0.0,0.0,0.0,0.0,0.0,0.0,0.0,0.0,0.0,0.0,0.0,0.0,0.0,0.0,0.0,0.0,0.0,0.0,0.0,0.0,0.0
Ce70Al10Ni10Cu10,4,4,0.14120776656427,-25.12,0.940447988655326,4.5,3.00832179129826,0.323765347126588,1.326,1149.524,0.35782227693366925,AM,AM,False,False,False,False,0,,Al+Ce+Cu+Ni,Al+Ce+Cu+Ni,0.0,0.1,0.0,0.0,0.0,0.0,0.0,0.0,0.0,0.0,0.0,0.0,0.7,0.0,0.0,0.0,0.0,0.1,0.0,0.0,0.0,0.0,0.0,0.0,0.0,0.0,0.0,0.0,0.0,0.0,0.0,0.0,0.0,0.0,0.0,0.0,0.0,0.0,0.0,0.0,0.0,0.0,0.0,0.0,0.0,0.1,0.0,0.0,0.0,0.0,0.0,0.0,0.0,0.0,0.0,0.0,0.0,0.0,0.0,0.0,0.0,0.0,0.0,0.0,0.0,0.0,0.0,0.0,0.0,0.0,0.0,0.0,0.0,0.0,0.0,0.0,0.0,0.0
CoCrCuFe,4,4,0.0111058916193439,6.25,1.38629436111989,8.5,1.80277563773199,0.0944391338376205,1.8175,1779.1925,3.2811989477384222,SS,FCC,True,False,False,False,1,FCC,Co+Cr+Cu+Fe,Co+Cr+Cu+Fe,0.0,0.0,0.0,0.0,0.0,0.0,0.0,0.0,0.0,0.0,0.0,0.0,0.0,0.0,0.25,0.25,0.0,0.25,0.0,0.0,0.0,0.0,0.25,0.0,0.0,0.0,0.0,0.0,0.0,0.0,0.0,0.0,0.0,0.0,0.0,0.0,0.0,0.0,0.0,0.0,0.0,0.0,0.0,0.0,0.0,0.0,0.0,0.0,0.0,0.0,0.0,0.0,0.0,0.0,0.0,0.0,0.0,0.0,0.0,0.0,0.0,0.0,0.0,0.0,0.0,0.0,0.0,0.0,0.0,0.0,0.0,0.0,0.0,0.0,0.0,0.0,0.0,0.0
Co0.25Cr0.25FeMn,4,4,0.0404500841332985,-0.96,1.19354960409813,7.5,0.806225774829855,0.1382895513045,1.706,1726.8,17.850297764347182,SS,FCC,True,False,False,False,1,FCC,Co+Cr+Fe+Mn,Co+Cr+Fe+Mn,0.0,0.0,0.0,0.0,0.0,0.0,0.0,0.0,0.0,0.0,0.0,0.0,0.0,0.0,0.1,0.1,0.0,0.0,0.0,0.0,0.0,0.0,0.4,0.0,0.0,0.0,0.0,0.0,0.0,0.0,0.0,0.0,0.0,0.0,0.0,0.0,0.0,0.0,0.4,0.0,0.0,0.0,0.0,0.0,0.0,0.0,0.0,0.0,0.0,0.0,0.0,0.0,0.0,0.0,0.0,0.0,0.0,0.0,0.0,0.0,0.0,0.0,0.0,0.0,0.0,0.0,0.0,0.0,0.0,0.0,0.0,0.0,0.0,0.0,0.0,0.0,0.0,0.0
CoCr2FeNi,4,4,0.00279595827039172,-4.32,1.33217904021012,7.8,1.6,0.107591821250502,1.788,1933.4,4.957180685676311,SS,FCC,True,False,False,False,1,FCC,Co+Cr+Fe+Ni,Co+Cr+Fe+Ni,0.0,0.0,0.0,0.0,0.0,0.0,0.0,0.0,0.0,0.0,0.0,0.0,0.0,0.0,0.2,0.4,0.0,0.0,0.0,0.0,0.0,0.0,0.2,0.0,0.0,0.0,0.0,0.0,0.0,0.0,0.0,0.0,0.0,0.0,0.0,0.0,0.0,0.0,0.0,0.0,0.0,0.0,0.0,0.0,0.0,0.2,0.0,0.0,0.0,0.0,0.0,0.0,0.0,0.0,0.0,0.0,0.0,0.0,0.0,0.0,0.0,0.0,0.0,0.0,0.0,0.0,0.0,0.0,0.0,0.0,0.0,0.0,0.0,0.0,0.0,0.0,0.0,0.0
CoCrFeNi,4,4,0.00302115884766774,-3.75,1.38629436111989,8.25,1.4790199457749,0.0966953980290686,1.82,1871.75,5.75315686791376,SS,FCC,True,False,False,False,1,FCC,Co+Cr+Fe+Ni,Co+Cr+Fe+Ni,0.0,0.0,0.0,0.0,0.0,0.0,0.0,0.0,0.0,0.0,0.0,0.0,0.0,0.0,0.25,0.25,0.0,0.0,0.0,0.0,0.0,0.0,0.25,0.0,0.0,0.0,0.0,0.0,0.0,0.0,0.0,0.0,0.0,0.0,0.0,0.0,0.0,0.0,0.0,0.0,0.0,0.0,0.0,0.0,0.0,0.25,0.0,0.0,0.0,0.0,0.0,0.0,0.0,0.0,0.0,0.0,0.0,0.0,0.0,0.0,0.0,0.0,0.0,0.0,0.0,0.0,0.0,0.0,0.0,0.0,0.0,0.0,0.0,0.0,0.0,0.0,0.0,0.0
CoCrMnNi,4,4,0.0344699293760541,-5.5,1.38629436111989,8.0,1.58113883008419,0.150499169432924,1.75,1798.75,3.769621616678561,SS,FCC,True,False,False,False,1,FCC,Co+Cr+Mn+Ni,Co+Cr+Mn+Ni,0.0,0.0,0.0,0.0,0.0,0.0,0.0,0.0,0.0,0.0,0.0,0.0,0.0,0.0,0.25,0.25,0.0,0.0,0.0,0.0,0.0,0.0,0.0,0.0,0.0,0.0,0.0,0.0,0.0,0.0,0.0,0.0,0.0,0.0,0.0,0.0,0.0,0.0,0.25,0.0,0.0,0.0,0.0,0.0,0.0,0.25,0.0,0.0,0.0,0.0,0.0,0.0,0.0,0.0,0.0,0.0,0.0,0.0,0.0,0.0,0.0,0.0,0.0,0.0,0.0,0.0,0.0,0.0,0.0,0.0,0.0,0.0,0.0,0.0,0.0,0.0,0.0,0.0
CoCuFeNi,4,4,0.0114037875965511,5.0,1.38629436111989,9.5,1.1180339887499,0.0308220700148448,1.88,1666.1925,3.841004470939521,SS,FCC,True,False,False,False,1,FCC,Co+Cu+Fe+Ni,Co+Cu+Fe+Ni,0.0,0.0,0.0,0.0,0.0,0.0,0.0,0.0,0.0,0.0,0.0,0.0,0.0,0.0,0.25,0.0,0.0,0.25,0.0,0.0,0.0,0.0,0.25,0.0,0.0,0.0,0.0,0.0,0.0,0.0,0.0,0.0,0.0,0.0,0.0,0.0,0.0,0.0,0.0,0.0,0.0,0.0,0.0,0.0,0.0,0.25,0.0,0.0,0.0,0.0,0.0,0.0,0.0,0.0,0.0,0.0,0.0,0.0,0.0,0.0,0.0,0.0,0.0,0.0,0.0,0.0,0.0,0.0,0.0,0.0,0.0,0.0,0.0,0.0,0.0,0.0,0.0,0.0
CoFeMnNi,4,4,0.0355124952173435,-4.0,1.38629436111989,8.5,1.1180339887499,0.142894191624432,1.7925,1706.5,4.917404598852093,SS,FCC,True,False,False,False,1,FCC,Co+Fe+Mn+Ni,Co+Fe+Mn+Ni,0.0,0.0,0.0,0.0,0.0,0.0,0.0,0.0,0.0,0.0,0.0,0.0,0.0,0.0,0.25,0.0,0.0,0.0,0.0,0.0,0.0,0.0,0.25,0.0,0.0,0.0,0.0,0.0,0.0,0.0,0.0,0.0,0.0,0.0,0.0,0.0,0.0,0.0,0.25,0.0,0.0,0.0,0.0,0.0,0.0,0.25,0.0,0.0,0.0,0.0,0.0,0.0,0.0,0.0,0.0,0.0,0.0,0.0,0.0,0.0,0.0,0.0,0.0,0.0,0.0,0.0,0.0,0.0,0.0,0.0,0.0,0.0,0.0,0.0,0.0,0.0,0.0,0.0
CoFeNiSi0.25,4,4,0.020252824210317,-11.8343195266272,1.2852930241201,8.61538461538462,1.54613471094168,0.0324903262799121,1.87538461538462,1762.69230769231,1.5917305571890767,SS,FCC,True,False,False,False,1,FCC,Co+Fe+Ni+Si,Co+Fe+Ni+Si,0.0,0.0,0.0,0.0,0.0,0.0,0.0,0.0,0.0,0.0,0.0,0.0,0.0,0.0,0.3076923076923077,0.0,0.0,0.0,0.0,0.0,0.0,0.0,0.3076923076923077,0.0,0.0,0.0,0.0,0.0,0.0,0.0,0.0,0.0,0.0,0.0,0.0,0.0,0.0,0.0,0.0,0.0,0.0,0.0,0.0,0.0,0.0,0.3076923076923077,0.0,0.0,0.0,0.0,0.0,0.0,0.0,0.0,0.0,0.0,0.0,0.0,0.0,0.0,0.0,0.0,0.07692307692307693,0.0,0.0,0.0,0.0,0.0,0.0,0.0,0.0,0.0,0.0,0.0,0.0,0.0,0.0,0.0
CoFeNiSi0.5,4,4,0.0265771025413079,-19.4285714285714,1.35178399428965,8.28571428571429,1.9059520091609,0.0319438282499969,1.87714285714286,1757.28571428571,1.016583356334646,SS+IM,FCC+IM,True,False,True,False,0,,Co+Fe+Ni+Si,Co+Fe+Ni+Si,0.0,0.0,0.0,0.0,0.0,0.0,0.0,0.0,0.0,0.0,0.0,0.0,0.0,0.0,0.2857142857142857,0.0,0.0,0.0,0.0,0.0,0.0,0.0,0.2857142857142857,0.0,0.0,0.0,0.0,0.0,0.0,0.0,0.0,0.0,0.0,0.0,0.0,0.0,0.0,0.0,0.0,0.0,0.0,0.0,0.0,0.0,0.0,0.2857142857142857,0.0,0.0,0.0,0.0,0.0,0.0,0.0,0.0,0.0,0.0,0.0,0.0,0.0,0.0,0.0,0.0,0.14285714285714285,0.0,0.0,0.0,0.0,0.0,0.0,0.0,0.0,0.0,0.0,0.0,0.0,0.0,0.0,0.0
CoFeNiSi0.75,4,4,0.0304536270652963,-24.96,1.37929225447268,8.0,2.12916258968951,0.0313829394558395,1.87866666666667,1752.6,0.8052462459156352,SS+IM,FCC+IM,True,False,True,False,0,,Co+Fe+Ni+Si,Co+Fe+Ni+Si,0.0,0.0,0.0,0.0,0.0,0.0,0.0,0.0,0.0,0.0,0.0,0.0,0.0,0.0,0.26666666666666666,0.0,0.0,0.0,0.0,0.0,0.0,0.0,0.26666666666666666,0.0,0.0,0.0,0.0,0.0,0.0,0.0,0.0,0.0,0.0,0.0,0.0,0.0,0.0,0.0,0.0,0.0,0.0,0.0,0.0,0.0,0.0,0.26666666666666666,0.0,0.0,0.0,0.0,0.0,0.0,0.0,0.0,0.0,0.0,0.0,0.0,0.0,0.0,0.0,0.0,0.2,0.0,0.0,0.0,0.0,0.0,0.0,0.0,0.0,0.0,0.0,0.0,0.0,0.0,0.0,0.0
CoFeNiV,4,4,0.0241522667505614,-10.5,1.38629436111989,8.0,1.87082869338697,0.10917302780449,1.8125,1872.5,2.055522188015134,SS,FCC,True,False,False,False,1,FCC,Co+Fe+Ni+V,Co+Fe+Ni+V,0.0,0.0,0.0,0.0,0.0,0.0,0.0,0.0,0.0,0.0,0.0,0.0,0.0,0.0,0.25,0.0,0.0,0.0,0.0,0.0,0.0,0.0,0.25,0.0,0.0,0.0,0.0,0.0,0.0,0.0,0.0,0.0,0.0,0.0,0.0,0.0,0.0,0.0,0.0,0.0,0.0,0.0,0.0,0.0,0.0,0.25,0.0,0.0,0.0,0.0,0.0,0.0,0.0,0.0,0.0,0.0,0.0,0.0,0.0,0.0,0.0,0.0,0.0,0.0,0.0,0.0,0.0,0.0,0.0,0.0,0.0,0.0,0.25,0.0,0.0,0.0,0.0,0.0
CoFeReRu,4,4,0.0437175781953317,-1.5,1.38629436111989,8.0,0.707106781186548,0.145150783669948,1.9525,2411.25,18.528515423743897,SS,HCP,False,False,False,True,1,,Co+Fe+Re+Ru,Co+Fe+Re+Ru,0.0,0.0,0.0,0.0,0.0,0.0,0.0,0.0,0.0,0.0,0.0,0.0,0.0,0.0,0.25,0.0,0.0,0.0,0.0,0.0,0.0,0.0,0.25,0.0,0.0,0.0,0.0,0.0,0.0,0.0,0.0,0.0,0.0,0.0,0.0,0.0,0.0,0.0,0.0,0.0,0.0,0.0,0.0,0.0,0.0,0.0,0.0,0.0,0.0,0.0,0.0,0.0,0.0,0.0,0.0,0.25,0.0,0.25,0.0,0.0,0.0,0.0,0.0,0.0,0.0,0.0,0.0,0.0,0.0,0.0,0.0,0.0,0.0,0.0,0.0,0.0,0.0,0.0
CoFeSiB,4,4,0.156988975602642,-34.5,1.38629436111989,6.0,2.54950975679639,0.0779021822544144,1.9125,1903.75,0.6360341918624642,AM,AM,False,False,False,False,0,,B+Co+Fe+Si,B+Co+Fe+Si,0.0,0.0,0.0,0.0,0.25,0.0,0.0,0.0,0.0,0.0,0.0,0.0,0.0,0.0,0.25,0.0,0.0,0.0,0.0,0.0,0.0,0.0,0.25,0.0,0.0,0.0,0.0,0.0,0.0,0.0,0.0,0.0,0.0,0.0,0.0,0.0,0.0,0.0,0.0,0.0,0.0,0.0,0.0,0.0,0.0,0.0,0.0,0.0,0.0,0.0,0.0,0.0,0.0,0.0,0.0,0.0,0.0,0.0,0.0,0.0,0.0,0.0,0.25,0.0,0.0,0.0,0.0,0.0,0.0,0.0,0.0,0.0,0.0,0.0,0.0,0.0,0.0,0.0
Co43Fe20Ta5.5B31.5,4,4,0.186632352103621,-26.5718,1.208200459519,6.69,2.66155969311229,0.126987204079781,1.8995,2043.325,0.7724842888341744,AM,AM,False,False,False,False,0,,B+Co+Fe+Ta,B+Co+Fe+Ta,0.0,0.0,0.0,0.0,0.315,0.0,0.0,0.0,0.0,0.0,0.0,0.0,0.0,0.0,0.43,0.0,0.0,0.0,0.0,0.0,0.0,0.0,0.2,0.0,0.0,0.0,0.0,0.0,0.0,0.0,0.0,0.0,0.0,0.0,0.0,0.0,0.0,0.0,0.0,0.0,0.0,0.0,0.0,0.0,0.0,0.0,0.0,0.0,0.0,0.0,0.0,0.0,0.0,0.0,0.0,0.0,0.0,0.0,0.0,0.0,0.0,0.0,0.0,0.0,0.0,0.0,0.055,0.0,0.0,0.0,0.0,0.0,0.0,0.0,0.0,0.0,0.0,0.0
Co63Fe9Zr8B20,4,4,0.175163300277883,-27.7244,1.03174331835598,7.31,2.5365133549816,0.171092811070483,1.8635,1916.87,0.5931115132849948,AM,AM,False,False,False,False,0,,B+Co+Fe+Zr,B+Co+Fe+Zr,0.0,0.0,0.0,0.0,0.2,0.0,0.0,0.0,0.0,0.0,0.0,0.0,0.0,0.0,0.63,0.0,0.0,0.0,0.0,0.0,0.0,0.0,0.09,0.0,0.0,0.0,0.0,0.0,0.0,0.0,0.0,0.0,0.0,0.0,0.0,0.0,0.0,0.0,0.0,0.0,0.0,0.0,0.0,0.0,0.0,0.0,0.0,0.0,0.0,0.0,0.0,0.0,0.0,0.0,0.0,0.0,0.0,0.0,0.0,0.0,0.0,0.0,0.0,0.0,0.0,0.0,0.0,0.0,0.0,0.0,0.0,0.0,0.0,0.0,0.0,0.0,0.0,0.08
Cr45Co34Nb7B14,4,4,0.133726927971862,-20.2084,1.18752775064194,6.53,2.02709151248778,0.146961083283977,1.7838,2103.48,1.027742721337176,AM,AM,False,False,False,False,0,,B+Co+Cr+Nb,B+Co+Cr+Nb,0.0,0.0,0.0,0.0,0.14,0.0,0.0,0.0,0.0,0.0,0.0,0.0,0.0,0.0,0.34,0.45,0.0,0.0,0.0,0.0,0.0,0.0,0.0,0.0,0.0,0.0,0.0,0.0,0.0,0.0,0.0,0.0,0.0,0.0,0.0,0.0,0.0,0.0,0.0,0.0,0.0,0.0,0.07,0.0,0.0,0.0,0.0,0.0,0.0,0.0,0.0,0.0,0.0,0.0,0.0,0.0,0.0,0.0,0.0,0.0,0.0,0.0,0.0,0.0,0.0,0.0,0.0,0.0,0.0,0.0,0.0,0.0,0.0,0.0,0.0,0.0,0.0,0.0
Cr50Co29Nb7B14,4,4,0.133713301390345,-20.0244,1.16696115599793,6.38,1.94822996589212,0.147581028591076,1.7728,2124.08,1.0292051316102115,AM,AM,False,False,False,False,0,,B+Co+Cr+Nb,B+Co+Cr+Nb,0.0,0.0,0.0,0.0,0.14,0.0,0.0,0.0,0.0,0.0,0.0,0.0,0.0,0.0,0.29,0.5,0.0,0.0,0.0,0.0,0.0,0.0,0.0,0.0,0.0,0.0,0.0,0.0,0.0,0.0,0.0,0.0,0.0,0.0,0.0,0.0,0.0,0.0,0.0,0.0,0.0,0.0,0.07,0.0,0.0,0.0,0.0,0.0,0.0,0.0,0.0,0.0,0.0,0.0,0.0,0.0,0.0,0.0,0.0,0.0,0.0,0.0,0.0,0.0,0.0,0.0,0.0,0.0,0.0,0.0,0.0,0.0,0.0,0.0,0.0,0.0,0.0,0.0
Cr55Co24Nb7B14,4,4,0.133699616192635,-19.7604,1.13272227824672,6.23,1.85394174665765,0.147379645813118,1.7618,2144.68,1.0221729821323062,AM,AM,False,False,False,False,0,,B+Co+Cr+Nb,B+Co+Cr+Nb,0.0,0.0,0.0,0.0,0.14,0.0,0.0,0.0,0.0,0.0,0.0,0.0,0.0,0.0,0.24,0.55,0.0,0.0,0.0,0.0,0.0,0.0,0.0,0.0,0.0,0.0,0.0,0.0,0.0,0.0,0.0,0.0,0.0,0.0,0.0,0.0,0.0,0.0,0.0,0.0,0.0,0.0,0.07,0.0,0.0,0.0,0.0,0.0,0.0,0.0,0.0,0.0,0.0,0.0,0.0,0.0,0.0,0.0,0.0,0.0,0.0,0.0,0.0,0.0,0.0,0.0,0.0,0.0,0.0,0.0,0.0,0.0,0.0,0.0,0.0,0.0,0.0,0.0
Cr0.66FeMnNi,4,4,0.0368486117154815,-4.16853295111828,1.37239216189817,7.91256830601093,1.44214680004335,0.14527453697258,1.74469945355191,1775.08196721311,4.859007700573302,SS,FCC,True,False,False,False,1,FCC,Cr+Fe+Mn+Ni,Cr+Fe+Mn+Ni,0.0,0.0,0.0,0.0,0.0,0.0,0.0,0.0,0.0,0.0,0.0,0.0,0.0,0.0,0.0,0.18032786885245902,0.0,0.0,0.0,0.0,0.0,0.0,0.27322404371584696,0.0,0.0,0.0,0.0,0.0,0.0,0.0,0.0,0.0,0.0,0.0,0.0,0.0,0.0,0.0,0.27322404371584696,0.0,0.0,0.0,0.0,0.0,0.0,0.27322404371584696,0.0,0.0,0.0,0.0,0.0,0.0,0.0,0.0,0.0,0.0,0.0,0.0,0.0,0.0,0.0,0.0,0.0,0.0,0.0,0.0,0.0,0.0,0.0,0.0,0.0,0.0,0.0,0.0,0.0,0.0,0.0,0.0
CrFe1.5MnNi0.5,4,4,0.0360314563588095,-2.125,1.32088834314932,7.5,1.22474487139159,0.130838641081295,1.7275,1819.875,9.405522295736443,SS+IM,BCC+ï³,False,True,False,False,0,,Cr+Fe+Mn+Ni,Cr+Fe+Mn+Ni,0.0,0.0,0.0,0.0,0.0,0.0,0.0,0.0,0.0,0.0,0.0,0.0,0.0,0.0,0.0,0.25,0.0,0.0,0.0,0.0,0.0,0.0,0.375,0.0,0.0,0.0,0.0,0.0,0.0,0.0,0.0,0.0,0.0,0.0,0.0,0.0,0.0,0.0,0.25,0.0,0.0,0.0,0.0,0.0,0.0,0.125,0.0,0.0,0.0,0.0,0.0,0.0,0.0,0.0,0.0,0.0,0.0,0.0,0.0,0.0,0.0,0.0,0.0,0.0,0.0,0.0,0.0,0.0,0.0,0.0,0.0,0.0,0.0,0.0,0.0,0.0,0.0,0.0
CrNbTiZr ,4,4,0.0878134081801886,-5.0,1.38629436111989,4.75,0.82915619758885,0.124373429638327,1.5325,2249.75,5.18625537475183,SS+IM,BCC+Laves,False,True,True,False,0,,Cr+Nb+Ti+Zr,Cr+Nb+Ti+Zr,0.0,0.0,0.0,0.0,0.0,0.0,0.0,0.0,0.0,0.0,0.0,0.0,0.0,0.0,0.0,0.25,0.0,0.0,0.0,0.0,0.0,0.0,0.0,0.0,0.0,0.0,0.0,0.0,0.0,0.0,0.0,0.0,0.0,0.0,0.0,0.0,0.0,0.0,0.0,0.0,0.0,0.0,0.25,0.0,0.0,0.0,0.0,0.0,0.0,0.0,0.0,0.0,0.0,0.0,0.0,0.0,0.0,0.0,0.0,0.0,0.0,0.0,0.0,0.0,0.0,0.0,0.0,0.0,0.0,0.25,0.0,0.0,0.0,0.0,0.0,0.0,0.0,0.25
CrNbTiZr,4,4,0.0878134081801886,-5.0,1.38629436111989,4.75,0.82915619758885,0.124373429638327,1.5325,2249.75,5.18625537475183,SS+IM,BCC+IM,False,True,True,False,0,,Cr+Nb+Ti+Zr,Cr+Nb+Ti+Zr,0.0,0.0,0.0,0.0,0.0,0.0,0.0,0.0,0.0,0.0,0.0,0.0,0.0,0.0,0.0,0.25,0.0,0.0,0.0,0.0,0.0,0.0,0.0,0.0,0.0,0.0,0.0,0.0,0.0,0.0,0.0,0.0,0.0,0.0,0.0,0.0,0.0,0.0,0.0,0.0,0.0,0.0,0.25,0.0,0.0,0.0,0.0,0.0,0.0,0.0,0.0,0.0,0.0,0.0,0.0,0.0,0.0,0.0,0.0,0.0,0.0,0.0,0.0,0.0,0.0,0.0,0.0,0.0,0.0,0.25,0.0,0.0,0.0,0.0,0.0,0.0,0.0,0.25
Cu90Mn90Ni90Al10,4,4,0.0386115889804961,-1.92857142857143,1.21345223917242,9.10714285714286,2.04134559463475,0.167619512648164,1.78035714285714,1513.44285714286,7.91748359131197,SS+IM,FCC+IM,True,False,True,False,0,,Al+Cu+Mn+Ni,Al+Cu+Mn+Ni,0.0,0.03571428571428571,0.0,0.0,0.0,0.0,0.0,0.0,0.0,0.0,0.0,0.0,0.0,0.0,0.0,0.0,0.0,0.32142857142857145,0.0,0.0,0.0,0.0,0.0,0.0,0.0,0.0,0.0,0.0,0.0,0.0,0.0,0.0,0.0,0.0,0.0,0.0,0.0,0.0,0.32142857142857145,0.0,0.0,0.0,0.0,0.0,0.0,0.32142857142857145,0.0,0.0,0.0,0.0,0.0,0.0,0.0,0.0,0.0,0.0,0.0,0.0,0.0,0.0,0.0,0.0,0.0,0.0,0.0,0.0,0.0,0.0,0.0,0.0,0.0,0.0,0.0,0.0,0.0,0.0,0.0,0.0
Cu95Mn95Ni95Al5,4,4,0.0362065038106225,-0.948870392390012,1.16677022067595,9.22413793103448,1.87582720555838,0.167534847387579,1.78362068965517,1524.55344827586,15.58673961190864,SS,FCC,True,False,False,False,1,FCC,Al+Cu+Mn+Ni,Al+Cu+Mn+Ni,0.0,0.017241379310344827,0.0,0.0,0.0,0.0,0.0,0.0,0.0,0.0,0.0,0.0,0.0,0.0,0.0,0.0,0.0,0.3275862068965517,0.0,0.0,0.0,0.0,0.0,0.0,0.0,0.0,0.0,0.0,0.0,0.0,0.0,0.0,0.0,0.0,0.0,0.0,0.0,0.0,0.3275862068965517,0.0,0.0,0.0,0.0,0.0,0.0,0.3275862068965517,0.0,0.0,0.0,0.0,0.0,0.0,0.0,0.0,0.0,0.0,0.0,0.0,0.0,0.0,0.0,0.0,0.0,0.0,0.0,0.0,0.0,0.0,0.0,0.0,0.0,0.0,0.0,0.0,0.0,0.0,0.0,0.0
Cu90Mn90Ni90Sn10,4,4,0.0571411246455623,-0.183673469387755,1.21345223917242,9.14285714285714,1.94043967245802,0.167499619250253,1.79285714285714,1498.14321428571,82.29316669333609,SS+IM,FCC+IM,True,False,True,False,0,,Cu+Mn+Ni+Sn,Cu+Mn+Ni+Sn,0.0,0.0,0.0,0.0,0.0,0.0,0.0,0.0,0.0,0.0,0.0,0.0,0.0,0.0,0.0,0.0,0.0,0.32142857142857145,0.0,0.0,0.0,0.0,0.0,0.0,0.0,0.0,0.0,0.0,0.0,0.0,0.0,0.0,0.0,0.0,0.0,0.0,0.0,0.0,0.32142857142857145,0.0,0.0,0.0,0.0,0.0,0.0,0.32142857142857145,0.0,0.0,0.0,0.0,0.0,0.0,0.0,0.0,0.0,0.0,0.0,0.0,0.0,0.0,0.0,0.0,0.0,0.0,0.03571428571428571,0.0,0.0,0.0,0.0,0.0,0.0,0.0,0.0,0.0,0.0,0.0,0.0,0.0
Cu95Mn95Ni95Sn5,4,4,0.0468306934959722,-0.0903686087990487,1.16677022067595,9.24137931034483,1.82237382920328,0.167475839917299,1.78965517241379,1517.1674137931,162.86787534979445,SS+IM,FCC+IM,True,False,True,False,0,,Cu+Mn+Ni+Sn,Cu+Mn+Ni+Sn,0.0,0.0,0.0,0.0,0.0,0.0,0.0,0.0,0.0,0.0,0.0,0.0,0.0,0.0,0.0,0.0,0.0,0.3275862068965517,0.0,0.0,0.0,0.0,0.0,0.0,0.0,0.0,0.0,0.0,0.0,0.0,0.0,0.0,0.0,0.0,0.0,0.0,0.0,0.0,0.3275862068965517,0.0,0.0,0.0,0.0,0.0,0.0,0.3275862068965517,0.0,0.0,0.0,0.0,0.0,0.0,0.0,0.0,0.0,0.0,0.0,0.0,0.0,0.0,0.0,0.0,0.0,0.0,0.017241379310344827,0.0,0.0,0.0,0.0,0.0,0.0,0.0,0.0,0.0,0.0,0.0,0.0,0.0
Cu75Mn75Ni75Zn25,4,4,0.0396929160270141,-1.68,1.31383403319275,9.6,1.8,0.16401524319404,1.773,1450.699,9.432845528594516,SS,FCC,True,False,False,False,1,FCC,Cu+Mn+Ni+Zn,Cu+Mn+Ni+Zn,0.0,0.0,0.0,0.0,0.0,0.0,0.0,0.0,0.0,0.0,0.0,0.0,0.0,0.0,0.0,0.0,0.0,0.3,0.0,0.0,0.0,0.0,0.0,0.0,0.0,0.0,0.0,0.0,0.0,0.0,0.0,0.0,0.0,0.0,0.0,0.0,0.0,0.0,0.3,0.0,0.0,0.0,0.0,0.0,0.0,0.3,0.0,0.0,0.0,0.0,0.0,0.0,0.0,0.0,0.0,0.0,0.0,0.0,0.0,0.0,0.0,0.0,0.0,0.0,0.0,0.0,0.0,0.0,0.0,0.0,0.0,0.0,0.0,0.0,0.0,0.0,0.1,0.0
Cu80Mn80Ni80Zn20,4,4,0.0385522828251099,-1.32544378698225,1.2852930241201,9.53846153846154,1.78089798504465,0.164902696788997,1.77615384615385,1470.13538461538,11.853111028982765,SS,FCC,True,False,False,False,1,FCC,Cu+Mn+Ni+Zn,Cu+Mn+Ni+Zn,0.0,0.0,0.0,0.0,0.0,0.0,0.0,0.0,0.0,0.0,0.0,0.0,0.0,0.0,0.0,0.0,0.0,0.3076923076923077,0.0,0.0,0.0,0.0,0.0,0.0,0.0,0.0,0.0,0.0,0.0,0.0,0.0,0.0,0.0,0.0,0.0,0.0,0.0,0.0,0.3076923076923077,0.0,0.0,0.0,0.0,0.0,0.0,0.3076923076923077,0.0,0.0,0.0,0.0,0.0,0.0,0.0,0.0,0.0,0.0,0.0,0.0,0.0,0.0,0.0,0.0,0.0,0.0,0.0,0.0,0.0,0.0,0.0,0.0,0.0,0.0,0.0,0.0,0.0,0.0,0.07692307692307693,0.0
CuNiCoFe,4,4,0.0114037875965511,5.0,1.38629436111989,9.5,1.1180339887499,0.0308220700148448,1.88,1666.1925,3.841004470939521,SS,FCC,True,False,False,False,1,FCC,Co+Cu+Fe+Ni,Co+Cu+Fe+Ni,0.0,0.0,0.0,0.0,0.0,0.0,0.0,0.0,0.0,0.0,0.0,0.0,0.0,0.0,0.25,0.0,0.0,0.25,0.0,0.0,0.0,0.0,0.25,0.0,0.0,0.0,0.0,0.0,0.0,0.0,0.0,0.0,0.0,0.0,0.0,0.0,0.0,0.0,0.0,0.0,0.0,0.0,0.0,0.0,0.0,0.25,0.0,0.0,0.0,0.0,0.0,0.0,0.0,0.0,0.0,0.0,0.0,0.0,0.0,0.0,0.0,0.0,0.0,0.0,0.0,0.0,0.0,0.0,0.0,0.0,0.0,0.0,0.0,0.0,0.0,0.0,0.0,0.0
Cu54Ni6Zr22Ti18,4,4,0.099427646030202,-18.0096,1.14331697652956,8.14,3.38827389683892,0.242618713210667,1.7104,1654.4158,0.8732557202548029,AM,AM,False,False,False,False,0,,Cu+Ni+Ti+Zr,Cu+Ni+Ti+Zr,0.0,0.0,0.0,0.0,0.0,0.0,0.0,0.0,0.0,0.0,0.0,0.0,0.0,0.0,0.0,0.0,0.0,0.54,0.0,0.0,0.0,0.0,0.0,0.0,0.0,0.0,0.0,0.0,0.0,0.0,0.0,0.0,0.0,0.0,0.0,0.0,0.0,0.0,0.0,0.0,0.0,0.0,0.0,0.0,0.0,0.06,0.0,0.0,0.0,0.0,0.0,0.0,0.0,0.0,0.0,0.0,0.0,0.0,0.0,0.0,0.0,0.0,0.0,0.0,0.0,0.0,0.0,0.0,0.0,0.18,0.0,0.0,0.0,0.0,0.0,0.0,0.0,0.22
Cu47Ti34Zr11Ni8,4,4,0.0862645288282222,-15.4404,1.16651443147266,7.77,3.42010233765015,0.214113311122872,1.7157,1670.4119,1.049275009206678,AM,AM,False,False,False,False,0,,Cu+Ni+Ti+Zr,Cu+Ni+Ti+Zr,0.0,0.0,0.0,0.0,0.0,0.0,0.0,0.0,0.0,0.0,0.0,0.0,0.0,0.0,0.0,0.0,0.0,0.47,0.0,0.0,0.0,0.0,0.0,0.0,0.0,0.0,0.0,0.0,0.0,0.0,0.0,0.0,0.0,0.0,0.0,0.0,0.0,0.0,0.0,0.0,0.0,0.0,0.0,0.0,0.0,0.08,0.0,0.0,0.0,0.0,0.0,0.0,0.0,0.0,0.0,0.0,0.0,0.0,0.0,0.0,0.0,0.0,0.0,0.0,0.0,0.0,0.0,0.0,0.0,0.34,0.0,0.0,0.0,0.0,0.0,0.0,0.0,0.11
Cu48Ti34Zr10Ni8,4,4,0.0850898582638894,-15.0528,1.15141728974902,7.84,3.4138541269363,0.211338685526337,1.7214,1662.7096,1.0574651035135874,AM,AM,False,False,False,False,0,,Cu+Ni+Ti+Zr,Cu+Ni+Ti+Zr,0.0,0.0,0.0,0.0,0.0,0.0,0.0,0.0,0.0,0.0,0.0,0.0,0.0,0.0,0.0,0.0,0.0,0.48,0.0,0.0,0.0,0.0,0.0,0.0,0.0,0.0,0.0,0.0,0.0,0.0,0.0,0.0,0.0,0.0,0.0,0.0,0.0,0.0,0.0,0.0,0.0,0.0,0.0,0.0,0.0,0.08,0.0,0.0,0.0,0.0,0.0,0.0,0.0,0.0,0.0,0.0,0.0,0.0,0.0,0.0,0.0,0.0,0.0,0.0,0.0,0.0,0.0,0.0,0.0,0.34,0.0,0.0,0.0,0.0,0.0,0.0,0.0,0.1
Cu43Zr43Al7Ag7,4,4,0.104648958171685,-24.6744,1.09811066562388,7.43,3.57842143968538,0.276279043722103,1.6367,1650.6691,0.6107925278212304,AM,AM,False,False,False,False,0,,Ag+Al+Cu+Zr,Ag+Al+Cu+Zr,0.07,0.07,0.0,0.0,0.0,0.0,0.0,0.0,0.0,0.0,0.0,0.0,0.0,0.0,0.0,0.0,0.0,0.43,0.0,0.0,0.0,0.0,0.0,0.0,0.0,0.0,0.0,0.0,0.0,0.0,0.0,0.0,0.0,0.0,0.0,0.0,0.0,0.0,0.0,0.0,0.0,0.0,0.0,0.0,0.0,0.0,0.0,0.0,0.0,0.0,0.0,0.0,0.0,0.0,0.0,0.0,0.0,0.0,0.0,0.0,0.0,0.0,0.0,0.0,0.0,0.0,0.0,0.0,0.0,0.0,0.0,0.0,0.0,0.0,0.0,0.0,0.0,0.43
Cu46Zr42Al7Y5,4,4,0.118644069053928,-24.8776,1.05748829786852,7.1,3.61247837363769,0.281434379562981,1.6063,1673.6271,0.591507116574821,AM,AM,False,False,False,False,0,,Al+Cu+Y+Zr,Al+Cu+Y+Zr,0.0,0.07,0.0,0.0,0.0,0.0,0.0,0.0,0.0,0.0,0.0,0.0,0.0,0.0,0.0,0.0,0.0,0.46,0.0,0.0,0.0,0.0,0.0,0.0,0.0,0.0,0.0,0.0,0.0,0.0,0.0,0.0,0.0,0.0,0.0,0.0,0.0,0.0,0.0,0.0,0.0,0.0,0.0,0.0,0.0,0.0,0.0,0.0,0.0,0.0,0.0,0.0,0.0,0.0,0.0,0.0,0.0,0.0,0.0,0.0,0.0,0.0,0.0,0.0,0.0,0.0,0.0,0.0,0.0,0.0,0.0,0.0,0.0,0.0,0.05,0.0,0.0,0.42
Cu60Zr20Hf10Ti10,4,4,0.103280650574416,-17.28,1.08889997534522,8.2,3.42928563989645,0.264272586546543,1.69,1684.962,0.8828126462955832,AM,AM,False,False,False,False,0,,Cu+Hf+Ti+Zr,Cu+Hf+Ti+Zr,0.0,0.0,0.0,0.0,0.0,0.0,0.0,0.0,0.0,0.0,0.0,0.0,0.0,0.0,0.0,0.0,0.0,0.6,0.0,0.0,0.0,0.0,0.0,0.0,0.0,0.0,0.0,0.1,0.0,0.0,0.0,0.0,0.0,0.0,0.0,0.0,0.0,0.0,0.0,0.0,0.0,0.0,0.0,0.0,0.0,0.0,0.0,0.0,0.0,0.0,0.0,0.0,0.0,0.0,0.0,0.0,0.0,0.0,0.0,0.0,0.0,0.0,0.0,0.0,0.0,0.0,0.0,0.0,0.0,0.1,0.0,0.0,0.0,0.0,0.0,0.0,0.0,0.2
Cu54Zr27Ti9Be10,4,4,0.1175642234611,-20.8872,1.13323412576255,7.58,3.74747915271053,0.249368221712391,1.6807,1638.4458,0.7391042226155057,AM,AM,False,False,False,False,0,,Be+Cu+Ti+Zr,Be+Cu+Ti+Zr,0.0,0.0,0.0,0.0,0.0,0.0,0.1,0.0,0.0,0.0,0.0,0.0,0.0,0.0,0.0,0.0,0.0,0.54,0.0,0.0,0.0,0.0,0.0,0.0,0.0,0.0,0.0,0.0,0.0,0.0,0.0,0.0,0.0,0.0,0.0,0.0,0.0,0.0,0.0,0.0,0.0,0.0,0.0,0.0,0.0,0.0,0.0,0.0,0.0,0.0,0.0,0.0,0.0,0.0,0.0,0.0,0.0,0.0,0.0,0.0,0.0,0.0,0.0,0.0,0.0,0.0,0.0,0.0,0.0,0.09,0.0,0.0,0.0,0.0,0.0,0.0,0.0,0.27
Fe81B13.5Si3.5C2,4,4,0.131607456915684,-19.0632,0.636593615659887,7.105,1.85848728809212,0.120207986423532,1.8752,1919.53,0.5329611637084399,AM,AM,False,False,False,False,0,,B+C+Fe+Si,B+C+Fe+Si,0.0,0.0,0.0,0.0,0.135,0.0,0.0,0.0,0.0,0.02,0.0,0.0,0.0,0.0,0.0,0.0,0.0,0.0,0.0,0.0,0.0,0.0,0.81,0.0,0.0,0.0,0.0,0.0,0.0,0.0,0.0,0.0,0.0,0.0,0.0,0.0,0.0,0.0,0.0,0.0,0.0,0.0,0.0,0.0,0.0,0.0,0.0,0.0,0.0,0.0,0.0,0.0,0.0,0.0,0.0,0.0,0.0,0.0,0.0,0.0,0.0,0.0,0.035,0.0,0.0,0.0,0.0,0.0,0.0,0.0,0.0,0.0,0.0,0.0,0.0,0.0,0.0,0.0
Fe79B13Si5Mo3,4,4,0.121646491184506,-17.5048,0.706432701787396,7.09,1.82808643121708,0.0871120542749395,1.8707,1907.29,0.6399772838087913,AM,AM,False,False,False,False,0,,B+Fe+Mo+Si,B+Fe+Mo+Si,0.0,0.0,0.0,0.0,0.13,0.0,0.0,0.0,0.0,0.0,0.0,0.0,0.0,0.0,0.0,0.0,0.0,0.0,0.0,0.0,0.0,0.0,0.79,0.0,0.0,0.0,0.0,0.0,0.0,0.0,0.0,0.0,0.0,0.0,0.0,0.0,0.0,0.0,0.0,0.03,0.0,0.0,0.0,0.0,0.0,0.0,0.0,0.0,0.0,0.0,0.0,0.0,0.0,0.0,0.0,0.0,0.0,0.0,0.0,0.0,0.0,0.0,0.05,0.0,0.0,0.0,0.0,0.0,0.0,0.0,0.0,0.0,0.0,0.0,0.0,0.0,0.0,0.0
A13 Fe36Mn33Ni18Ti6,4,4,0.0516094740748565,-6.97606659729449,1.22971046336494,7.7741935483871,1.45268777409003,0.154793676246917,1.72741935483871,1699.70967741935,2.4911574799908736,IM,IM,False,False,True,False,0,,Fe+Mn+Ni+Ti,Fe+Mn+Ni+Ti,0.0,0.0,0.0,0.0,0.0,0.0,0.0,0.0,0.0,0.0,0.0,0.0,0.0,0.0,0.0,0.0,0.0,0.0,0.0,0.0,0.0,0.0,0.3870967741935484,0.0,0.0,0.0,0.0,0.0,0.0,0.0,0.0,0.0,0.0,0.0,0.0,0.0,0.0,0.0,0.3548387096774194,0.0,0.0,0.0,0.0,0.0,0.0,0.1935483870967742,0.0,0.0,0.0,0.0,0.0,0.0,0.0,0.0,0.0,0.0,0.0,0.0,0.0,0.0,0.0,0.0,0.0,0.0,0.0,0.0,0.0,0.0,0.0,0.06451612903225806,0.0,0.0,0.0,0.0,0.0,0.0,0.0,0.0
Fe80Ni80P14B6,4,4,0.0726687067213965,-14.7701234567901,1.03283673434686,8.48888888888889,1.75274035881876,0.0970379205501197,1.90055555555556,1675.86777777778,0.9743645758302076,AM,AM,False,False,False,False,0,,B+Fe+Ni+P,B+Fe+Ni+P,0.0,0.0,0.0,0.0,0.03333333333333333,0.0,0.0,0.0,0.0,0.0,0.0,0.0,0.0,0.0,0.0,0.0,0.0,0.0,0.0,0.0,0.0,0.0,0.4444444444444444,0.0,0.0,0.0,0.0,0.0,0.0,0.0,0.0,0.0,0.0,0.0,0.0,0.0,0.0,0.0,0.0,0.0,0.0,0.0,0.0,0.0,0.0,0.4444444444444444,0.0,0.0,0.0,0.07777777777777778,0.0,0.0,0.0,0.0,0.0,0.0,0.0,0.0,0.0,0.0,0.0,0.0,0.0,0.0,0.0,0.0,0.0,0.0,0.0,0.0,0.0,0.0,0.0,0.0,0.0,0.0,0.0,0.0
Fe75P16B6Al3,4,4,0.101391675025909,-25.0044,0.782975968463767,7.07,1.68080337933977,0.14418404904843,1.8936,1577.9621,0.4108305660506369,AM,AM,False,False,False,False,0,,Al+B+Fe+P,Al+B+Fe+P,0.0,0.03,0.0,0.0,0.06,0.0,0.0,0.0,0.0,0.0,0.0,0.0,0.0,0.0,0.0,0.0,0.0,0.0,0.0,0.0,0.0,0.0,0.75,0.0,0.0,0.0,0.0,0.0,0.0,0.0,0.0,0.0,0.0,0.0,0.0,0.0,0.0,0.0,0.0,0.0,0.0,0.0,0.0,0.0,0.0,0.0,0.0,0.0,0.0,0.16,0.0,0.0,0.0,0.0,0.0,0.0,0.0,0.0,0.0,0.0,0.0,0.0,0.0,0.0,0.0,0.0,0.0,0.0,0.0,0.0,0.0,0.0,0.0,0.0,0.0,0.0,0.0,0.0
Gd36Al24Co20Nd20,4,4,0.135264301113295,-27.5584,1.35407753943879,4.2,2.4,0.289969377693577,1.4224,1407.6328,0.5750599178179924,AM,AM,False,False,False,False,0,,Al+Co+Gd+Nd,Al+Co+Gd+Nd,0.0,0.24,0.0,0.0,0.0,0.0,0.0,0.0,0.0,0.0,0.0,0.0,0.0,0.0,0.2,0.0,0.0,0.0,0.0,0.0,0.0,0.0,0.0,0.0,0.36,0.0,0.0,0.0,0.0,0.0,0.0,0.0,0.0,0.0,0.0,0.0,0.0,0.0,0.0,0.0,0.0,0.0,0.0,0.2,0.0,0.0,0.0,0.0,0.0,0.0,0.0,0.0,0.0,0.0,0.0,0.0,0.0,0.0,0.0,0.0,0.0,0.0,0.0,0.0,0.0,0.0,0.0,0.0,0.0,0.0,0.0,0.0,0.0,0.0,0.0,0.0,0.0,0.0
Gd40Al24Co20Y16,4,4,0.144754321264964,-34.3168,1.32412483478985,4.2,2.4,0.276467430269824,1.4376,1499.4728,0.4810552123772338,AM,AM,False,False,False,False,0,,Al+Co+Gd+Y,Al+Co+Gd+Y,0.0,0.24,0.0,0.0,0.0,0.0,0.0,0.0,0.0,0.0,0.0,0.0,0.0,0.0,0.2,0.0,0.0,0.0,0.0,0.0,0.0,0.0,0.0,0.0,0.4,0.0,0.0,0.0,0.0,0.0,0.0,0.0,0.0,0.0,0.0,0.0,0.0,0.0,0.0,0.0,0.0,0.0,0.0,0.0,0.0,0.0,0.0,0.0,0.0,0.0,0.0,0.0,0.0,0.0,0.0,0.0,0.0,0.0,0.0,0.0,0.0,0.0,0.0,0.0,0.0,0.0,0.0,0.0,0.0,0.0,0.0,0.0,0.0,0.0,0.16,0.0,0.0,0.0
Gd46Al24Co20Y20,4,4,0.144772104060999,-34.2784,1.35407753943879,4.2,2.4,0.275806888964,1.4384,1508.0328,0.49529958569777177,AM,AM,False,False,False,False,0,,Al+Co+Gd+Y,Al+Co+Gd+Y,0.0,0.24,0.0,0.0,0.0,0.0,0.0,0.0,0.0,0.0,0.0,0.0,0.0,0.0,0.2,0.0,0.0,0.0,0.0,0.0,0.0,0.0,0.0,0.0,0.36,0.0,0.0,0.0,0.0,0.0,0.0,0.0,0.0,0.0,0.0,0.0,0.0,0.0,0.0,0.0,0.0,0.0,0.0,0.0,0.0,0.0,0.0,0.0,0.0,0.0,0.0,0.0,0.0,0.0,0.0,0.0,0.0,0.0,0.0,0.0,0.0,0.0,0.0,0.0,0.0,0.0,0.0,0.0,0.0,0.0,0.0,0.0,0.0,0.0,0.2,0.0,0.0,0.0
Gd50Al24Co20Y6,4,4,0.144709827711989,-34.4128,1.17977374112603,4.2,2.4,0.278101851845686,1.4356,1478.0728,0.4213167498249792,AM,AM,False,False,False,False,0,,Al+Co+Gd+Y,Al+Co+Gd+Y,0.0,0.24,0.0,0.0,0.0,0.0,0.0,0.0,0.0,0.0,0.0,0.0,0.0,0.0,0.2,0.0,0.0,0.0,0.0,0.0,0.0,0.0,0.0,0.0,0.5,0.0,0.0,0.0,0.0,0.0,0.0,0.0,0.0,0.0,0.0,0.0,0.0,0.0,0.0,0.0,0.0,0.0,0.0,0.0,0.0,0.0,0.0,0.0,0.0,0.0,0.0,0.0,0.0,0.0,0.0,0.0,0.0,0.0,0.0,0.0,0.0,0.0,0.0,0.0,0.0,0.0,0.0,0.0,0.0,0.0,0.0,0.0,0.0,0.0,0.06,0.0,0.0,0.0
Gd60Cu20Ni10Al10,4,4,0.153112180784556,-28.0,1.08889997534522,5.3,3.52278299076171,0.318929459285278,1.452,1488.701,0.4813617992236574,AM,AM,False,False,False,False,0,,Al+Cu+Gd+Ni,Al+Cu+Gd+Ni,0.0,0.1,0.0,0.0,0.0,0.0,0.0,0.0,0.0,0.0,0.0,0.0,0.0,0.0,0.0,0.0,0.0,0.2,0.0,0.0,0.0,0.0,0.0,0.0,0.6,0.0,0.0,0.0,0.0,0.0,0.0,0.0,0.0,0.0,0.0,0.0,0.0,0.0,0.0,0.0,0.0,0.0,0.0,0.0,0.0,0.1,0.0,0.0,0.0,0.0,0.0,0.0,0.0,0.0,0.0,0.0,0.0,0.0,0.0,0.0,0.0,0.0,0.0,0.0,0.0,0.0,0.0,0.0,0.0,0.0,0.0,0.0,0.0,0.0,0.0,0.0,0.0,0.0
HfNbTaZr,4,4,0.053632163199268,3.5,1.38629436111989,4.5,0.5,0.123161479367536,1.4325,2668.5,8.78797483372772,SS,BCC,False,True,False,False,1,BCC,Hf+Nb+Ta+Zr,Hf+Nb+Ta+Zr,0.0,0.0,0.0,0.0,0.0,0.0,0.0,0.0,0.0,0.0,0.0,0.0,0.0,0.0,0.0,0.0,0.0,0.0,0.0,0.0,0.0,0.0,0.0,0.0,0.0,0.0,0.0,0.25,0.0,0.0,0.0,0.0,0.0,0.0,0.0,0.0,0.0,0.0,0.0,0.0,0.0,0.0,0.25,0.0,0.0,0.0,0.0,0.0,0.0,0.0,0.0,0.0,0.0,0.0,0.0,0.0,0.0,0.0,0.0,0.0,0.0,0.0,0.0,0.0,0.0,0.0,0.25,0.0,0.0,0.0,0.0,0.0,0.0,0.0,0.0,0.0,0.0,0.25
HfNbTiZr,4,4,0.0487238659432741,2.5,1.38629436111989,4.25,0.433012701892219,0.129687123493429,1.4425,2331.25,10.74826788966792,SS,BCC,False,True,False,False,1,BCC,Hf+Nb+Ti+Zr,Hf+Nb+Ti+Zr,0.0,0.0,0.0,0.0,0.0,0.0,0.0,0.0,0.0,0.0,0.0,0.0,0.0,0.0,0.0,0.0,0.0,0.0,0.0,0.0,0.0,0.0,0.0,0.0,0.0,0.0,0.0,0.25,0.0,0.0,0.0,0.0,0.0,0.0,0.0,0.0,0.0,0.0,0.0,0.0,0.0,0.0,0.25,0.0,0.0,0.0,0.0,0.0,0.0,0.0,0.0,0.0,0.0,0.0,0.0,0.0,0.0,0.0,0.0,0.0,0.0,0.0,0.0,0.0,0.0,0.0,0.0,0.0,0.0,0.25,0.0,0.0,0.0,0.0,0.0,0.0,0.0,0.25
Ho35Al24Co20Y21,4,4,0.139546790601441,-33.9328,1.35956927855057,4.2,2.4,0.266781165002329,1.4491,1562.3228,0.5204590934639793,AM,AM,False,False,False,False,0,,Al+Co+Ho+Y,Al+Co+Ho+Y,0.0,0.24,0.0,0.0,0.0,0.0,0.0,0.0,0.0,0.0,0.0,0.0,0.0,0.0,0.2,0.0,0.0,0.0,0.0,0.0,0.0,0.0,0.0,0.0,0.0,0.0,0.0,0.0,0.0,0.35,0.0,0.0,0.0,0.0,0.0,0.0,0.0,0.0,0.0,0.0,0.0,0.0,0.0,0.0,0.0,0.0,0.0,0.0,0.0,0.0,0.0,0.0,0.0,0.0,0.0,0.0,0.0,0.0,0.0,0.0,0.0,0.0,0.0,0.0,0.0,0.0,0.0,0.0,0.0,0.0,0.0,0.0,0.0,0.0,0.21,0.0,0.0,0.0
La55Al25Ni10Cu10,4,4,0.161917819312843,-33.6,1.13590095929437,4.5,3.00832179129826,0.333770504988083,1.3885,1198.0945,0.3367646119288535,AM,AM,False,False,False,False,0,,Al+Cu+La+Ni,Al+Cu+La+Ni,0.0,0.25,0.0,0.0,0.0,0.0,0.0,0.0,0.0,0.0,0.0,0.0,0.0,0.0,0.0,0.0,0.0,0.1,0.0,0.0,0.0,0.0,0.0,0.0,0.0,0.0,0.0,0.0,0.0,0.0,0.0,0.0,0.0,0.0,0.55,0.0,0.0,0.0,0.0,0.0,0.0,0.0,0.0,0.0,0.0,0.1,0.0,0.0,0.0,0.0,0.0,0.0,0.0,0.0,0.0,0.0,0.0,0.0,0.0,0.0,0.0,0.0,0.0,0.0,0.0,0.0,0.0,0.0,0.0,0.0,0.0,0.0,0.0,0.0,0.0,0.0,0.0,0.0
La55Al25Ni15Cu5,4,4,0.163464401460146,-35.35,1.10973855210615,4.45,2.90645832586672,0.334542971828732,1.389,1216.606,0.3175523964103667,AM,AM,False,False,False,False,0,,Al+Cu+La+Ni,Al+Cu+La+Ni,0.0,0.25,0.0,0.0,0.0,0.0,0.0,0.0,0.0,0.0,0.0,0.0,0.0,0.0,0.0,0.0,0.0,0.05,0.0,0.0,0.0,0.0,0.0,0.0,0.0,0.0,0.0,0.0,0.0,0.0,0.0,0.0,0.0,0.0,0.55,0.0,0.0,0.0,0.0,0.0,0.0,0.0,0.0,0.0,0.0,0.15,0.0,0.0,0.0,0.0,0.0,0.0,0.0,0.0,0.0,0.0,0.0,0.0,0.0,0.0,0.0,0.0,0.0,0.0,0.0,0.0,0.0,0.0,0.0,0.0,0.0,0.0,0.0,0.0,0.0,0.0,0.0,0.0
La55Al25Ni5Cu15,4,4,0.160356367749267,-31.93,1.10973855210615,4.55,3.10604249809947,0.332995495465029,1.388,1179.583,0.34086659710946815,AM,AM,False,False,False,False,0,,Al+Cu+La+Ni,Al+Cu+La+Ni,0.0,0.25,0.0,0.0,0.0,0.0,0.0,0.0,0.0,0.0,0.0,0.0,0.0,0.0,0.0,0.0,0.0,0.15,0.0,0.0,0.0,0.0,0.0,0.0,0.0,0.0,0.0,0.0,0.0,0.0,0.0,0.0,0.0,0.0,0.55,0.0,0.0,0.0,0.0,0.0,0.0,0.0,0.0,0.0,0.0,0.05,0.0,0.0,0.0,0.0,0.0,0.0,0.0,0.0,0.0,0.0,0.0,0.0,0.0,0.0,0.0,0.0,0.0,0.0,0.0,0.0,0.0,0.0,0.0,0.0,0.0,0.0,0.0,0.0,0.0,0.0,0.0,0.0
Mg54Cu26.5Ag8.5Gd11,4,4,0.110196544221374,-8.4484,1.13700134269545,5.26,4.2228426444754,0.295740084364633,1.50695,1137.5481,1.272888796816344,AM,AM,False,False,False,False,0,,Ag+Cu+Gd+Mg,Ag+Cu+Gd+Mg,0.085,0.0,0.0,0.0,0.0,0.0,0.0,0.0,0.0,0.0,0.0,0.0,0.0,0.0,0.0,0.0,0.0,0.265,0.0,0.0,0.0,0.0,0.0,0.0,0.11,0.0,0.0,0.0,0.0,0.0,0.0,0.0,0.0,0.0,0.0,0.0,0.0,0.54,0.0,0.0,0.0,0.0,0.0,0.0,0.0,0.0,0.0,0.0,0.0,0.0,0.0,0.0,0.0,0.0,0.0,0.0,0.0,0.0,0.0,0.0,0.0,0.0,0.0,0.0,0.0,0.0,0.0,0.0,0.0,0.0,0.0,0.0,0.0,0.0,0.0,0.0,0.0,0.0
Mg65Cu15Ag10Y10,4,4,0.091260147882299,-7.69,1.02509391179179,4.35,3.85064929589803,0.267287766274478,1.4515,1107.0085,1.2269375412151828,AM,AM,False,False,False,False,0,,Ag+Cu+Mg+Y,Ag+Cu+Mg+Y,0.1,0.0,0.0,0.0,0.0,0.0,0.0,0.0,0.0,0.0,0.0,0.0,0.0,0.0,0.0,0.0,0.0,0.15,0.0,0.0,0.0,0.0,0.0,0.0,0.0,0.0,0.0,0.0,0.0,0.0,0.0,0.0,0.0,0.0,0.0,0.0,0.0,0.65,0.0,0.0,0.0,0.0,0.0,0.0,0.0,0.0,0.0,0.0,0.0,0.0,0.0,0.0,0.0,0.0,0.0,0.0,0.0,0.0,0.0,0.0,0.0,0.0,0.0,0.0,0.0,0.0,0.0,0.0,0.0,0.0,0.0,0.0,0.0,0.0,0.1,0.0,0.0,0.0
Mg65Cu20Ni5Gd10,4,4,0.107344199263132,-5.86,0.981941600924019,4.3,3.76961536499415,0.264690385167274,1.447,1116.404,1.555405436696177,AM,AM,False,False,False,False,0,,Cu+Gd+Mg+Ni,Cu+Gd+Mg+Ni,0.0,0.0,0.0,0.0,0.0,0.0,0.0,0.0,0.0,0.0,0.0,0.0,0.0,0.0,0.0,0.0,0.0,0.2,0.0,0.0,0.0,0.0,0.0,0.0,0.1,0.0,0.0,0.0,0.0,0.0,0.0,0.0,0.0,0.0,0.0,0.0,0.0,0.65,0.0,0.0,0.0,0.0,0.0,0.0,0.0,0.05,0.0,0.0,0.0,0.0,0.0,0.0,0.0,0.0,0.0,0.0,0.0,0.0,0.0,0.0,0.0,0.0,0.0,0.0,0.0,0.0,0.0,0.0,0.0,0.0,0.0,0.0,0.0,0.0,0.0,0.0,0.0,0.0
Mg60Cu29Y10Si,4,4,0.114128757789568,-7.2164,0.941789148659349,4.73,4.02207657808749,0.277517567011532,1.478,1144.3233,1.2416980819100285,AM,AM,False,False,False,False,0,,Cu+Mg+Si+Y,Cu+Mg+Si+Y,0.0,0.0,0.0,0.0,0.0,0.0,0.0,0.0,0.0,0.0,0.0,0.0,0.0,0.0,0.0,0.0,0.0,0.29,0.0,0.0,0.0,0.0,0.0,0.0,0.0,0.0,0.0,0.0,0.0,0.0,0.0,0.0,0.0,0.0,0.0,0.0,0.0,0.6,0.0,0.0,0.0,0.0,0.0,0.0,0.0,0.0,0.0,0.0,0.0,0.0,0.0,0.0,0.0,0.0,0.0,0.0,0.0,0.0,0.0,0.0,0.0,0.0,0.01,0.0,0.0,0.0,0.0,0.0,0.0,0.0,0.0,0.0,0.0,0.0,0.1,0.0,0.0,0.0
Mg65Cu15Zn10Y10,4,4,0.0945554066130872,-6.27,1.02509391179179,4.45,4.03081877538547,0.227382387180714,1.4235,1052.7835,1.4310979781184805,AM,AM,False,False,False,False,0,,Cu+Mg+Y+Zn,Cu+Mg+Y+Zn,0.0,0.0,0.0,0.0,0.0,0.0,0.0,0.0,0.0,0.0,0.0,0.0,0.0,0.0,0.0,0.0,0.0,0.15,0.0,0.0,0.0,0.0,0.0,0.0,0.0,0.0,0.0,0.0,0.0,0.0,0.0,0.0,0.0,0.0,0.0,0.0,0.0,0.65,0.0,0.0,0.0,0.0,0.0,0.0,0.0,0.0,0.0,0.0,0.0,0.0,0.0,0.0,0.0,0.0,0.0,0.0,0.0,0.0,0.0,0.0,0.0,0.0,0.0,0.0,0.0,0.0,0.0,0.0,0.0,0.0,0.0,0.0,0.0,0.0,0.1,0.0,0.1,0.0
MoNbTaV,4,4,0.0346488592371355,-3.25,1.38629436111989,5.25,0.433012701892219,0.257135664581948,1.7225,2779.75,9.858526761412053,SS,BCC,False,True,False,False,1,BCC,Mo+Nb+Ta+V,Mo+Nb+Ta+V,0.0,0.0,0.0,0.0,0.0,0.0,0.0,0.0,0.0,0.0,0.0,0.0,0.0,0.0,0.0,0.0,0.0,0.0,0.0,0.0,0.0,0.0,0.0,0.0,0.0,0.0,0.0,0.0,0.0,0.0,0.0,0.0,0.0,0.0,0.0,0.0,0.0,0.0,0.0,0.25,0.0,0.0,0.25,0.0,0.0,0.0,0.0,0.0,0.0,0.0,0.0,0.0,0.0,0.0,0.0,0.0,0.0,0.0,0.0,0.0,0.0,0.0,0.0,0.0,0.0,0.0,0.25,0.0,0.0,0.0,0.0,0.0,0.25,0.0,0.0,0.0,0.0,0.0
MoNbTaW,4,4,0.0231046190197619,-6.5,1.38629436111989,5.5,0.5,0.363696301878367,1.905,3157.75,5.599561629795648,SS,BCC,False,True,False,False,1,BCC,Mo+Nb+Ta+W,Mo+Nb+Ta+W,0.0,0.0,0.0,0.0,0.0,0.0,0.0,0.0,0.0,0.0,0.0,0.0,0.0,0.0,0.0,0.0,0.0,0.0,0.0,0.0,0.0,0.0,0.0,0.0,0.0,0.0,0.0,0.0,0.0,0.0,0.0,0.0,0.0,0.0,0.0,0.0,0.0,0.0,0.0,0.25,0.0,0.0,0.25,0.0,0.0,0.0,0.0,0.0,0.0,0.0,0.0,0.0,0.0,0.0,0.0,0.0,0.0,0.0,0.0,0.0,0.0,0.0,0.0,0.0,0.0,0.0,0.25,0.0,0.0,0.0,0.0,0.0,0.0,0.25,0.0,0.0,0.0,0.0
MoNbTiV,4,4,0.0407583891888636,-2.75,1.38629436111989,5.0,0.707106781186548,0.248935232540515,1.7325,2442.5,10.237443556622528,SS,BCC,False,True,False,False,1,BCC,Mo+Nb+Ti+V,Mo+Nb+Ti+V,0.0,0.0,0.0,0.0,0.0,0.0,0.0,0.0,0.0,0.0,0.0,0.0,0.0,0.0,0.0,0.0,0.0,0.0,0.0,0.0,0.0,0.0,0.0,0.0,0.0,0.0,0.0,0.0,0.0,0.0,0.0,0.0,0.0,0.0,0.0,0.0,0.0,0.0,0.0,0.25,0.0,0.0,0.25,0.0,0.0,0.0,0.0,0.0,0.0,0.0,0.0,0.0,0.0,0.0,0.0,0.0,0.0,0.0,0.0,0.0,0.0,0.0,0.0,0.0,0.0,0.0,0.0,0.0,0.0,0.25,0.0,0.0,0.25,0.0,0.0,0.0,0.0,0.0
Mo0.7NbTi0.3Zr,4,4,0.0647154972169394,-2.06222222222222,1.30223372268641,4.8,0.791622805802528,0.310856165381283,1.63466666666667,2495.83333333333,13.10398058465363,IM,IM,False,False,True,False,0,,Mo+Nb+Ti+Zr,Mo+Nb+Ti+Zr,0.0,0.0,0.0,0.0,0.0,0.0,0.0,0.0,0.0,0.0,0.0,0.0,0.0,0.0,0.0,0.0,0.0,0.0,0.0,0.0,0.0,0.0,0.0,0.0,0.0,0.0,0.0,0.0,0.0,0.0,0.0,0.0,0.0,0.0,0.0,0.0,0.0,0.0,0.0,0.2333333333333333,0.0,0.0,0.3333333333333333,0.0,0.0,0.0,0.0,0.0,0.0,0.0,0.0,0.0,0.0,0.0,0.0,0.0,0.0,0.0,0.0,0.0,0.0,0.0,0.0,0.0,0.0,0.0,0.0,0.0,0.0,0.09999999999999999,0.0,0.0,0.0,0.0,0.0,0.0,0.0,0.3333333333333333
MoNbTiZr,4,4,0.0598801152985383,-2.5,1.38629436111989,4.75,0.82915619758885,0.306950728945217,1.6575,2428.75,11.197793302747867,SS,BCC,False,True,False,False,1,BCC,Mo+Nb+Ti+Zr,Mo+Nb+Ti+Zr,0.0,0.0,0.0,0.0,0.0,0.0,0.0,0.0,0.0,0.0,0.0,0.0,0.0,0.0,0.0,0.0,0.0,0.0,0.0,0.0,0.0,0.0,0.0,0.0,0.0,0.0,0.0,0.0,0.0,0.0,0.0,0.0,0.0,0.0,0.0,0.0,0.0,0.0,0.0,0.25,0.0,0.0,0.25,0.0,0.0,0.0,0.0,0.0,0.0,0.0,0.0,0.0,0.0,0.0,0.0,0.0,0.0,0.0,0.0,0.0,0.0,0.0,0.0,0.0,0.0,0.0,0.0,0.0,0.0,0.25,0.0,0.0,0.0,0.0,0.0,0.0,0.0,0.25
MoPdRhRu,4,4,0.0107736150160109,-8.75,1.38629436111989,8.25,1.4790199457749,0.0435889894354066,2.21,2392.0125,3.1509755521022487,SS,HCP,False,False,False,True,1,,Mo+Pd+Rh+Ru,Mo+Pd+Rh+Ru,0.0,0.0,0.0,0.0,0.0,0.0,0.0,0.0,0.0,0.0,0.0,0.0,0.0,0.0,0.0,0.0,0.0,0.0,0.0,0.0,0.0,0.0,0.0,0.0,0.0,0.0,0.0,0.0,0.0,0.0,0.0,0.0,0.0,0.0,0.0,0.0,0.0,0.0,0.0,0.25,0.0,0.0,0.0,0.0,0.0,0.0,0.0,0.0,0.0,0.0,0.0,0.25,0.0,0.0,0.0,0.0,0.25,0.25,0.0,0.0,0.0,0.0,0.0,0.0,0.0,0.0,0.0,0.0,0.0,0.0,0.0,0.0,0.0,0.0,0.0,0.0,0.0,0.0
NbMoTaW,4,4,0.0231046190197619,-6.5,1.38629436111989,5.5,0.5,0.363696301878367,1.905,3157.75,5.599561629795648,SS,BCC,False,True,False,False,1,BCC,Mo+Nb+Ta+W,Mo+Nb+Ta+W,0.0,0.0,0.0,0.0,0.0,0.0,0.0,0.0,0.0,0.0,0.0,0.0,0.0,0.0,0.0,0.0,0.0,0.0,0.0,0.0,0.0,0.0,0.0,0.0,0.0,0.0,0.0,0.0,0.0,0.0,0.0,0.0,0.0,0.0,0.0,0.0,0.0,0.0,0.0,0.25,0.0,0.0,0.25,0.0,0.0,0.0,0.0,0.0,0.0,0.0,0.0,0.0,0.0,0.0,0.0,0.0,0.0,0.0,0.0,0.0,0.0,0.0,0.0,0.0,0.0,0.0,0.25,0.0,0.0,0.0,0.0,0.0,0.0,0.25,0.0,0.0,0.0,0.0
NbTaTiV,4,4,0.0393470745026409,-0.25,1.38629436111989,4.75,0.433012701892219,0.0506828373317832,1.5675,2541.0,117.15323842421957,SS,BCC,False,True,False,False,1,BCC,Nb+Ta+Ti+V,Nb+Ta+Ti+V,0.0,0.0,0.0,0.0,0.0,0.0,0.0,0.0,0.0,0.0,0.0,0.0,0.0,0.0,0.0,0.0,0.0,0.0,0.0,0.0,0.0,0.0,0.0,0.0,0.0,0.0,0.0,0.0,0.0,0.0,0.0,0.0,0.0,0.0,0.0,0.0,0.0,0.0,0.0,0.0,0.0,0.0,0.25,0.0,0.0,0.0,0.0,0.0,0.0,0.0,0.0,0.0,0.0,0.0,0.0,0.0,0.0,0.0,0.0,0.0,0.0,0.0,0.0,0.0,0.0,0.0,0.25,0.0,0.0,0.25,0.0,0.0,0.25,0.0,0.0,0.0,0.0,0.0
NbTaVW,4,4,0.0343216185149348,-4.5,1.38629436111989,5.25,0.433012701892219,0.342591228726014,1.7725,2979.5,7.631686428898558,SS,BCC,False,True,False,False,1,BCC,Nb+Ta+V+W,Nb+Ta+V+W,0.0,0.0,0.0,0.0,0.0,0.0,0.0,0.0,0.0,0.0,0.0,0.0,0.0,0.0,0.0,0.0,0.0,0.0,0.0,0.0,0.0,0.0,0.0,0.0,0.0,0.0,0.0,0.0,0.0,0.0,0.0,0.0,0.0,0.0,0.0,0.0,0.0,0.0,0.0,0.0,0.0,0.0,0.25,0.0,0.0,0.0,0.0,0.0,0.0,0.0,0.0,0.0,0.0,0.0,0.0,0.0,0.0,0.0,0.0,0.0,0.0,0.0,0.0,0.0,0.0,0.0,0.25,0.0,0.0,0.0,0.0,0.0,0.25,0.25,0.0,0.0,0.0,0.0
NbTiV0.3Mo,4,4,0.0347747280815894,-3.26905417814509,1.30337454159297,5.0,0.778498944161523,0.269095345308778,1.75424242424242,2497.54545454545,8.279320629342926,SS,BCC,False,True,False,False,1,BCC,Mo+Nb+Ti+V,Mo+Nb+Ti+V,0.0,0.0,0.0,0.0,0.0,0.0,0.0,0.0,0.0,0.0,0.0,0.0,0.0,0.0,0.0,0.0,0.0,0.0,0.0,0.0,0.0,0.0,0.0,0.0,0.0,0.0,0.0,0.0,0.0,0.0,0.0,0.0,0.0,0.0,0.0,0.0,0.0,0.0,0.0,0.30303030303030304,0.0,0.0,0.30303030303030304,0.0,0.0,0.0,0.0,0.0,0.0,0.0,0.0,0.0,0.0,0.0,0.0,0.0,0.0,0.0,0.0,0.0,0.0,0.0,0.0,0.0,0.0,0.0,0.0,0.0,0.0,0.30303030303030304,0.0,0.0,0.09090909090909091,0.0,0.0,0.0,0.0,0.0
NbTiV0.3Mo0.1,4,4,0.0330561594841632,0.0694444444444445,1.12190638343606,4.625,0.563656219102862,0.121139697823995,1.60208333333333,2348.125,315.4093102188622,SS,BCC,False,True,False,False,1,BCC,Mo+Nb+Ti+V,Mo+Nb+Ti+V,0.0,0.0,0.0,0.0,0.0,0.0,0.0,0.0,0.0,0.0,0.0,0.0,0.0,0.0,0.0,0.0,0.0,0.0,0.0,0.0,0.0,0.0,0.0,0.0,0.0,0.0,0.0,0.0,0.0,0.0,0.0,0.0,0.0,0.0,0.0,0.0,0.0,0.0,0.0,0.04166666666666667,0.0,0.0,0.4166666666666667,0.0,0.0,0.0,0.0,0.0,0.0,0.0,0.0,0.0,0.0,0.0,0.0,0.0,0.0,0.0,0.0,0.0,0.0,0.0,0.0,0.0,0.0,0.0,0.0,0.0,0.0,0.4166666666666667,0.0,0.0,0.125,0.0,0.0,0.0,0.0,0.0
NbTiV0.3Mo0.3,4,4,0.0339785291260353,-1.12426035502959,1.23335132294881,4.73076923076923,0.653846153846154,0.188806983247646,1.645,2390.26923076923,21.802229840032396,SS,BCC,False,True,False,False,1,BCC,Mo+Nb+Ti+V,Mo+Nb+Ti+V,0.0,0.0,0.0,0.0,0.0,0.0,0.0,0.0,0.0,0.0,0.0,0.0,0.0,0.0,0.0,0.0,0.0,0.0,0.0,0.0,0.0,0.0,0.0,0.0,0.0,0.0,0.0,0.0,0.0,0.0,0.0,0.0,0.0,0.0,0.0,0.0,0.0,0.0,0.0,0.11538461538461539,0.0,0.0,0.3846153846153847,0.0,0.0,0.0,0.0,0.0,0.0,0.0,0.0,0.0,0.0,0.0,0.0,0.0,0.0,0.0,0.0,0.0,0.0,0.0,0.0,0.0,0.0,0.0,0.0,0.0,0.0,0.3846153846153847,0.0,0.0,0.11538461538461539,0.0,0.0,0.0,0.0,0.0
NbTiV0.3Mo0.5,4,4,0.0344912022698356,-1.98979591836735,1.28239278560178,4.82142857142857,0.709807389798278,0.225151592923342,1.68178571428571,2426.39285714286,13.001930322931452,SS,BCC,False,True,False,False,1,BCC,Mo+Nb+Ti+V,Mo+Nb+Ti+V,0.0,0.0,0.0,0.0,0.0,0.0,0.0,0.0,0.0,0.0,0.0,0.0,0.0,0.0,0.0,0.0,0.0,0.0,0.0,0.0,0.0,0.0,0.0,0.0,0.0,0.0,0.0,0.0,0.0,0.0,0.0,0.0,0.0,0.0,0.0,0.0,0.0,0.0,0.0,0.17857142857142858,0.0,0.0,0.35714285714285715,0.0,0.0,0.0,0.0,0.0,0.0,0.0,0.0,0.0,0.0,0.0,0.0,0.0,0.0,0.0,0.0,0.0,0.0,0.0,0.0,0.0,0.0,0.0,0.0,0.0,0.0,0.35714285714285715,0.0,0.0,0.10714285714285715,0.0,0.0,0.0,0.0,0.0
NbTiV0.3Mo0.7,4,4,0.0347341793280888,-2.62222222222222,1.30223372268641,4.9,0.746100976186646,0.248079064457729,1.71366666666667,2457.7,10.148047670728355,SS,BCC,False,True,False,False,1,BCC,Mo+Nb+Ti+V,Mo+Nb+Ti+V,0.0,0.0,0.0,0.0,0.0,0.0,0.0,0.0,0.0,0.0,0.0,0.0,0.0,0.0,0.0,0.0,0.0,0.0,0.0,0.0,0.0,0.0,0.0,0.0,0.0,0.0,0.0,0.0,0.0,0.0,0.0,0.0,0.0,0.0,0.0,0.0,0.0,0.0,0.0,0.2333333333333333,0.0,0.0,0.3333333333333333,0.0,0.0,0.0,0.0,0.0,0.0,0.0,0.0,0.0,0.0,0.0,0.0,0.0,0.0,0.0,0.0,0.0,0.0,0.0,0.0,0.0,0.0,0.0,0.0,0.0,0.0,0.3333333333333333,0.0,0.0,0.09999999999999999,0.0,0.0,0.0,0.0,0.0
NbTiV0.3Mo1.3,4,4,0.0345753397439481,-3.67283950617284,1.28652226143152,5.08333333333333,0.794949334514122,0.280988527290948,1.78805555555556,2530.75,7.370531130663407,SS,BCC,False,True,False,False,1,BCC,Mo+Nb+Ti+V,Mo+Nb+Ti+V,0.0,0.0,0.0,0.0,0.0,0.0,0.0,0.0,0.0,0.0,0.0,0.0,0.0,0.0,0.0,0.0,0.0,0.0,0.0,0.0,0.0,0.0,0.0,0.0,0.0,0.0,0.0,0.0,0.0,0.0,0.0,0.0,0.0,0.0,0.0,0.0,0.0,0.0,0.0,0.36111111111111116,0.0,0.0,0.2777777777777778,0.0,0.0,0.0,0.0,0.0,0.0,0.0,0.0,0.0,0.0,0.0,0.0,0.0,0.0,0.0,0.0,0.0,0.0,0.0,0.0,0.0,0.0,0.0,0.0,0.0,0.0,0.2777777777777778,0.0,0.0,0.08333333333333334,0.0,0.0,0.0,0.0,0.0
NbTiV0.3Mo1.5,4,4,0.0343602326463834,-3.85041551246537,1.2699995349259,5.13157894736842,0.800363490828713,0.285826909441125,1.80763157894737,2549.97368421053,6.993037339161482,SS,BCC,False,True,False,False,1,BCC,Mo+Nb+Ti+V,Mo+Nb+Ti+V,0.0,0.0,0.0,0.0,0.0,0.0,0.0,0.0,0.0,0.0,0.0,0.0,0.0,0.0,0.0,0.0,0.0,0.0,0.0,0.0,0.0,0.0,0.0,0.0,0.0,0.0,0.0,0.0,0.0,0.0,0.0,0.0,0.0,0.0,0.0,0.0,0.0,0.0,0.0,0.39473684210526316,0.0,0.0,0.2631578947368421,0.0,0.0,0.0,0.0,0.0,0.0,0.0,0.0,0.0,0.0,0.0,0.0,0.0,0.0,0.0,0.0,0.0,0.0,0.0,0.0,0.0,0.0,0.0,0.0,0.0,0.0,0.2631578947368421,0.0,0.0,0.07894736842105263,0.0,0.0,0.0,0.0,0.0
NbTiV0.3Zr,4,4,0.0600491020358159,1.43250688705234,1.30337454159297,4.39393939393939,0.488621681715064,0.117480436212001,1.50272727272727,2264.81818181818,17.13326148718048,SS,BCC,False,True,False,False,1,BCC,Nb+Ti+V+Zr,Nb+Ti+V+Zr,0.0,0.0,0.0,0.0,0.0,0.0,0.0,0.0,0.0,0.0,0.0,0.0,0.0,0.0,0.0,0.0,0.0,0.0,0.0,0.0,0.0,0.0,0.0,0.0,0.0,0.0,0.0,0.0,0.0,0.0,0.0,0.0,0.0,0.0,0.0,0.0,0.0,0.0,0.0,0.0,0.0,0.0,0.30303030303030304,0.0,0.0,0.0,0.0,0.0,0.0,0.0,0.0,0.0,0.0,0.0,0.0,0.0,0.0,0.0,0.0,0.0,0.0,0.0,0.0,0.0,0.0,0.0,0.0,0.0,0.0,0.30303030303030304,0.0,0.0,0.09090909090909091,0.0,0.0,0.0,0.0,0.30303030303030304
NbTiV2Zr,4,4,0.0748050760766666,-1.28,1.33217904021012,4.6,0.489897948556636,0.112889326333361,1.546,2237.0,19.357657251096747,SS,BCC,False,True,False,False,1,BCC,Nb+Ti+V+Zr,Nb+Ti+V+Zr,0.0,0.0,0.0,0.0,0.0,0.0,0.0,0.0,0.0,0.0,0.0,0.0,0.0,0.0,0.0,0.0,0.0,0.0,0.0,0.0,0.0,0.0,0.0,0.0,0.0,0.0,0.0,0.0,0.0,0.0,0.0,0.0,0.0,0.0,0.0,0.0,0.0,0.0,0.0,0.0,0.0,0.0,0.2,0.0,0.0,0.0,0.0,0.0,0.0,0.0,0.0,0.0,0.0,0.0,0.0,0.0,0.0,0.0,0.0,0.0,0.0,0.0,0.0,0.0,0.0,0.0,0.0,0.0,0.0,0.2,0.0,0.0,0.4,0.0,0.0,0.0,0.0,0.2
NbTiVZr,4,4,0.0704839766934364,-0.25,1.38629436111989,4.5,0.5,0.1171537451386,1.525,2250.5,103.7596863729658,SS,BCC,False,True,False,False,1,BCC,Nb+Ti+V+Zr,Nb+Ti+V+Zr,0.0,0.0,0.0,0.0,0.0,0.0,0.0,0.0,0.0,0.0,0.0,0.0,0.0,0.0,0.0,0.0,0.0,0.0,0.0,0.0,0.0,0.0,0.0,0.0,0.0,0.0,0.0,0.0,0.0,0.0,0.0,0.0,0.0,0.0,0.0,0.0,0.0,0.0,0.0,0.0,0.0,0.0,0.25,0.0,0.0,0.0,0.0,0.0,0.0,0.0,0.0,0.0,0.0,0.0,0.0,0.0,0.0,0.0,0.0,0.0,0.0,0.0,0.0,0.0,0.0,0.0,0.0,0.0,0.0,0.25,0.0,0.0,0.25,0.0,0.0,0.0,0.0,0.25
Ni60Al10Ni10Cu20,4,4,0.111946697522058,-27.52,1.08889997534522,5.3,3.52278299076171,0.34745359402372,1.416,1315.901,0.43290934461169295,AM,AM,False,False,False,False,0,,Al+Cu+Nd+Ni,Al+Cu+Nd+Ni,0.0,0.1,0.0,0.0,0.0,0.0,0.0,0.0,0.0,0.0,0.0,0.0,0.0,0.0,0.0,0.0,0.0,0.2,0.0,0.0,0.0,0.0,0.0,0.0,0.0,0.0,0.0,0.0,0.0,0.0,0.0,0.0,0.0,0.0,0.0,0.0,0.0,0.0,0.0,0.0,0.0,0.0,0.0,0.6,0.0,0.1,0.0,0.0,0.0,0.0,0.0,0.0,0.0,0.0,0.0,0.0,0.0,0.0,0.0,0.0,0.0,0.0,0.0,0.0,0.0,0.0,0.0,0.0,0.0,0.0,0.0,0.0,0.0,0.0,0.0,0.0,0.0,0.0
Ni50Nb20Hf10Ti20,4,4,0.0879389223527064,-33.76,1.22060726455302,7.2,2.82134719593318,0.212134391365474,1.713,2052.8,0.6170982808090222,AM,AM,False,False,False,False,0,,Hf+Nb+Ni+Ti,Hf+Nb+Ni+Ti,0.0,0.0,0.0,0.0,0.0,0.0,0.0,0.0,0.0,0.0,0.0,0.0,0.0,0.0,0.0,0.0,0.0,0.0,0.0,0.0,0.0,0.0,0.0,0.0,0.0,0.0,0.0,0.1,0.0,0.0,0.0,0.0,0.0,0.0,0.0,0.0,0.0,0.0,0.0,0.0,0.0,0.0,0.2,0.0,0.0,0.5,0.0,0.0,0.0,0.0,0.0,0.0,0.0,0.0,0.0,0.0,0.0,0.0,0.0,0.0,0.0,0.0,0.0,0.0,0.0,0.0,0.0,0.0,0.0,0.2,0.0,0.0,0.0,0.0,0.0,0.0,0.0,0.0
Ni50Nb20Hf2.5Ti17.5,4,4,0.0788625191387832,-32.0864197530864,1.07875369268095,7.55555555555555,2.75322482074753,0.182803949494034,1.75222222222222,2018.13888888889,0.5641391904628439,AM,AM,False,False,False,False,0,,Hf+Nb+Ni+Ti,Hf+Nb+Ni+Ti,0.0,0.0,0.0,0.0,0.0,0.0,0.0,0.0,0.0,0.0,0.0,0.0,0.0,0.0,0.0,0.0,0.0,0.0,0.0,0.0,0.0,0.0,0.0,0.0,0.0,0.0,0.0,0.027777777777777776,0.0,0.0,0.0,0.0,0.0,0.0,0.0,0.0,0.0,0.0,0.0,0.0,0.0,0.0,0.2222222222222222,0.0,0.0,0.5555555555555556,0.0,0.0,0.0,0.0,0.0,0.0,0.0,0.0,0.0,0.0,0.0,0.0,0.0,0.0,0.0,0.0,0.0,0.0,0.0,0.0,0.0,0.0,0.0,0.19444444444444445,0.0,0.0,0.0,0.0,0.0,0.0,0.0,0.0
Ni50Nb20Hf5Ti25,4,4,0.0822278015096068,-33.14,1.16482137672446,7.2,2.82134719593318,0.194486503387767,1.725,2024.55,0.5916563365411637,AM,AM,False,False,False,False,0,,Hf+Nb+Ni+Ti,Hf+Nb+Ni+Ti,0.0,0.0,0.0,0.0,0.0,0.0,0.0,0.0,0.0,0.0,0.0,0.0,0.0,0.0,0.0,0.0,0.0,0.0,0.0,0.0,0.0,0.0,0.0,0.0,0.0,0.0,0.0,0.05,0.0,0.0,0.0,0.0,0.0,0.0,0.0,0.0,0.0,0.0,0.0,0.0,0.0,0.0,0.2,0.0,0.0,0.5,0.0,0.0,0.0,0.0,0.0,0.0,0.0,0.0,0.0,0.0,0.0,0.0,0.0,0.0,0.0,0.0,0.0,0.0,0.0,0.0,0.0,0.0,0.0,0.25,0.0,0.0,0.0,0.0,0.0,0.0,0.0,0.0
Ni55Nb20Hf10Ti15,4,4,0.0886165569665446,-33.43,1.1655244399347,7.5,2.78388218141501,0.212374080339386,1.7315,2042.15,0.5919797239914248,AM,AM,False,False,False,False,0,,Hf+Nb+Ni+Ti,Hf+Nb+Ni+Ti,0.0,0.0,0.0,0.0,0.0,0.0,0.0,0.0,0.0,0.0,0.0,0.0,0.0,0.0,0.0,0.0,0.0,0.0,0.0,0.0,0.0,0.0,0.0,0.0,0.0,0.0,0.0,0.1,0.0,0.0,0.0,0.0,0.0,0.0,0.0,0.0,0.0,0.0,0.0,0.0,0.0,0.0,0.2,0.0,0.0,0.55,0.0,0.0,0.0,0.0,0.0,0.0,0.0,0.0,0.0,0.0,0.0,0.0,0.0,0.0,0.0,0.0,0.0,0.0,0.0,0.0,0.0,0.0,0.0,0.15,0.0,0.0,0.0,0.0,0.0,0.0,0.0,0.0
Ni55Nb20Hf5Ti20,4,4,0.0824398457944367,-32.74,1.12237212906693,7.5,2.78388218141501,0.193604622878691,1.7435,2013.9,0.5740243104661463,AM,AM,False,False,False,False,0,,Hf+Nb+Ni+Ti,Hf+Nb+Ni+Ti,0.0,0.0,0.0,0.0,0.0,0.0,0.0,0.0,0.0,0.0,0.0,0.0,0.0,0.0,0.0,0.0,0.0,0.0,0.0,0.0,0.0,0.0,0.0,0.0,0.0,0.0,0.0,0.05,0.0,0.0,0.0,0.0,0.0,0.0,0.0,0.0,0.0,0.0,0.0,0.0,0.0,0.0,0.2,0.0,0.0,0.55,0.0,0.0,0.0,0.0,0.0,0.0,0.0,0.0,0.0,0.0,0.0,0.0,0.0,0.0,0.0,0.0,0.0,0.0,0.0,0.0,0.0,0.0,0.0,0.2,0.0,0.0,0.0,0.0,0.0,0.0,0.0,0.0
Ni60Nb10Hf5Ti25,4,4,0.0841581650479673,-32.96,1.03311408751667,7.7,2.83019433961698,0.196784145702849,1.756,1922.35,0.5009884662497873,AM,AM,False,False,False,False,0,,Hf+Nb+Ni+Ti,Hf+Nb+Ni+Ti,0.0,0.0,0.0,0.0,0.0,0.0,0.0,0.0,0.0,0.0,0.0,0.0,0.0,0.0,0.0,0.0,0.0,0.0,0.0,0.0,0.0,0.0,0.0,0.0,0.0,0.0,0.0,0.05,0.0,0.0,0.0,0.0,0.0,0.0,0.0,0.0,0.0,0.0,0.0,0.0,0.0,0.0,0.1,0.0,0.0,0.6,0.0,0.0,0.0,0.0,0.0,0.0,0.0,0.0,0.0,0.0,0.0,0.0,0.0,0.0,0.0,0.0,0.0,0.0,0.0,0.0,0.0,0.0,0.0,0.25,0.0,0.0,0.0,0.0,0.0,0.0,0.0,0.0
Ni60Nb15Hf10Ti15,4,4,0.0895717237997607,-33.06,1.10588987902476,7.75,2.77263412660235,0.213520490819968,1.747,1991.05,0.5537648500007796,AM,AM,False,False,False,False,0,,Hf+Nb+Ni+Ti,Hf+Nb+Ni+Ti,0.0,0.0,0.0,0.0,0.0,0.0,0.0,0.0,0.0,0.0,0.0,0.0,0.0,0.0,0.0,0.0,0.0,0.0,0.0,0.0,0.0,0.0,0.0,0.0,0.0,0.0,0.0,0.1,0.0,0.0,0.0,0.0,0.0,0.0,0.0,0.0,0.0,0.0,0.0,0.0,0.0,0.0,0.15,0.0,0.0,0.6,0.0,0.0,0.0,0.0,0.0,0.0,0.0,0.0,0.0,0.0,0.0,0.0,0.0,0.0,0.0,0.0,0.0,0.0,0.0,0.0,0.0,0.0,0.0,0.15,0.0,0.0,0.0,0.0,0.0,0.0,0.0,0.0
Ni60Nb15Hf5Ti20,4,4,0.0830257767309247,-32.28,1.062737568157,7.75,2.77263412660235,0.193904615726393,1.759,1962.8,0.5372825573741233,AM,AM,False,False,False,False,0,,Hf+Nb+Ni+Ti,Hf+Nb+Ni+Ti,0.0,0.0,0.0,0.0,0.0,0.0,0.0,0.0,0.0,0.0,0.0,0.0,0.0,0.0,0.0,0.0,0.0,0.0,0.0,0.0,0.0,0.0,0.0,0.0,0.0,0.0,0.0,0.05,0.0,0.0,0.0,0.0,0.0,0.0,0.0,0.0,0.0,0.0,0.0,0.0,0.0,0.0,0.15,0.0,0.0,0.6,0.0,0.0,0.0,0.0,0.0,0.0,0.0,0.0,0.0,0.0,0.0,0.0,0.0,0.0,0.0,0.0,0.0,0.0,0.0,0.0,0.0,0.0,0.0,0.2,0.0,0.0,0.0,0.0,0.0,0.0,0.0,0.0
Ni60Nb20Hf10Ti10,4,4,0.088571906539366,-32.4,1.08889997534522,7.8,2.71293199325011,0.210997630318447,1.75,2031.5,0.5676674460154321,AM,AM,False,False,False,False,0,,Hf+Nb+Ni+Ti,Hf+Nb+Ni+Ti,0.0,0.0,0.0,0.0,0.0,0.0,0.0,0.0,0.0,0.0,0.0,0.0,0.0,0.0,0.0,0.0,0.0,0.0,0.0,0.0,0.0,0.0,0.0,0.0,0.0,0.0,0.0,0.1,0.0,0.0,0.0,0.0,0.0,0.0,0.0,0.0,0.0,0.0,0.0,0.0,0.0,0.0,0.2,0.0,0.0,0.6,0.0,0.0,0.0,0.0,0.0,0.0,0.0,0.0,0.0,0.0,0.0,0.0,0.0,0.0,0.0,0.0,0.0,0.0,0.0,0.0,0.0,0.0,0.0,0.1,0.0,0.0,0.0,0.0,0.0,0.0,0.0,0.0
Ni60Nb20Hf15Ti5,4,4,0.094513271640047,-33.16,1.062737568157,7.8,2.71293199325011,0.228683186963974,1.738,2059.75,0.5488582644878331,AM,AM,False,False,False,False,0,,Hf+Nb+Ni+Ti,Hf+Nb+Ni+Ti,0.0,0.0,0.0,0.0,0.0,0.0,0.0,0.0,0.0,0.0,0.0,0.0,0.0,0.0,0.0,0.0,0.0,0.0,0.0,0.0,0.0,0.0,0.0,0.0,0.0,0.0,0.0,0.15,0.0,0.0,0.0,0.0,0.0,0.0,0.0,0.0,0.0,0.0,0.0,0.0,0.0,0.0,0.2,0.0,0.0,0.6,0.0,0.0,0.0,0.0,0.0,0.0,0.0,0.0,0.0,0.0,0.0,0.0,0.0,0.0,0.0,0.0,0.0,0.0,0.0,0.0,0.0,0.0,0.0,0.05,0.0,0.0,0.0,0.0,0.0,0.0,0.0,0.0
Ni60Nb20Hf5Ti15,4,4,0.0818531062190719,-31.64,1.062737568157,7.8,2.71293199325011,0.190934543757802,1.762,2003.25,0.5594469299831404,AM,AM,False,False,False,False,0,,Hf+Nb+Ni+Ti,Hf+Nb+Ni+Ti,0.0,0.0,0.0,0.0,0.0,0.0,0.0,0.0,0.0,0.0,0.0,0.0,0.0,0.0,0.0,0.0,0.0,0.0,0.0,0.0,0.0,0.0,0.0,0.0,0.0,0.0,0.0,0.05,0.0,0.0,0.0,0.0,0.0,0.0,0.0,0.0,0.0,0.0,0.0,0.0,0.0,0.0,0.2,0.0,0.0,0.6,0.0,0.0,0.0,0.0,0.0,0.0,0.0,0.0,0.0,0.0,0.0,0.0,0.0,0.0,0.0,0.0,0.0,0.0,0.0,0.0,0.0,0.0,0.0,0.15,0.0,0.0,0.0,0.0,0.0,0.0,0.0,0.0
Ni75Nb5P16B4,4,4,0.0945441360117995,-27.2232,0.787516235210993,8.67,2.33261655657333,0.129748795755491,1.9445,1578.228,0.37959831085015316,AM,AM,False,False,False,False,0,,B+Nb+Ni+P,B+Nb+Ni+P,0.0,0.0,0.0,0.0,0.04,0.0,0.0,0.0,0.0,0.0,0.0,0.0,0.0,0.0,0.0,0.0,0.0,0.0,0.0,0.0,0.0,0.0,0.0,0.0,0.0,0.0,0.0,0.0,0.0,0.0,0.0,0.0,0.0,0.0,0.0,0.0,0.0,0.0,0.0,0.0,0.0,0.0,0.05,0.0,0.0,0.75,0.0,0.0,0.0,0.16,0.0,0.0,0.0,0.0,0.0,0.0,0.0,0.0,0.0,0.0,0.0,0.0,0.0,0.0,0.0,0.0,0.0,0.0,0.0,0.0,0.0,0.0,0.0,0.0,0.0,0.0,0.0,0.0
Ni45Ti20Zr25Al10,4,4,0.105775239007598,-45.41,1.25804814536419,6.6,3.0886890422961,0.241824316395188,1.661,1791.147,0.4125828532914943,AM,AM,False,False,False,False,0,,Al+Ni+Ti+Zr,Al+Ni+Ti+Zr,0.0,0.1,0.0,0.0,0.0,0.0,0.0,0.0,0.0,0.0,0.0,0.0,0.0,0.0,0.0,0.0,0.0,0.0,0.0,0.0,0.0,0.0,0.0,0.0,0.0,0.0,0.0,0.0,0.0,0.0,0.0,0.0,0.0,0.0,0.0,0.0,0.0,0.0,0.0,0.0,0.0,0.0,0.0,0.0,0.0,0.45,0.0,0.0,0.0,0.0,0.0,0.0,0.0,0.0,0.0,0.0,0.0,0.0,0.0,0.0,0.0,0.0,0.0,0.0,0.0,0.0,0.0,0.0,0.0,0.2,0.0,0.0,0.0,0.0,0.0,0.0,0.0,0.25
Ni45Ti20Zr27Al8,4,4,0.107461263742645,-45.3036,1.23679433372509,6.62,3.0684849681887,0.24614394162765801,1.6554,1815.0376,0.41198801667388196,AM,AM,False,False,False,False,0,,Al+Ni+Ti+Zr,Al+Ni+Ti+Zr,0.0,0.08,0.0,0.0,0.0,0.0,0.0,0.0,0.0,0.0,0.0,0.0,0.0,0.0,0.0,0.0,0.0,0.0,0.0,0.0,0.0,0.0,0.0,0.0,0.0,0.0,0.0,0.0,0.0,0.0,0.0,0.0,0.0,0.0,0.0,0.0,0.0,0.0,0.0,0.0,0.0,0.0,0.0,0.0,0.0,0.45,0.0,0.0,0.0,0.0,0.0,0.0,0.0,0.0,0.0,0.0,0.0,0.0,0.0,0.0,0.0,0.0,0.0,0.0,0.0,0.0,0.0,0.0,0.0,0.2,0.0,0.0,0.0,0.0,0.0,0.0,0.0,0.27
Ni46Ti20Zr23Al12,4,4,0.104109702921444,-45.3014410351926,1.26890867056993,6.61386138613861,3.11168445366847,0.237342985932337,1.6690099009901,1766.86772277228,0.41148742713015296,AM,AM,False,False,False,False,0,,Al+Ni+Ti+Zr,Al+Ni+Ti+Zr,0.0,0.1188118811881188,0.0,0.0,0.0,0.0,0.0,0.0,0.0,0.0,0.0,0.0,0.0,0.0,0.0,0.0,0.0,0.0,0.0,0.0,0.0,0.0,0.0,0.0,0.0,0.0,0.0,0.0,0.0,0.0,0.0,0.0,0.0,0.0,0.0,0.0,0.0,0.0,0.0,0.0,0.0,0.0,0.0,0.0,0.0,0.45544554455445546,0.0,0.0,0.0,0.0,0.0,0.0,0.0,0.0,0.0,0.0,0.0,0.0,0.0,0.0,0.0,0.0,0.0,0.0,0.0,0.0,0.0,0.0,0.0,0.19801980198019803,0.0,0.0,0.0,0.0,0.0,0.0,0.0,0.22772277227722773
Ni57.5Zr24Nb11Al7.5,4,4,0.109887013124718,-41.7726,1.09777471516919,7.485,2.95631104588134,0.244375448848693,1.7142,1876.83025,0.4100916209870087,AM,AM,False,False,False,False,0,,Al+Nb+Ni+Zr,Al+Nb+Ni+Zr,0.0,0.075,0.0,0.0,0.0,0.0,0.0,0.0,0.0,0.0,0.0,0.0,0.0,0.0,0.0,0.0,0.0,0.0,0.0,0.0,0.0,0.0,0.0,0.0,0.0,0.0,0.0,0.0,0.0,0.0,0.0,0.0,0.0,0.0,0.0,0.0,0.0,0.0,0.0,0.0,0.0,0.0,0.11,0.0,0.0,0.575,0.0,0.0,0.0,0.0,0.0,0.0,0.0,0.0,0.0,0.0,0.0,0.0,0.0,0.0,0.0,0.0,0.0,0.0,0.0,0.0,0.0,0.0,0.0,0.0,0.0,0.0,0.0,0.0,0.0,0.0,0.0,0.24
Ni57.5Zr26Nb9Al7.5,4,4,0.11209433413898,-42.8506,1.07942080261468,7.465,2.97636943271496,0.24976300766927,1.7088,1864.39025,0.3904854753492085,AM,AM,False,False,False,False,0,,Al+Nb+Ni+Zr,Al+Nb+Ni+Zr,0.0,0.075,0.0,0.0,0.0,0.0,0.0,0.0,0.0,0.0,0.0,0.0,0.0,0.0,0.0,0.0,0.0,0.0,0.0,0.0,0.0,0.0,0.0,0.0,0.0,0.0,0.0,0.0,0.0,0.0,0.0,0.0,0.0,0.0,0.0,0.0,0.0,0.0,0.0,0.0,0.0,0.0,0.09,0.0,0.0,0.575,0.0,0.0,0.0,0.0,0.0,0.0,0.0,0.0,0.0,0.0,0.0,0.0,0.0,0.0,0.0,0.0,0.0,0.0,0.0,0.0,0.0,0.0,0.0,0.0,0.0,0.0,0.0,0.0,0.0,0.0,0.0,0.26
Ni57.5Zr28Nb7Al7.5,4,4,0.11418035152488,-43.9414,1.05504514117759,7.445,2.99616004245434,0.254922419571131,1.7034,1851.95025,0.36970953630041226,AM,AM,False,False,False,False,0,,Al+Nb+Ni+Zr,Al+Nb+Ni+Zr,0.0,0.075,0.0,0.0,0.0,0.0,0.0,0.0,0.0,0.0,0.0,0.0,0.0,0.0,0.0,0.0,0.0,0.0,0.0,0.0,0.0,0.0,0.0,0.0,0.0,0.0,0.0,0.0,0.0,0.0,0.0,0.0,0.0,0.0,0.0,0.0,0.0,0.0,0.0,0.0,0.0,0.0,0.07,0.0,0.0,0.575,0.0,0.0,0.0,0.0,0.0,0.0,0.0,0.0,0.0,0.0,0.0,0.0,0.0,0.0,0.0,0.0,0.0,0.0,0.0,0.0,0.0,0.0,0.0,0.0,0.0,0.0,0.0,0.0,0.0,0.0,0.0,0.28
Ni57.5Zr30Nb5Al7.5,4,4,0.116152692423322,-45.045,1.02344500434017,7.425,3.01568814700725,0.259867273814923,1.698,1839.51025,0.34749960588722345,AM,AM,False,False,False,False,0,,Al+Nb+Ni+Zr,Al+Nb+Ni+Zr,0.0,0.075,0.0,0.0,0.0,0.0,0.0,0.0,0.0,0.0,0.0,0.0,0.0,0.0,0.0,0.0,0.0,0.0,0.0,0.0,0.0,0.0,0.0,0.0,0.0,0.0,0.0,0.0,0.0,0.0,0.0,0.0,0.0,0.0,0.0,0.0,0.0,0.0,0.0,0.0,0.0,0.0,0.05,0.0,0.0,0.575,0.0,0.0,0.0,0.0,0.0,0.0,0.0,0.0,0.0,0.0,0.0,0.0,0.0,0.0,0.0,0.0,0.0,0.0,0.0,0.0,0.0,0.0,0.0,0.0,0.0,0.0,0.0,0.0,0.0,0.0,0.0,0.3
Ni57.5Zr32Nb3Al7.5,4,4,0.118018114610698,-46.1614,0.982282256904566,7.405,3.03495881355909,0.264609599221192,1.6926,1827.07025,0.3232561221651238,AM,AM,False,False,False,False,0,,Al+Nb+Ni+Zr,Al+Nb+Ni+Zr,0.0,0.075,0.0,0.0,0.0,0.0,0.0,0.0,0.0,0.0,0.0,0.0,0.0,0.0,0.0,0.0,0.0,0.0,0.0,0.0,0.0,0.0,0.0,0.0,0.0,0.0,0.0,0.0,0.0,0.0,0.0,0.0,0.0,0.0,0.0,0.0,0.0,0.0,0.0,0.0,0.0,0.0,0.03,0.0,0.0,0.575,0.0,0.0,0.0,0.0,0.0,0.0,0.0,0.0,0.0,0.0,0.0,0.0,0.0,0.0,0.0,0.0,0.0,0.0,0.0,0.0,0.0,0.0,0.0,0.0,0.0,0.0,0.0,0.0,0.0,0.0,0.0,0.32
Ni60Zr27Nb8Al5,4,4,0.114185823025604,-42.4704,1.01186027587757,7.63,2.92456834421766,0.253856337324874,1.7136,1878.0335,0.3720246485399832,AM,AM,False,False,False,False,0,,Al+Nb+Ni+Zr,Al+Nb+Ni+Zr,0.0,0.05,0.0,0.0,0.0,0.0,0.0,0.0,0.0,0.0,0.0,0.0,0.0,0.0,0.0,0.0,0.0,0.0,0.0,0.0,0.0,0.0,0.0,0.0,0.0,0.0,0.0,0.0,0.0,0.0,0.0,0.0,0.0,0.0,0.0,0.0,0.0,0.0,0.0,0.0,0.0,0.0,0.08,0.0,0.0,0.6,0.0,0.0,0.0,0.0,0.0,0.0,0.0,0.0,0.0,0.0,0.0,0.0,0.0,0.0,0.0,0.0,0.0,0.0,0.0,0.0,0.0,0.0,0.0,0.0,0.0,0.0,0.0,0.0,0.0,0.0,0.0,0.27
Ni60Zr28Nb7Al5,4,4,0.115247252945505,-43.0104,0.998860579750197,7.62,2.93523423256135,0.256472591128175,1.7109,1871.8135,0.3614332913829135,AM,AM,False,False,False,False,0,,Al+Nb+Ni+Zr,Al+Nb+Ni+Zr,0.0,0.05,0.0,0.0,0.0,0.0,0.0,0.0,0.0,0.0,0.0,0.0,0.0,0.0,0.0,0.0,0.0,0.0,0.0,0.0,0.0,0.0,0.0,0.0,0.0,0.0,0.0,0.0,0.0,0.0,0.0,0.0,0.0,0.0,0.0,0.0,0.0,0.0,0.0,0.0,0.0,0.0,0.07,0.0,0.0,0.6,0.0,0.0,0.0,0.0,0.0,0.0,0.0,0.0,0.0,0.0,0.0,0.0,0.0,0.0,0.0,0.0,0.0,0.0,0.0,0.0,0.0,0.0,0.0,0.0,0.0,0.0,0.0,0.0,0.0,0.0,0.0,0.28
Ni61Zr27Nb7Al5,4,4,0.114578676847246,-42.4148,0.990975568965626,7.68,2.92191717883995,0.254342505295517,1.7167,1867.8135,0.36283838006448244,AM,AM,False,False,False,False,0,,Al+Nb+Ni+Zr,Al+Nb+Ni+Zr,0.0,0.05,0.0,0.0,0.0,0.0,0.0,0.0,0.0,0.0,0.0,0.0,0.0,0.0,0.0,0.0,0.0,0.0,0.0,0.0,0.0,0.0,0.0,0.0,0.0,0.0,0.0,0.0,0.0,0.0,0.0,0.0,0.0,0.0,0.0,0.0,0.0,0.0,0.0,0.0,0.0,0.0,0.07,0.0,0.0,0.61,0.0,0.0,0.0,0.0,0.0,0.0,0.0,0.0,0.0,0.0,0.0,0.0,0.0,0.0,0.0,0.0,0.0,0.0,0.0,0.0,0.0,0.0,0.0,0.0,0.0,0.0,0.0,0.0,0.0,0.0,0.0,0.27
Ni61Zr27Nb8Al4,4,4,0.114571911930941,-42.07,0.98585407724202,7.7,2.89654967159205,0.254386399007494,1.7166,1885.9788,0.367460884894177,AM,AM,False,False,False,False,0,,Al+Nb+Ni+Zr,Al+Nb+Ni+Zr,0.0,0.04,0.0,0.0,0.0,0.0,0.0,0.0,0.0,0.0,0.0,0.0,0.0,0.0,0.0,0.0,0.0,0.0,0.0,0.0,0.0,0.0,0.0,0.0,0.0,0.0,0.0,0.0,0.0,0.0,0.0,0.0,0.0,0.0,0.0,0.0,0.0,0.0,0.0,0.0,0.0,0.0,0.08,0.0,0.0,0.61,0.0,0.0,0.0,0.0,0.0,0.0,0.0,0.0,0.0,0.0,0.0,0.0,0.0,0.0,0.0,0.0,0.0,0.0,0.0,0.0,0.0,0.0,0.0,0.0,0.0,0.0,0.0,0.0,0.0,0.0,0.0,0.27
Ni62Zr28Nb7Al3,4,4,0.116031079965686,-42.1864,0.944157525317162,7.76,2.87791591260064,0.257548810907758,1.7169,1887.7041,0.3512692204612068,AM,AM,False,False,False,False,0,,Al+Nb+Ni+Zr,Al+Nb+Ni+Zr,0.0,0.03,0.0,0.0,0.0,0.0,0.0,0.0,0.0,0.0,0.0,0.0,0.0,0.0,0.0,0.0,0.0,0.0,0.0,0.0,0.0,0.0,0.0,0.0,0.0,0.0,0.0,0.0,0.0,0.0,0.0,0.0,0.0,0.0,0.0,0.0,0.0,0.0,0.0,0.0,0.0,0.0,0.07,0.0,0.0,0.62,0.0,0.0,0.0,0.0,0.0,0.0,0.0,0.0,0.0,0.0,0.0,0.0,0.0,0.0,0.0,0.0,0.0,0.0,0.0,0.0,0.0,0.0,0.0,0.0,0.0,0.0,0.0,0.0,0.0,0.0,0.0,0.28
Ni57Zr20Ti13Pd10,4,4,0.10563455437474,-43.378,1.1377825828422,8.02,2.8212763069221,0.274289974297275,1.7749,1845.695,0.40251667604658264,AM,AM,False,False,False,False,0,,Ni+Pd+Ti+Zr,Ni+Pd+Ti+Zr,0.0,0.0,0.0,0.0,0.0,0.0,0.0,0.0,0.0,0.0,0.0,0.0,0.0,0.0,0.0,0.0,0.0,0.0,0.0,0.0,0.0,0.0,0.0,0.0,0.0,0.0,0.0,0.0,0.0,0.0,0.0,0.0,0.0,0.0,0.0,0.0,0.0,0.0,0.0,0.0,0.0,0.0,0.0,0.0,0.0,0.57,0.0,0.0,0.0,0.0,0.0,0.1,0.0,0.0,0.0,0.0,0.0,0.0,0.0,0.0,0.0,0.0,0.0,0.0,0.0,0.0,0.0,0.0,0.0,0.13,0.0,0.0,0.0,0.0,0.0,0.0,0.0,0.2
Ni57Zr20Ti16Pd7,4,4,0.106215111349213,-43.12,1.12165660261936,7.84,2.88,0.266602681906991,1.7551,1849.0835,0.39991884852218684,AM,AM,False,False,False,False,0,,Ni+Pd+Ti+Zr,Ni+Pd+Ti+Zr,0.0,0.0,0.0,0.0,0.0,0.0,0.0,0.0,0.0,0.0,0.0,0.0,0.0,0.0,0.0,0.0,0.0,0.0,0.0,0.0,0.0,0.0,0.0,0.0,0.0,0.0,0.0,0.0,0.0,0.0,0.0,0.0,0.0,0.0,0.0,0.0,0.0,0.0,0.0,0.0,0.0,0.0,0.0,0.0,0.0,0.57,0.0,0.0,0.0,0.0,0.0,0.07,0.0,0.0,0.0,0.0,0.0,0.0,0.0,0.0,0.0,0.0,0.0,0.0,0.0,0.0,0.0,0.0,0.0,0.16,0.0,0.0,0.0,0.0,0.0,0.0,0.0,0.2
Ni57Zr20Ti18Pd5,4,4,0.106578606081003,-42.688,1.10074569656859,7.72,2.91231866388278,0.260517542595504,1.7419,1851.3425,0.39691923389339634,AM,AM,False,False,False,False,0,,Ni+Pd+Ti+Zr,Ni+Pd+Ti+Zr,0.0,0.0,0.0,0.0,0.0,0.0,0.0,0.0,0.0,0.0,0.0,0.0,0.0,0.0,0.0,0.0,0.0,0.0,0.0,0.0,0.0,0.0,0.0,0.0,0.0,0.0,0.0,0.0,0.0,0.0,0.0,0.0,0.0,0.0,0.0,0.0,0.0,0.0,0.0,0.0,0.0,0.0,0.0,0.0,0.0,0.57,0.0,0.0,0.0,0.0,0.0,0.05,0.0,0.0,0.0,0.0,0.0,0.0,0.0,0.0,0.0,0.0,0.0,0.0,0.0,0.0,0.0,0.0,0.0,0.18,0.0,0.0,0.0,0.0,0.0,0.0,0.0,0.2
Pr60Al10Ni10Cu20,4,4,0.114621559397108,-27.52,1.08889997534522,5.3,3.52278299076171,0.352221521205051,1.41,1262.501,0.4153416408085463,AM,AM,False,False,False,False,0,,Al+Cu+Ni+Pr,Al+Cu+Ni+Pr,0.0,0.1,0.0,0.0,0.0,0.0,0.0,0.0,0.0,0.0,0.0,0.0,0.0,0.0,0.0,0.0,0.0,0.2,0.0,0.0,0.0,0.0,0.0,0.0,0.0,0.0,0.0,0.0,0.0,0.0,0.0,0.0,0.0,0.0,0.0,0.0,0.0,0.0,0.0,0.0,0.0,0.0,0.0,0.0,0.0,0.1,0.0,0.0,0.0,0.0,0.0,0.0,0.6,0.0,0.0,0.0,0.0,0.0,0.0,0.0,0.0,0.0,0.0,0.0,0.0,0.0,0.0,0.0,0.0,0.0,0.0,0.0,0.0,0.0,0.0,0.0,0.0,0.0
SmFe6Ti6N,4,4,0.168733208383893,-48.8163265306122,1.10326349884835,5.71428571428571,2.01524799709513,0.405599204000346,1.745,1708.58214285714,0.32105852247847666,IM,IM,False,False,True,False,0,,Fe+N+Sm+Ti,Fe+N+Sm+Ti,0.0,0.0,0.0,0.0,0.0,0.0,0.0,0.0,0.0,0.0,0.0,0.0,0.0,0.0,0.0,0.0,0.0,0.0,0.0,0.0,0.0,0.0,0.42857142857142855,0.0,0.0,0.0,0.0,0.0,0.0,0.0,0.0,0.0,0.0,0.0,0.0,0.0,0.0,0.0,0.0,0.0,0.07142857142857142,0.0,0.0,0.0,0.0,0.0,0.0,0.0,0.0,0.0,0.0,0.0,0.0,0.0,0.0,0.0,0.0,0.0,0.0,0.0,0.0,0.0,0.0,0.07142857142857142,0.0,0.0,0.0,0.0,0.0,0.42857142857142855,0.0,0.0,0.0,0.0,0.0,0.0,0.0,0.0
Sr36Al24Co20Y20,4,4,0.210408066498898,-12.9088,1.35407753943879,3.84,2.61809090751257,0.365214238495708,1.3484,1315.4328,1.1472564655191209,AM,AM,False,False,False,False,0,,Al+Co+Sr+Y,Al+Co+Sr+Y,0.0,0.24,0.0,0.0,0.0,0.0,0.0,0.0,0.0,0.0,0.0,0.0,0.0,0.0,0.2,0.0,0.0,0.0,0.0,0.0,0.0,0.0,0.0,0.0,0.0,0.0,0.0,0.0,0.0,0.0,0.0,0.0,0.0,0.0,0.0,0.0,0.0,0.0,0.0,0.0,0.0,0.0,0.0,0.0,0.0,0.0,0.0,0.0,0.0,0.0,0.0,0.0,0.0,0.0,0.0,0.0,0.0,0.0,0.0,0.0,0.0,0.0,0.0,0.0,0.0,0.36,0.0,0.0,0.0,0.0,0.0,0.0,0.0,0.0,0.2,0.0,0.0,0.0
Sr40Al20Co20Y20,4,4,0.209138041992677,-9.76,1.33217904021012,3.8,2.63818119165458,0.369182881509964,1.322,1320.094,1.4981380033991254,AM,AM,False,False,False,False,0,,Al+Co+Sr+Y,Al+Co+Sr+Y,0.0,0.2,0.0,0.0,0.0,0.0,0.0,0.0,0.0,0.0,0.0,0.0,0.0,0.0,0.2,0.0,0.0,0.0,0.0,0.0,0.0,0.0,0.0,0.0,0.0,0.0,0.0,0.0,0.0,0.0,0.0,0.0,0.0,0.0,0.0,0.0,0.0,0.0,0.0,0.0,0.0,0.0,0.0,0.0,0.0,0.0,0.0,0.0,0.0,0.0,0.0,0.0,0.0,0.0,0.0,0.0,0.0,0.0,0.0,0.0,0.0,0.0,0.0,0.0,0.0,0.4,0.0,0.0,0.0,0.0,0.0,0.0,0.0,0.0,0.2,0.0,0.0,0.0
Sr46Al14Co20Y21,4,4,0.204941992399629,-4.6048,1.27623420803538,3.74,2.66690832238381,0.371556509833969,1.2824,1327.0858,3.058107840420985,AM,AM,False,False,False,False,0,,Al+Co+Sr+Y,Al+Co+Sr+Y,0.0,0.14,0.0,0.0,0.0,0.0,0.0,0.0,0.0,0.0,0.0,0.0,0.0,0.0,0.2,0.0,0.0,0.0,0.0,0.0,0.0,0.0,0.0,0.0,0.0,0.0,0.0,0.0,0.0,0.0,0.0,0.0,0.0,0.0,0.0,0.0,0.0,0.0,0.0,0.0,0.0,0.0,0.0,0.0,0.0,0.0,0.0,0.0,0.0,0.0,0.0,0.0,0.0,0.0,0.0,0.0,0.0,0.0,0.0,0.0,0.0,0.0,0.0,0.0,0.0,0.46,0.0,0.0,0.0,0.0,0.0,0.0,0.0,0.0,0.2,0.0,0.0,0.0
Tb36Al24Co20Y20,4,4,0.141642517015482,-34.5664,1.35407753943879,4.2,2.4,0.309092607481965,1.4024,1523.8728,0.4963320103738234,AM,AM,False,False,False,False,0,,Al+Co+Tb+Y,Al+Co+Tb+Y,0.0,0.24,0.0,0.0,0.0,0.0,0.0,0.0,0.0,0.0,0.0,0.0,0.0,0.0,0.2,0.0,0.0,0.0,0.0,0.0,0.0,0.0,0.0,0.0,0.0,0.0,0.0,0.0,0.0,0.0,0.0,0.0,0.0,0.0,0.0,0.0,0.0,0.0,0.0,0.0,0.0,0.0,0.0,0.0,0.0,0.0,0.0,0.0,0.0,0.0,0.0,0.0,0.0,0.0,0.0,0.0,0.0,0.0,0.0,0.0,0.0,0.0,0.0,0.0,0.0,0.0,0.0,0.36,0.0,0.0,0.0,0.0,0.0,0.0,0.2,0.0,0.0,0.0
Ti50Ni15Cu32Sn3,4,4,0.0765699395795059,-16.5552,1.10095729555273,7.14,3.3496865525001,0.183575897110705,1.7233,1679.3388,0.9285569590911464,AM,AM,False,False,False,False,0,,Cu+Ni+Sn+Ti,Cu+Ni+Sn+Ti,0.0,0.0,0.0,0.0,0.0,0.0,0.0,0.0,0.0,0.0,0.0,0.0,0.0,0.0,0.0,0.0,0.0,0.32,0.0,0.0,0.0,0.0,0.0,0.0,0.0,0.0,0.0,0.0,0.0,0.0,0.0,0.0,0.0,0.0,0.0,0.0,0.0,0.0,0.0,0.0,0.0,0.0,0.0,0.0,0.0,0.15,0.0,0.0,0.0,0.0,0.0,0.0,0.0,0.0,0.0,0.0,0.0,0.0,0.0,0.0,0.0,0.0,0.0,0.0,0.03,0.0,0.0,0.0,0.0,0.5,0.0,0.0,0.0,0.0,0.0,0.0,0.0,0.0
Ti50Ni20Cu25Sn5,4,4,0.0807608799109121,-19.61,1.16482137672446,6.95,3.2783379935571,0.185404962177392,1.725,1680.7965,0.8301012323794897,AM,AM,False,False,False,False,0,,Cu+Ni+Sn+Ti,Cu+Ni+Sn+Ti,0.0,0.0,0.0,0.0,0.0,0.0,0.0,0.0,0.0,0.0,0.0,0.0,0.0,0.0,0.0,0.0,0.0,0.25,0.0,0.0,0.0,0.0,0.0,0.0,0.0,0.0,0.0,0.0,0.0,0.0,0.0,0.0,0.0,0.0,0.0,0.0,0.0,0.0,0.0,0.0,0.0,0.0,0.0,0.0,0.0,0.2,0.0,0.0,0.0,0.0,0.0,0.0,0.0,0.0,0.0,0.0,0.0,0.0,0.0,0.0,0.0,0.0,0.0,0.0,0.05,0.0,0.0,0.0,0.0,0.5,0.0,0.0,0.0,0.0,0.0,0.0,0.0,0.0
TiZrNbMo,4,4,0.0598801152985383,-2.5,1.38629436111989,4.75,0.82915619758885,0.306950728945217,1.6575,2428.75,11.197793302747867,SS,BCC,False,True,False,False,1,BCC,Mo+Nb+Ti+Zr,Mo+Nb+Ti+Zr,0.0,0.0,0.0,0.0,0.0,0.0,0.0,0.0,0.0,0.0,0.0,0.0,0.0,0.0,0.0,0.0,0.0,0.0,0.0,0.0,0.0,0.0,0.0,0.0,0.0,0.0,0.0,0.0,0.0,0.0,0.0,0.0,0.0,0.0,0.0,0.0,0.0,0.0,0.0,0.25,0.0,0.0,0.25,0.0,0.0,0.0,0.0,0.0,0.0,0.0,0.0,0.0,0.0,0.0,0.0,0.0,0.0,0.0,0.0,0.0,0.0,0.0,0.0,0.0,0.0,0.0,0.0,0.0,0.0,0.25,0.0,0.0,0.0,0.0,0.0,0.0,0.0,0.25
Y36Sc20Al24Co20,4,4,0.135506949564711,-34.9248,1.35407753943879,4.2,2.4,0.251457829466493,1.4736,1588.0728,0.5119342651110048,AM,AM,False,False,False,False,0,,Al+Co+Sc+Y,Al+Co+Sc+Y,0.0,0.24,0.0,0.0,0.0,0.0,0.0,0.0,0.0,0.0,0.0,0.0,0.0,0.0,0.2,0.0,0.0,0.0,0.0,0.0,0.0,0.0,0.0,0.0,0.0,0.0,0.0,0.0,0.0,0.0,0.0,0.0,0.0,0.0,0.0,0.0,0.0,0.0,0.0,0.0,0.0,0.0,0.0,0.0,0.0,0.0,0.0,0.0,0.0,0.0,0.0,0.0,0.0,0.0,0.0,0.0,0.0,0.0,0.0,0.0,0.2,0.0,0.0,0.0,0.0,0.0,0.0,0.0,0.0,0.0,0.0,0.0,0.0,0.0,0.36,0.0,0.0,0.0
Zr65Al7.5Cu17.5Ni10,4,4,0.0997435911382806,-32.2175,1.0095570705532,5.75,3.03108891324554,0.253822649698564,1.50875,1863.62,0.485546228637895,AM,AM,False,False,False,False,0,,Al+Cu+Ni+Zr,Al+Cu+Ni+Zr,0.0,0.075,0.0,0.0,0.0,0.0,0.0,0.0,0.0,0.0,0.0,0.0,0.0,0.0,0.0,0.0,0.0,0.175,0.0,0.0,0.0,0.0,0.0,0.0,0.0,0.0,0.0,0.0,0.0,0.0,0.0,0.0,0.0,0.0,0.0,0.0,0.0,0.0,0.0,0.0,0.0,0.0,0.0,0.0,0.0,0.1,0.0,0.0,0.0,0.0,0.0,0.0,0.0,0.0,0.0,0.0,0.0,0.0,0.0,0.0,0.0,0.0,0.0,0.0,0.0,0.0,0.0,0.0,0.0,0.0,0.0,0.0,0.0,0.0,0.0,0.0,0.0,0.65
Zr66Al8Cu12Ni14,4,4,0.0995723083244652,-35.4448,1.00598590879557,5.6,2.90516780926679,0.250543409412421,1.502,1884.01,0.4445869963756369,AM,AM,False,False,False,False,0,,Al+Cu+Ni+Zr,Al+Cu+Ni+Zr,0.0,0.08,0.0,0.0,0.0,0.0,0.0,0.0,0.0,0.0,0.0,0.0,0.0,0.0,0.0,0.0,0.0,0.12,0.0,0.0,0.0,0.0,0.0,0.0,0.0,0.0,0.0,0.0,0.0,0.0,0.0,0.0,0.0,0.0,0.0,0.0,0.0,0.0,0.0,0.0,0.0,0.0,0.0,0.0,0.0,0.14,0.0,0.0,0.0,0.0,0.0,0.0,0.0,0.0,0.0,0.0,0.0,0.0,0.0,0.0,0.0,0.0,0.0,0.0,0.0,0.0,0.0,0.0,0.0,0.0,0.0,0.0,0.0,0.0,0.0,0.0,0.0,0.66
Zr66Al8Cu7Ni19,4,4,0.101361865873209,-39.2688,0.977985616440768,5.55,2.81913107180209,0.251345877228969,1.5025,1902.5215,0.3939567952305496,AM,AM,False,False,False,False,0,,Al+Cu+Ni+Zr,Al+Cu+Ni+Zr,0.0,0.08,0.0,0.0,0.0,0.0,0.0,0.0,0.0,0.0,0.0,0.0,0.0,0.0,0.0,0.0,0.0,0.07,0.0,0.0,0.0,0.0,0.0,0.0,0.0,0.0,0.0,0.0,0.0,0.0,0.0,0.0,0.0,0.0,0.0,0.0,0.0,0.0,0.0,0.0,0.0,0.0,0.0,0.0,0.0,0.19,0.0,0.0,0.0,0.0,0.0,0.0,0.0,0.0,0.0,0.0,0.0,0.0,0.0,0.0,0.0,0.0,0.0,0.0,0.0,0.0,0.0,0.0,0.0,0.0,0.0,0.0,0.0,0.0,0.0,0.0,0.0,0.66
Zr66Al9Cu16Ni9,4,4,0.0966099031174409,-32.352,1.00088343677177,5.57,2.95044064505626,0.246759072781529,1.4986,1861.2555,0.47876516941982206,AM,AM,False,False,False,False,0,,Al+Cu+Ni+Zr,Al+Cu+Ni+Zr,0.0,0.09,0.0,0.0,0.0,0.0,0.0,0.0,0.0,0.0,0.0,0.0,0.0,0.0,0.0,0.0,0.0,0.16,0.0,0.0,0.0,0.0,0.0,0.0,0.0,0.0,0.0,0.0,0.0,0.0,0.0,0.0,0.0,0.0,0.0,0.0,0.0,0.0,0.0,0.0,0.0,0.0,0.0,0.0,0.0,0.09,0.0,0.0,0.0,0.0,0.0,0.0,0.0,0.0,0.0,0.0,0.0,0.0,0.0,0.0,0.0,0.0,0.0,0.0,0.0,0.0,0.0,0.0,0.0,0.0,0.0,0.0,0.0,0.0,0.0,0.0,0.0,0.66
Zr55Al10Cu30Ni5,4,4,0.104113899270373,-30.57,1.07004731469048,6.3,3.36303434416005,0.264850901452119,1.558,1757.478,0.5114834961555654,AM,AM,False,False,False,False,0,,Al+Cu+Ni+Zr,Al+Cu+Ni+Zr,0.0,0.1,0.0,0.0,0.0,0.0,0.0,0.0,0.0,0.0,0.0,0.0,0.0,0.0,0.0,0.0,0.0,0.3,0.0,0.0,0.0,0.0,0.0,0.0,0.0,0.0,0.0,0.0,0.0,0.0,0.0,0.0,0.0,0.0,0.0,0.0,0.0,0.0,0.0,0.0,0.0,0.0,0.0,0.0,0.0,0.05,0.0,0.0,0.0,0.0,0.0,0.0,0.0,0.0,0.0,0.0,0.0,0.0,0.0,0.0,0.0,0.0,0.0,0.0,0.0,0.0,0.0,0.0,0.0,0.0,0.0,0.0,0.0,0.0,0.0,0.0,0.0,0.55
Al0.3CoCrCuFe,5,5,0.0371812999867441,2.74743104380746,1.54261312532691,8.11627906976744,2.23304258309913,0.105313151715649,1.80302325581395,1720.18860465116,8.03046091216082,SS,FCC,True,False,False,False,1,FCC,Al+Co+Cr+Cu+Fe,Al+Co+Cr+Cu+Fe,0.0,0.06976744186046512,0.0,0.0,0.0,0.0,0.0,0.0,0.0,0.0,0.0,0.0,0.0,0.0,0.23255813953488372,0.23255813953488372,0.0,0.23255813953488372,0.0,0.0,0.0,0.0,0.23255813953488372,0.0,0.0,0.0,0.0,0.0,0.0,0.0,0.0,0.0,0.0,0.0,0.0,0.0,0.0,0.0,0.0,0.0,0.0,0.0,0.0,0.0,0.0,0.0,0.0,0.0,0.0,0.0,0.0,0.0,0.0,0.0,0.0,0.0,0.0,0.0,0.0,0.0,0.0,0.0,0.0,0.0,0.0,0.0,0.0,0.0,0.0,0.0,0.0,0.0,0.0,0.0,0.0,0.0,0.0,0.0
Al0.5CoCrCuFe,5,5,0.0449079482256572,0.888888888888888,1.58109375017182,7.88888888888889,2.42415824769683,0.110364155927458,1.79444444444444,1685.22333333333,24.923084684373837,SS,FCC,True,False,False,False,1,FCC,Al+Co+Cr+Cu+Fe,Al+Co+Cr+Cu+Fe,0.0,0.1111111111111111,0.0,0.0,0.0,0.0,0.0,0.0,0.0,0.0,0.0,0.0,0.0,0.0,0.2222222222222222,0.2222222222222222,0.0,0.2222222222222222,0.0,0.0,0.0,0.0,0.2222222222222222,0.0,0.0,0.0,0.0,0.0,0.0,0.0,0.0,0.0,0.0,0.0,0.0,0.0,0.0,0.0,0.0,0.0,0.0,0.0,0.0,0.0,0.0,0.0,0.0,0.0,0.0,0.0,0.0,0.0,0.0,0.0,0.0,0.0,0.0,0.0,0.0,0.0,0.0,0.0,0.0,0.0,0.0,0.0,0.0,0.0,0.0,0.0,0.0,0.0,0.0,0.0,0.0,0.0,0.0,0.0
Al0.8CoCrCuFe,5,5,0.0523797641710086,-1.35416666666667,1.60580650979955,7.58333333333333,2.62863504926458,0.115811598680309,1.78291666666667,1638.23875,16.152229409390387,SS,FCC+BCC,True,True,False,False,1,,Al+Co+Cr+Cu+Fe,Al+Co+Cr+Cu+Fe,0.0,0.16666666666666669,0.0,0.0,0.0,0.0,0.0,0.0,0.0,0.0,0.0,0.0,0.0,0.0,0.20833333333333334,0.20833333333333334,0.0,0.20833333333333334,0.0,0.0,0.0,0.0,0.20833333333333334,0.0,0.0,0.0,0.0,0.0,0.0,0.0,0.0,0.0,0.0,0.0,0.0,0.0,0.0,0.0,0.0,0.0,0.0,0.0,0.0,0.0,0.0,0.0,0.0,0.0,0.0,0.0,0.0,0.0,0.0,0.0,0.0,0.0,0.0,0.0,0.0,0.0,0.0,0.0,0.0,0.0,0.0,0.0,0.0,0.0,0.0,0.0,0.0,0.0,0.0,0.0,0.0,0.0,0.0,0.0
Al1.3CoCrCuFe,5,5,0.0594792750881492,-4.02990388038448,1.60335332172643,7.15094339622642,2.83772581290879,0.121250456466387,1.76660377358491,1571.75113207547,5.1993914431327255,SS,FCC+BCC,True,True,False,False,1,,Al+Co+Cr+Cu+Fe,Al+Co+Cr+Cu+Fe,0.0,0.24528301886792456,0.0,0.0,0.0,0.0,0.0,0.0,0.0,0.0,0.0,0.0,0.0,0.0,0.18867924528301888,0.18867924528301888,0.0,0.18867924528301888,0.0,0.0,0.0,0.0,0.18867924528301888,0.0,0.0,0.0,0.0,0.0,0.0,0.0,0.0,0.0,0.0,0.0,0.0,0.0,0.0,0.0,0.0,0.0,0.0,0.0,0.0,0.0,0.0,0.0,0.0,0.0,0.0,0.0,0.0,0.0,0.0,0.0,0.0,0.0,0.0,0.0,0.0,0.0,0.0,0.0,0.0,0.0,0.0,0.0,0.0,0.0,0.0,0.0,0.0,0.0,0.0,0.0,0.0,0.0,0.0,0.0
Al1.5CoCrCuFe,5,5,0.0612619430837907,-4.82644628099174,1.59416669911802,7.0,2.89199522192489,0.122582406082568,1.76090909090909,1548.54090909091,4.252684105963243,SS,FCC+BCC,True,True,False,False,1,,Al+Co+Cr+Cu+Fe,Al+Co+Cr+Cu+Fe,0.0,0.2727272727272727,0.0,0.0,0.0,0.0,0.0,0.0,0.0,0.0,0.0,0.0,0.0,0.0,0.18181818181818182,0.18181818181818182,0.0,0.18181818181818182,0.0,0.0,0.0,0.0,0.18181818181818182,0.0,0.0,0.0,0.0,0.0,0.0,0.0,0.0,0.0,0.0,0.0,0.0,0.0,0.0,0.0,0.0,0.0,0.0,0.0,0.0,0.0,0.0,0.0,0.0,0.0,0.0,0.0,0.0,0.0,0.0,0.0,0.0,0.0,0.0,0.0,0.0,0.0,0.0,0.0,0.0,0.0,0.0,0.0,0.0,0.0,0.0,0.0,0.0,0.0,0.0,0.0,0.0,0.0,0.0,0.0
Al1.8CoCrCuFe,5,5,0.0632288752419999,-5.80261593341261,1.57544136637585,6.79310344827586,2.95225583351779,0.123960601312532,1.75310344827586,1516.72689655172,3.4238914833083243,SS,FCC+BCC,True,True,False,False,1,,Al+Co+Cr+Cu+Fe,Al+Co+Cr+Cu+Fe,0.0,0.3103448275862069,0.0,0.0,0.0,0.0,0.0,0.0,0.0,0.0,0.0,0.0,0.0,0.0,0.1724137931034483,0.1724137931034483,0.0,0.1724137931034483,0.0,0.0,0.0,0.0,0.1724137931034483,0.0,0.0,0.0,0.0,0.0,0.0,0.0,0.0,0.0,0.0,0.0,0.0,0.0,0.0,0.0,0.0,0.0,0.0,0.0,0.0,0.0,0.0,0.0,0.0,0.0,0.0,0.0,0.0,0.0,0.0,0.0,0.0,0.0,0.0,0.0,0.0,0.0,0.0,0.0,0.0,0.0,0.0,0.0,0.0,0.0,0.0,0.0,0.0,0.0,0.0,0.0,0.0,0.0,0.0,0.0
Al2.0CoCrCuFe,5,5,0.0641843731875865,-6.33333333333333,1.56071040904141,6.66666666666667,2.98142396999972,0.124554762610222,1.74833333333333,1497.285,3.0678112766317427,SS,FCC+BCC,True,True,False,False,1,,Al+Co+Cr+Cu+Fe,Al+Co+Cr+Cu+Fe,0.0,0.3333333333333333,0.0,0.0,0.0,0.0,0.0,0.0,0.0,0.0,0.0,0.0,0.0,0.0,0.16666666666666666,0.16666666666666666,0.0,0.16666666666666666,0.0,0.0,0.0,0.0,0.16666666666666666,0.0,0.0,0.0,0.0,0.0,0.0,0.0,0.0,0.0,0.0,0.0,0.0,0.0,0.0,0.0,0.0,0.0,0.0,0.0,0.0,0.0,0.0,0.0,0.0,0.0,0.0,0.0,0.0,0.0,0.0,0.0,0.0,0.0,0.0,0.0,0.0,0.0,0.0,0.0,0.0,0.0,0.0,0.0,0.0,0.0,0.0,0.0,0.0,0.0,0.0,0.0,0.0,0.0,0.0,0.0
Al2.3CoCrCuFe,5,5,0.0652212085691378,-6.98412698412698,1.53647169962753,6.49206349206349,3.01252947491615,0.125071911791471,1.74174603174603,1470.43666666667,2.689632519795588,SS,FCC+BCC,True,True,False,False,1,,Al+Co+Cr+Cu+Fe,Al+Co+Cr+Cu+Fe,0.0,0.36507936507936506,0.0,0.0,0.0,0.0,0.0,0.0,0.0,0.0,0.0,0.0,0.0,0.0,0.15873015873015872,0.15873015873015872,0.0,0.15873015873015872,0.0,0.0,0.0,0.0,0.15873015873015872,0.0,0.0,0.0,0.0,0.0,0.0,0.0,0.0,0.0,0.0,0.0,0.0,0.0,0.0,0.0,0.0,0.0,0.0,0.0,0.0,0.0,0.0,0.0,0.0,0.0,0.0,0.0,0.0,0.0,0.0,0.0,0.0,0.0,0.0,0.0,0.0,0.0,0.0,0.0,0.0,0.0,0.0,0.0,0.0,0.0,0.0,0.0,0.0,0.0,0.0,0.0,0.0,0.0,0.0,0.0
Al2.5CoCrCuFe,5,5,0.0657052631145424,-7.33727810650888,1.5193826646423,6.38461538461539,3.02651008813938,0.125216971456861,1.73769230769231,1453.91461538462,2.5032560462898914,SS,FCC+BCC,True,True,False,False,1,,Al+Co+Cr+Cu+Fe,Al+Co+Cr+Cu+Fe,0.0,0.38461538461538464,0.0,0.0,0.0,0.0,0.0,0.0,0.0,0.0,0.0,0.0,0.0,0.0,0.15384615384615385,0.15384615384615385,0.0,0.15384615384615385,0.0,0.0,0.0,0.0,0.15384615384615385,0.0,0.0,0.0,0.0,0.0,0.0,0.0,0.0,0.0,0.0,0.0,0.0,0.0,0.0,0.0,0.0,0.0,0.0,0.0,0.0,0.0,0.0,0.0,0.0,0.0,0.0,0.0,0.0,0.0,0.0,0.0,0.0,0.0,0.0,0.0,0.0,0.0,0.0,0.0,0.0,0.0,0.0,0.0,0.0,0.0,0.0,0.0,0.0,0.0,0.0,0.0,0.0,0.0,0.0,0.0
Al2.8CoCrCuFe,5,5,0.0661927071684786,-7.7681660899654,1.4929616756957,6.23529411764706,3.03953192535619,0.125200531190489,1.73205882352941,1430.95382352941,2.2865987483779446,SS,BCC,False,True,False,False,1,BCC,Al+Co+Cr+Cu+Fe,Al+Co+Cr+Cu+Fe,0.0,0.4117647058823529,0.0,0.0,0.0,0.0,0.0,0.0,0.0,0.0,0.0,0.0,0.0,0.0,0.14705882352941177,0.14705882352941177,0.0,0.14705882352941177,0.0,0.0,0.0,0.0,0.14705882352941177,0.0,0.0,0.0,0.0,0.0,0.0,0.0,0.0,0.0,0.0,0.0,0.0,0.0,0.0,0.0,0.0,0.0,0.0,0.0,0.0,0.0,0.0,0.0,0.0,0.0,0.0,0.0,0.0,0.0,0.0,0.0,0.0,0.0,0.0,0.0,0.0,0.0,0.0,0.0,0.0,0.0,0.0,0.0,0.0,0.0,0.0,0.0,0.0,0.0,0.0,0.0,0.0,0.0,0.0,0.0
Al3.0CoCrCuFe,5,5,0.0663901022979515,-8.0,1.47507631105469,6.14285714285714,3.04389653609465,0.125063249304224,1.72857142857143,1416.74,2.1719450950955403,SS,BCC,False,True,False,False,1,BCC,Al+Co+Cr+Cu+Fe,Al+Co+Cr+Cu+Fe,0.0,0.42857142857142855,0.0,0.0,0.0,0.0,0.0,0.0,0.0,0.0,0.0,0.0,0.0,0.0,0.14285714285714285,0.14285714285714285,0.0,0.14285714285714285,0.0,0.0,0.0,0.0,0.14285714285714285,0.0,0.0,0.0,0.0,0.0,0.0,0.0,0.0,0.0,0.0,0.0,0.0,0.0,0.0,0.0,0.0,0.0,0.0,0.0,0.0,0.0,0.0,0.0,0.0,0.0,0.0,0.0,0.0,0.0,0.0,0.0,0.0,0.0,0.0,0.0,0.0,0.0,0.0,0.0,0.0,0.0,0.0,0.0,0.0,0.0,0.0,0.0,0.0,0.0,0.0,0.0,0.0,0.0,0.0,0.0
AlCoCrCu0.5Fe,5,5,0.0586579625964915,-6.12345679012346,1.58109375017182,7.0,2.58198889747161,0.116978419451128,1.76222222222222,1638.07888888889,3.516656607976775,SS+IM,FCC+B2,True,False,True,False,0,,Al+Co+Cr+Cu+Fe,Al+Co+Cr+Cu+Fe,0.0,0.2222222222222222,0.0,0.0,0.0,0.0,0.0,0.0,0.0,0.0,0.0,0.0,0.0,0.0,0.2222222222222222,0.2222222222222222,0.0,0.1111111111111111,0.0,0.0,0.0,0.0,0.2222222222222222,0.0,0.0,0.0,0.0,0.0,0.0,0.0,0.0,0.0,0.0,0.0,0.0,0.0,0.0,0.0,0.0,0.0,0.0,0.0,0.0,0.0,0.0,0.0,0.0,0.0,0.0,0.0,0.0,0.0,0.0,0.0,0.0,0.0,0.0,0.0,0.0,0.0,0.0,0.0,0.0,0.0,0.0,0.0,0.0,0.0,0.0,0.0,0.0,0.0,0.0,0.0,0.0,0.0,0.0,0.0
AlCoCrCuFe,5,5,0.0557953969060536,-2.56,1.6094379124341,7.4,2.72763633939717,0.1184229707447,1.776,1610.048,8.416029923912085,SS,FCC+BCC,True,True,False,False,1,,Al+Co+Cr+Cu+Fe,Al+Co+Cr+Cu+Fe,0.0,0.2,0.0,0.0,0.0,0.0,0.0,0.0,0.0,0.0,0.0,0.0,0.0,0.0,0.2,0.2,0.0,0.2,0.0,0.0,0.0,0.0,0.2,0.0,0.0,0.0,0.0,0.0,0.0,0.0,0.0,0.0,0.0,0.0,0.0,0.0,0.0,0.0,0.0,0.0,0.0,0.0,0.0,0.0,0.0,0.0,0.0,0.0,0.0,0.0,0.0,0.0,0.0,0.0,0.0,0.0,0.0,0.0,0.0,0.0,0.0,0.0,0.0,0.0,0.0,0.0,0.0,0.0,0.0,0.0,0.0,0.0,0.0,0.0,0.0,0.0,0.0,0.0
AlCoCrCu0.5Ni,5,5,0.0580533968367923,-10.1728395061728,1.58109375017182,7.44444444444445,2.87174399629335,0.13114877048604,1.78,1619.63444444444,2.0929874222132705,SS,SS,False,False,False,False,1,,Al+Co+Cr+Cu+Ni,Al+Co+Cr+Cu+Ni,0.0,0.2222222222222222,0.0,0.0,0.0,0.0,0.0,0.0,0.0,0.0,0.0,0.0,0.0,0.0,0.2222222222222222,0.2222222222222222,0.0,0.1111111111111111,0.0,0.0,0.0,0.0,0.0,0.0,0.0,0.0,0.0,0.0,0.0,0.0,0.0,0.0,0.0,0.0,0.0,0.0,0.0,0.0,0.0,0.0,0.0,0.0,0.0,0.0,0.0,0.2222222222222222,0.0,0.0,0.0,0.0,0.0,0.0,0.0,0.0,0.0,0.0,0.0,0.0,0.0,0.0,0.0,0.0,0.0,0.0,0.0,0.0,0.0,0.0,0.0,0.0,0.0,0.0,0.0,0.0,0.0,0.0,0.0,0.0
AlCoCrCuNi,5,5,0.0552420505453893,-6.56,1.6094379124341,7.8,2.92574776766556,0.129522198869537,1.792,1593.448,3.2504423561976794,SS,FCC+BCC,True,True,False,False,1,,Al+Co+Cr+Cu+Ni,Al+Co+Cr+Cu+Ni,0.0,0.2,0.0,0.0,0.0,0.0,0.0,0.0,0.0,0.0,0.0,0.0,0.0,0.0,0.2,0.2,0.0,0.2,0.0,0.0,0.0,0.0,0.0,0.0,0.0,0.0,0.0,0.0,0.0,0.0,0.0,0.0,0.0,0.0,0.0,0.0,0.0,0.0,0.0,0.0,0.0,0.0,0.0,0.0,0.0,0.2,0.0,0.0,0.0,0.0,0.0,0.0,0.0,0.0,0.0,0.0,0.0,0.0,0.0,0.0,0.0,0.0,0.0,0.0,0.0,0.0,0.0,0.0,0.0,0.0,0.0,0.0,0.0,0.0,0.0,0.0,0.0,0.0
AlCoCrFeMo0.5,5,5,0.0605086334665114,-10.2716049382716,1.58109375017182,6.44444444444445,2.16595429884644,0.168288406179157,1.79111111111111,1808.99333333333,2.315210407103516,SS+IM,BCC+IM,False,True,True,False,0,,Al+Co+Cr+Fe+Mo,Al+Co+Cr+Fe+Mo,0.0,0.2222222222222222,0.0,0.0,0.0,0.0,0.0,0.0,0.0,0.0,0.0,0.0,0.0,0.0,0.2222222222222222,0.2222222222222222,0.0,0.0,0.0,0.0,0.0,0.0,0.2222222222222222,0.0,0.0,0.0,0.0,0.0,0.0,0.0,0.0,0.0,0.0,0.0,0.0,0.0,0.0,0.0,0.0,0.1111111111111111,0.0,0.0,0.0,0.0,0.0,0.0,0.0,0.0,0.0,0.0,0.0,0.0,0.0,0.0,0.0,0.0,0.0,0.0,0.0,0.0,0.0,0.0,0.0,0.0,0.0,0.0,0.0,0.0,0.0,0.0,0.0,0.0,0.0,0.0,0.0,0.0,0.0,0.0
Al0.3CoCrFeNi ,5,5,0.0375755215509285,-7.26879394267171,1.54261312532691,7.88372093023256,1.95542539623981,0.107516333798784,1.8053488372093,1806.28860465116,3.187248987513161,SS+IM,FCC+L12,True,False,True,False,0,,Al+Co+Cr+Fe+Ni,Al+Co+Cr+Fe+Ni,0.0,0.06976744186046512,0.0,0.0,0.0,0.0,0.0,0.0,0.0,0.0,0.0,0.0,0.0,0.0,0.23255813953488372,0.23255813953488372,0.0,0.0,0.0,0.0,0.0,0.0,0.23255813953488372,0.0,0.0,0.0,0.0,0.0,0.0,0.0,0.0,0.0,0.0,0.0,0.0,0.0,0.0,0.0,0.0,0.0,0.0,0.0,0.0,0.0,0.0,0.23255813953488372,0.0,0.0,0.0,0.0,0.0,0.0,0.0,0.0,0.0,0.0,0.0,0.0,0.0,0.0,0.0,0.0,0.0,0.0,0.0,0.0,0.0,0.0,0.0,0.0,0.0,0.0,0.0,0.0,0.0,0.0,0.0,0.0
AlCoCrFeNi2.1,5,5,0.05380705294801,-11.9430260682612,1.55286771807571,7.70491803278689,2.49158756615913,0.120375208448095,1.80180327868852,1692.01147540984,1.829184744292649,SS+IM,FCC+B2,True,False,True,False,0,,Al+Co+Cr+Fe+Ni,Al+Co+Cr+Fe+Ni,0.0,0.1639344262295082,0.0,0.0,0.0,0.0,0.0,0.0,0.0,0.0,0.0,0.0,0.0,0.0,0.1639344262295082,0.1639344262295082,0.0,0.0,0.0,0.0,0.0,0.0,0.1639344262295082,0.0,0.0,0.0,0.0,0.0,0.0,0.0,0.0,0.0,0.0,0.0,0.0,0.0,0.0,0.0,0.0,0.0,0.0,0.0,0.0,0.0,0.0,0.34426229508196726,0.0,0.0,0.0,0.0,0.0,0.0,0.0,0.0,0.0,0.0,0.0,0.0,0.0,0.0,0.0,0.0,0.0,0.0,0.0,0.0,0.0,0.0,0.0,0.0,0.0,0.0,0.0,0.0,0.0,0.0,0.0,0.0
Al0.1CoCrFeNi,5,5,0.0230305201256867,-5.04461629982154,1.46714758573451,8.1219512195122,1.67033108958673,0.100852994954611,1.81487804878049,1848.86512195122,4.470798322385116,SS,FCC,True,False,False,False,1,FCC,Al+Co+Cr+Fe+Ni,Al+Co+Cr+Fe+Ni,0.0,0.02439024390243903,0.0,0.0,0.0,0.0,0.0,0.0,0.0,0.0,0.0,0.0,0.0,0.0,0.24390243902439027,0.24390243902439027,0.0,0.0,0.0,0.0,0.0,0.0,0.24390243902439027,0.0,0.0,0.0,0.0,0.0,0.0,0.0,0.0,0.0,0.0,0.0,0.0,0.0,0.0,0.0,0.0,0.0,0.0,0.0,0.0,0.0,0.0,0.24390243902439027,0.0,0.0,0.0,0.0,0.0,0.0,0.0,0.0,0.0,0.0,0.0,0.0,0.0,0.0,0.0,0.0,0.0,0.0,0.0,0.0,0.0,0.0,0.0,0.0,0.0,0.0,0.0,0.0,0.0,0.0,0.0,0.0
Al0.25CoCrFeNi,5,5,0.034780138189494,-6.75432525951557,1.52846571006102,7.94117647058824,1.89335022816836,0.106026046287455,1.80764705882353,1816.55705882353,3.4178811614649964,SS,FCC,True,False,False,False,1,FCC,Al+Co+Cr+Fe+Ni,Al+Co+Cr+Fe+Ni,0.0,0.058823529411764705,0.0,0.0,0.0,0.0,0.0,0.0,0.0,0.0,0.0,0.0,0.0,0.0,0.23529411764705882,0.23529411764705882,0.0,0.0,0.0,0.0,0.0,0.0,0.23529411764705882,0.0,0.0,0.0,0.0,0.0,0.0,0.0,0.0,0.0,0.0,0.0,0.0,0.0,0.0,0.0,0.0,0.0,0.0,0.0,0.0,0.0,0.0,0.23529411764705882,0.0,0.0,0.0,0.0,0.0,0.0,0.0,0.0,0.0,0.0,0.0,0.0,0.0,0.0,0.0,0.0,0.0,0.0,0.0,0.0,0.0,0.0,0.0,0.0,0.0,0.0,0.0,0.0,0.0,0.0,0.0,0.0
Al0.375CoCrFeNi,5,5,0.0411713403122079,-7.9934693877551,1.55997759863915,7.8,2.03960780543711,0.109565375135448,1.802,1791.326,2.9066441126260956,SS,FCC,True,False,False,False,1,FCC,Al+Co+Cr+Fe+Ni,Al+Co+Cr+Fe+Ni,0.0,0.08571428571428572,0.0,0.0,0.0,0.0,0.0,0.0,0.0,0.0,0.0,0.0,0.0,0.0,0.22857142857142856,0.22857142857142856,0.0,0.0,0.0,0.0,0.0,0.0,0.22857142857142856,0.0,0.0,0.0,0.0,0.0,0.0,0.0,0.0,0.0,0.0,0.0,0.0,0.0,0.0,0.0,0.0,0.0,0.0,0.0,0.0,0.0,0.0,0.22857142857142856,0.0,0.0,0.0,0.0,0.0,0.0,0.0,0.0,0.0,0.0,0.0,0.0,0.0,0.0,0.0,0.0,0.0,0.0,0.0,0.0,0.0,0.0,0.0,0.0,0.0,0.0,0.0,0.0,0.0,0.0,0.0,0.0
Al0.44CoCrFeNi,5,5,0.0438437753699294,-8.57884911938966,1.57201280953213,7.72972972972973,2.10510296316179,0.111178252581565,1.79918918918919,1778.7672972973,2.710069148502298,SS+IM,FCC+B2+Unk,True,False,True,False,0,,Al+Co+Cr+Fe+Ni,Al+Co+Cr+Fe+Ni,0.0,0.09909909909909911,0.0,0.0,0.0,0.0,0.0,0.0,0.0,0.0,0.0,0.0,0.0,0.0,0.22522522522522526,0.22522522522522526,0.0,0.0,0.0,0.0,0.0,0.0,0.22522522522522526,0.0,0.0,0.0,0.0,0.0,0.0,0.0,0.0,0.0,0.0,0.0,0.0,0.0,0.0,0.0,0.0,0.0,0.0,0.0,0.0,0.0,0.0,0.22522522522522526,0.0,0.0,0.0,0.0,0.0,0.0,0.0,0.0,0.0,0.0,0.0,0.0,0.0,0.0,0.0,0.0,0.0,0.0,0.0,0.0,0.0,0.0,0.0,0.0,0.0,0.0,0.0,0.0,0.0,0.0,0.0,0.0
Al0.4CoCrFeNi,5,5,0.0422419831207143,-8.22314049586777,1.56490369836732,7.77272727272727,2.06555777590941,0.110202668294255,1.80090909090909,1786.45181818182,2.826671883320578,SS,FCC,True,False,False,False,1,FCC,Al+Co+Cr+Fe+Ni,Al+Co+Cr+Fe+Ni,0.0,0.09090909090909091,0.0,0.0,0.0,0.0,0.0,0.0,0.0,0.0,0.0,0.0,0.0,0.0,0.22727272727272727,0.22727272727272727,0.0,0.0,0.0,0.0,0.0,0.0,0.22727272727272727,0.0,0.0,0.0,0.0,0.0,0.0,0.0,0.0,0.0,0.0,0.0,0.0,0.0,0.0,0.0,0.0,0.0,0.0,0.0,0.0,0.0,0.0,0.22727272727272727,0.0,0.0,0.0,0.0,0.0,0.0,0.0,0.0,0.0,0.0,0.0,0.0,0.0,0.0,0.0,0.0,0.0,0.0,0.0,0.0,0.0,0.0,0.0,0.0,0.0,0.0,0.0,0.0,0.0,0.0,0.0,0.0
Al0.5CoCrFeNi,5,5,0.0460231454121547,-9.08641975308642,1.58109375017182,7.66666666666667,2.16024689946929,0.112546286774228,1.79666666666667,1767.49666666667,2.5571583076040336,SS,FCC+BCC,True,True,False,False,1,,Al+Co+Cr+Fe+Ni,Al+Co+Cr+Fe+Ni,0.0,0.1111111111111111,0.0,0.0,0.0,0.0,0.0,0.0,0.0,0.0,0.0,0.0,0.0,0.0,0.2222222222222222,0.2222222222222222,0.0,0.0,0.0,0.0,0.0,0.0,0.2222222222222222,0.0,0.0,0.0,0.0,0.0,0.0,0.0,0.0,0.0,0.0,0.0,0.0,0.0,0.0,0.0,0.0,0.0,0.0,0.0,0.0,0.0,0.0,0.2222222222222222,0.0,0.0,0.0,0.0,0.0,0.0,0.0,0.0,0.0,0.0,0.0,0.0,0.0,0.0,0.0,0.0,0.0,0.0,0.0,0.0,0.0,0.0,0.0,0.0,0.0,0.0,0.0,0.0,0.0,0.0,0.0,0.0
Al0.75CoCrFeNi,5,5,0.0530081169493711,-10.9030470914127,1.60356810317052,7.42105263157895,2.34668387469557,0.117206638557224,1.78684210526316,1723.60052631579,2.1077074192788325,SS,FCC+BCC,True,True,False,False,1,,Al+Co+Cr+Fe+Ni,Al+Co+Cr+Fe+Ni,0.0,0.15789473684210525,0.0,0.0,0.0,0.0,0.0,0.0,0.0,0.0,0.0,0.0,0.0,0.0,0.21052631578947367,0.21052631578947367,0.0,0.0,0.0,0.0,0.0,0.0,0.21052631578947367,0.0,0.0,0.0,0.0,0.0,0.0,0.0,0.0,0.0,0.0,0.0,0.0,0.0,0.0,0.0,0.0,0.0,0.0,0.0,0.0,0.0,0.0,0.21052631578947367,0.0,0.0,0.0,0.0,0.0,0.0,0.0,0.0,0.0,0.0,0.0,0.0,0.0,0.0,0.0,0.0,0.0,0.0,0.0,0.0,0.0,0.0,0.0,0.0,0.0,0.0,0.0,0.0,0.0,0.0,0.0,0.0
Al0.7Co0.3CrFeNi,5,5,0.0553842588666219,-11.3975,1.53901043663361,7.2,2.41039415863879,0.119184468367317,1.77275,1725.70725,1.9374623545708471,SS,FCC+BCC+B2,True,True,True,False,1,,Al+Co+Cr+Fe+Ni,Al+Co+Cr+Fe+Ni,0.0,0.175,0.0,0.0,0.0,0.0,0.0,0.0,0.0,0.0,0.0,0.0,0.0,0.0,0.075,0.25,0.0,0.0,0.0,0.0,0.0,0.0,0.25,0.0,0.0,0.0,0.0,0.0,0.0,0.0,0.0,0.0,0.0,0.0,0.0,0.0,0.0,0.0,0.0,0.0,0.0,0.0,0.0,0.0,0.0,0.25,0.0,0.0,0.0,0.0,0.0,0.0,0.0,0.0,0.0,0.0,0.0,0.0,0.0,0.0,0.0,0.0,0.0,0.0,0.0,0.0,0.0,0.0,0.0,0.0,0.0,0.0,0.0,0.0,0.0,0.0,0.0,0.0
Al0.7CoCrFeNi,5,5,0.0518269722398103,-10.5749207786329,1.6006843088771,7.46808510638298,2.31416603083893,0.116392897006293,1.78872340425532,1732.00617021277,2.1797775983352796,SS+IM,BCC+FCC+B2,True,True,True,False,0,,Al+Co+Cr+Fe+Ni,Al+Co+Cr+Fe+Ni,0.0,0.14893617021276595,0.0,0.0,0.0,0.0,0.0,0.0,0.0,0.0,0.0,0.0,0.0,0.0,0.2127659574468085,0.2127659574468085,0.0,0.0,0.0,0.0,0.0,0.0,0.2127659574468085,0.0,0.0,0.0,0.0,0.0,0.0,0.0,0.0,0.0,0.0,0.0,0.0,0.0,0.0,0.0,0.0,0.0,0.0,0.0,0.0,0.0,0.0,0.2127659574468085,0.0,0.0,0.0,0.0,0.0,0.0,0.0,0.0,0.0,0.0,0.0,0.0,0.0,0.0,0.0,0.0,0.0,0.0,0.0,0.0,0.0,0.0,0.0,0.0,0.0,0.0,0.0,0.0,0.0,0.0,0.0,0.0
Al0.875CoCrFeNi,5,5,0.0556041537572878,-11.655489809336,1.60808727748498,7.30769230769231,2.41951304863291,0.1190229785714,1.78230769230769,1703.34076923077,1.9539561507558727,SS,BCC,False,True,False,False,1,BCC,Al+Co+Cr+Fe+Ni,Al+Co+Cr+Fe+Ni,0.0,0.1794871794871795,0.0,0.0,0.0,0.0,0.0,0.0,0.0,0.0,0.0,0.0,0.0,0.0,0.20512820512820512,0.20512820512820512,0.0,0.0,0.0,0.0,0.0,0.0,0.20512820512820512,0.0,0.0,0.0,0.0,0.0,0.0,0.0,0.0,0.0,0.0,0.0,0.0,0.0,0.0,0.0,0.0,0.0,0.0,0.0,0.0,0.0,0.0,0.20512820512820512,0.0,0.0,0.0,0.0,0.0,0.0,0.0,0.0,0.0,0.0,0.0,0.0,0.0,0.0,0.0,0.0,0.0,0.0,0.0,0.0,0.0,0.0,0.0,0.0,0.0,0.0,0.0,0.0,0.0,0.0,0.0,0.0
Al0.8CoCrFeNi,5,5,0.0541036463614077,-11.2152777777778,1.60580650979955,7.375,2.37719197093265,0.117968922461243,1.785,1715.37,2.0420913941848915,SS+IM,BCC+FCC+B2,True,True,True,False,0,,Al+Co+Cr+Fe+Ni,Al+Co+Cr+Fe+Ni,0.0,0.16666666666666669,0.0,0.0,0.0,0.0,0.0,0.0,0.0,0.0,0.0,0.0,0.0,0.0,0.20833333333333334,0.20833333333333334,0.0,0.0,0.0,0.0,0.0,0.0,0.20833333333333334,0.0,0.0,0.0,0.0,0.0,0.0,0.0,0.0,0.0,0.0,0.0,0.0,0.0,0.0,0.0,0.0,0.0,0.0,0.0,0.0,0.0,0.0,0.20833333333333334,0.0,0.0,0.0,0.0,0.0,0.0,0.0,0.0,0.0,0.0,0.0,0.0,0.0,0.0,0.0,0.0,0.0,0.0,0.0,0.0,0.0,0.0,0.0,0.0,0.0,0.0,0.0,0.0,0.0,0.0,0.0,0.0
Al0.9CoCrFeNi,5,5,0.0560697454987218,-11.7950853810912,1.60858713656394,7.28571428571429,2.43276948084663,0.119351991852602,1.78142857142857,1699.41285714286,1.9269772491257156,SS+IM,BCC+B2,False,True,True,False,0,,Al+Co+Cr+Fe+Ni,Al+Co+Cr+Fe+Ni,0.0,0.18367346938775508,0.0,0.0,0.0,0.0,0.0,0.0,0.0,0.0,0.0,0.0,0.0,0.0,0.2040816326530612,0.2040816326530612,0.0,0.0,0.0,0.0,0.0,0.0,0.2040816326530612,0.0,0.0,0.0,0.0,0.0,0.0,0.0,0.0,0.0,0.0,0.0,0.0,0.0,0.0,0.0,0.0,0.0,0.0,0.0,0.0,0.0,0.0,0.2040816326530612,0.0,0.0,0.0,0.0,0.0,0.0,0.0,0.0,0.0,0.0,0.0,0.0,0.0,0.0,0.0,0.0,0.0,0.0,0.0,0.0,0.0,0.0,0.0,0.0,0.0,0.0,0.0,0.0,0.0,0.0,0.0,0.0
Al1.25CoCrFeNi,5,5,0.0611761935339417,-13.4240362811791,1.60509865962396,7.0,2.58198889747161,0.12297889869327,1.77,1648.35,1.638710484396617,SS,BCC,False,True,False,False,1,BCC,Al+Co+Cr+Fe+Ni,Al+Co+Cr+Fe+Ni,0.0,0.23809523809523808,0.0,0.0,0.0,0.0,0.0,0.0,0.0,0.0,0.0,0.0,0.0,0.0,0.19047619047619047,0.19047619047619047,0.0,0.0,0.0,0.0,0.0,0.0,0.19047619047619047,0.0,0.0,0.0,0.0,0.0,0.0,0.0,0.0,0.0,0.0,0.0,0.0,0.0,0.0,0.0,0.0,0.0,0.0,0.0,0.0,0.0,0.0,0.19047619047619047,0.0,0.0,0.0,0.0,0.0,0.0,0.0,0.0,0.0,0.0,0.0,0.0,0.0,0.0,0.0,0.0,0.0,0.0,0.0,0.0,0.0,0.0,0.0,0.0,0.0,0.0,0.0,0.0,0.0,0.0,0.0,0.0
Al1.2CoCrFeNi,5,5,0.0605818891161108,-13.2248520710059,1.60658442017339,7.03846153846154,2.56426281550512,0.122559006438416,1.77153846153846,1655.22384615385,1.6718743994378327,SS+IM,BCC+B2,False,True,True,False,0,,Al+Co+Cr+Fe+Ni,Al+Co+Cr+Fe+Ni,0.0,0.23076923076923075,0.0,0.0,0.0,0.0,0.0,0.0,0.0,0.0,0.0,0.0,0.0,0.0,0.1923076923076923,0.1923076923076923,0.0,0.0,0.0,0.0,0.0,0.0,0.1923076923076923,0.0,0.0,0.0,0.0,0.0,0.0,0.0,0.0,0.0,0.0,0.0,0.0,0.0,0.0,0.0,0.0,0.0,0.0,0.0,0.0,0.0,0.0,0.1923076923076923,0.0,0.0,0.0,0.0,0.0,0.0,0.0,0.0,0.0,0.0,0.0,0.0,0.0,0.0,0.0,0.0,0.0,0.0,0.0,0.0,0.0,0.0,0.0,0.0,0.0,0.0,0.0,0.0,0.0,0.0,0.0,0.0
Al1.5CoCrFeNi,5,5,0.0636456580774462,-14.2809917355372,1.59416669911802,6.81818181818182,2.65666167203681,0.12468804047709,1.76272727272727,1615.85545454545,1.4997264764416531,SS,BCC,False,True,False,False,1,BCC,Al+Co+Cr+Fe+Ni,Al+Co+Cr+Fe+Ni,0.0,0.2727272727272727,0.0,0.0,0.0,0.0,0.0,0.0,0.0,0.0,0.0,0.0,0.0,0.0,0.18181818181818182,0.18181818181818182,0.0,0.0,0.0,0.0,0.0,0.0,0.18181818181818182,0.0,0.0,0.0,0.0,0.0,0.0,0.0,0.0,0.0,0.0,0.0,0.0,0.0,0.0,0.0,0.0,0.0,0.0,0.0,0.0,0.0,0.0,0.18181818181818182,0.0,0.0,0.0,0.0,0.0,0.0,0.0,0.0,0.0,0.0,0.0,0.0,0.0,0.0,0.0,0.0,0.0,0.0,0.0,0.0,0.0,0.0,0.0,0.0,0.0,0.0,0.0,0.0,0.0,0.0,0.0,0.0
Al1.8CoCrFeNi,5,5,0.0657548166629969,-15.0535077288942,1.57544136637585,6.62068965517242,2.72173617388567,0.126043798891501,1.7548275862069,1580.55965517241,1.3753385361232087,SS+IM,BCC+B2,False,True,True,False,0,,Al+Co+Cr+Fe+Ni,Al+Co+Cr+Fe+Ni,0.0,0.3103448275862069,0.0,0.0,0.0,0.0,0.0,0.0,0.0,0.0,0.0,0.0,0.0,0.0,0.1724137931034483,0.1724137931034483,0.0,0.0,0.0,0.0,0.0,0.0,0.1724137931034483,0.0,0.0,0.0,0.0,0.0,0.0,0.0,0.0,0.0,0.0,0.0,0.0,0.0,0.0,0.0,0.0,0.0,0.0,0.0,0.0,0.0,0.0,0.1724137931034483,0.0,0.0,0.0,0.0,0.0,0.0,0.0,0.0,0.0,0.0,0.0,0.0,0.0,0.0,0.0,0.0,0.0,0.0,0.0,0.0,0.0,0.0,0.0,0.0,0.0,0.0,0.0,0.0,0.0,0.0,0.0,0.0
Al2.08CoCrFeNi,5,5,0.0671221440176911,-15.5773891966759,1.55445778497092,6.45394736842105,2.76452816900641,0.126794596912069,1.74815789473684,1550.75947368421,1.2866573033565794,SS+IM,BCC+B2,False,True,True,False,0,,Al+Co+Cr+Fe+Ni,Al+Co+Cr+Fe+Ni,0.0,0.34210526315789475,0.0,0.0,0.0,0.0,0.0,0.0,0.0,0.0,0.0,0.0,0.0,0.0,0.16447368421052633,0.16447368421052633,0.0,0.0,0.0,0.0,0.0,0.0,0.16447368421052633,0.0,0.0,0.0,0.0,0.0,0.0,0.0,0.0,0.0,0.0,0.0,0.0,0.0,0.0,0.0,0.0,0.0,0.0,0.0,0.0,0.0,0.0,0.16447368421052633,0.0,0.0,0.0,0.0,0.0,0.0,0.0,0.0,0.0,0.0,0.0,0.0,0.0,0.0,0.0,0.0,0.0,0.0,0.0,0.0,0.0,0.0,0.0,0.0,0.0,0.0,0.0,0.0,0.0,0.0,0.0,0.0
Al2.5CoCrFeNi,5,5,0.068416796170094,-16.094674556213,1.5193826646423,6.23076923076923,2.80532038904776,0.12724667373386,1.73923076923077,1510.87307692308,1.1858974494047914,SS,BCC,False,True,False,False,1,BCC,Al+Co+Cr+Fe+Ni,Al+Co+Cr+Fe+Ni,0.0,0.38461538461538464,0.0,0.0,0.0,0.0,0.0,0.0,0.0,0.0,0.0,0.0,0.0,0.0,0.15384615384615385,0.15384615384615385,0.0,0.0,0.0,0.0,0.0,0.0,0.15384615384615385,0.0,0.0,0.0,0.0,0.0,0.0,0.0,0.0,0.0,0.0,0.0,0.0,0.0,0.0,0.0,0.0,0.0,0.0,0.0,0.0,0.0,0.0,0.15384615384615385,0.0,0.0,0.0,0.0,0.0,0.0,0.0,0.0,0.0,0.0,0.0,0.0,0.0,0.0,0.0,0.0,0.0,0.0,0.0,0.0,0.0,0.0,0.0,0.0,0.0,0.0,0.0,0.0,0.0,0.0,0.0,0.0
Al2CoCrFeNi,5,5,0.0667801489950029,-15.4444444444444,1.56071040904141,6.5,2.75378527364305,0.126622799421484,1.75,1558.99,1.3098680545739803,SS,BCC,False,True,False,False,1,BCC,Al+Co+Cr+Fe+Ni,Al+Co+Cr+Fe+Ni,0.0,0.3333333333333333,0.0,0.0,0.0,0.0,0.0,0.0,0.0,0.0,0.0,0.0,0.0,0.0,0.16666666666666666,0.16666666666666666,0.0,0.0,0.0,0.0,0.0,0.0,0.16666666666666666,0.0,0.0,0.0,0.0,0.0,0.0,0.0,0.0,0.0,0.0,0.0,0.0,0.0,0.0,0.0,0.0,0.0,0.0,0.0,0.0,0.0,0.0,0.16666666666666666,0.0,0.0,0.0,0.0,0.0,0.0,0.0,0.0,0.0,0.0,0.0,0.0,0.0,0.0,0.0,0.0,0.0,0.0,0.0,0.0,0.0,0.0,0.0,0.0,0.0,0.0,0.0,0.0,0.0,0.0,0.0,0.0
Al3CoCrFeNi,5,5,0.0691623685229198,-16.4081632653061,1.47507631105469,6.0,2.82842712474619,0.127054543967767,1.73,1469.63,1.0984915325904314,SS,BCC,False,True,False,False,1,BCC,Al+Co+Cr+Fe+Ni,Al+Co+Cr+Fe+Ni,0.0,0.42857142857142855,0.0,0.0,0.0,0.0,0.0,0.0,0.0,0.0,0.0,0.0,0.0,0.0,0.14285714285714285,0.14285714285714285,0.0,0.0,0.0,0.0,0.0,0.0,0.14285714285714285,0.0,0.0,0.0,0.0,0.0,0.0,0.0,0.0,0.0,0.0,0.0,0.0,0.0,0.0,0.0,0.0,0.0,0.0,0.0,0.0,0.0,0.0,0.14285714285714285,0.0,0.0,0.0,0.0,0.0,0.0,0.0,0.0,0.0,0.0,0.0,0.0,0.0,0.0,0.0,0.0,0.0,0.0,0.0,0.0,0.0,0.0,0.0,0.0,0.0,0.0,0.0,0.0,0.0,0.0,0.0,0.0
AlCoCr2FeNi,5,5,0.0539471221135041,-11.0,1.56071040904141,7.0,2.3094010767585,0.11852097798374,1.75833333333333,1766.745,2.084191871018304,IM,IM,False,False,True,False,0,,Al+Co+Cr+Fe+Ni,Al+Co+Cr+Fe+Ni,0.0,0.16666666666666666,0.0,0.0,0.0,0.0,0.0,0.0,0.0,0.0,0.0,0.0,0.0,0.0,0.16666666666666666,0.3333333333333333,0.0,0.0,0.0,0.0,0.0,0.0,0.16666666666666666,0.0,0.0,0.0,0.0,0.0,0.0,0.0,0.0,0.0,0.0,0.0,0.0,0.0,0.0,0.0,0.0,0.0,0.0,0.0,0.0,0.0,0.0,0.16666666666666666,0.0,0.0,0.0,0.0,0.0,0.0,0.0,0.0,0.0,0.0,0.0,0.0,0.0,0.0,0.0,0.0,0.0,0.0,0.0,0.0,0.0,0.0,0.0,0.0,0.0,0.0,0.0,0.0,0.0,0.0,0.0,0.0
AlCoCrFeNi,5,5,0.0577788955900237,-12.32,1.6094379124341,7.2,2.48193472919817,0.120565334984812,1.778,1684.094,1.8292119642774285,SS,FCC+BCC,True,True,False,False,1,,Al+Co+Cr+Fe+Ni,Al+Co+Cr+Fe+Ni,0.0,0.2,0.0,0.0,0.0,0.0,0.0,0.0,0.0,0.0,0.0,0.0,0.0,0.0,0.2,0.2,0.0,0.0,0.0,0.0,0.0,0.0,0.2,0.0,0.0,0.0,0.0,0.0,0.0,0.0,0.0,0.0,0.0,0.0,0.0,0.0,0.0,0.0,0.0,0.0,0.0,0.0,0.0,0.0,0.0,0.2,0.0,0.0,0.0,0.0,0.0,0.0,0.0,0.0,0.0,0.0,0.0,0.0,0.0,0.0,0.0,0.0,0.0,0.0,0.0,0.0,0.0,0.0,0.0,0.0,0.0,0.0,0.0,0.0,0.0,0.0,0.0,0.0
Al0.43CoCr0.29NiSi0.14,5,5,0.0555359655616975,-17.4253019707565,1.39947424488747,7.8986013986014,2.58563773940562,0.116434684679315,1.82856643356643,1666.35388111888,1.1127203221623931,SS+IM,FCC+L10+L12,True,False,True,False,0,,Al+Co+Cr+Ni+Si,Al+Co+Cr+Ni+Si,0.0,0.15034965034965037,0.0,0.0,0.0,0.0,0.0,0.0,0.0,0.0,0.0,0.0,0.0,0.0,0.3496503496503497,0.10139860139860139,0.0,0.0,0.0,0.0,0.0,0.0,0.0,0.0,0.0,0.0,0.0,0.0,0.0,0.0,0.0,0.0,0.0,0.0,0.0,0.0,0.0,0.0,0.0,0.0,0.0,0.0,0.0,0.0,0.0,0.3496503496503497,0.0,0.0,0.0,0.0,0.0,0.0,0.0,0.0,0.0,0.0,0.0,0.0,0.0,0.0,0.0,0.0,0.04895104895104896,0.0,0.0,0.0,0.0,0.0,0.0,0.0,0.0,0.0,0.0,0.0,0.0,0.0,0.0,0.0
Al0.5CoCrNiTi0.5,5,5,0.0664171643678988,-19.75,1.55958115625988,7.125,2.57087047515039,0.14343443624179,1.75625,1778.30875,1.1675681237985875,IM,IM,False,False,True,False,0,,Al+Co+Cr+Ni+Ti,Al+Co+Cr+Ni+Ti,0.0,0.125,0.0,0.0,0.0,0.0,0.0,0.0,0.0,0.0,0.0,0.0,0.0,0.0,0.25,0.25,0.0,0.0,0.0,0.0,0.0,0.0,0.0,0.0,0.0,0.0,0.0,0.0,0.0,0.0,0.0,0.0,0.0,0.0,0.0,0.0,0.0,0.0,0.0,0.0,0.0,0.0,0.0,0.0,0.0,0.25,0.0,0.0,0.0,0.0,0.0,0.0,0.0,0.0,0.0,0.0,0.0,0.0,0.0,0.0,0.0,0.0,0.0,0.0,0.0,0.0,0.0,0.0,0.0,0.125,0.0,0.0,0.0,0.0,0.0,0.0,0.0,0.0
AlCo0.2CuFeNi,5,5,0.0591841615941984,-4.94331065759637,1.51172442588142,8.04761904761905,3.01545527599763,0.118866528933423,1.81571428571429,1472.34285714286,3.7436726357867562,SS+IM,FCC+B2,True,False,True,False,0,,Al+Co+Cu+Fe+Ni,Al+Co+Cu+Fe+Ni,0.0,0.23809523809523808,0.0,0.0,0.0,0.0,0.0,0.0,0.0,0.0,0.0,0.0,0.0,0.0,0.047619047619047616,0.0,0.0,0.23809523809523808,0.0,0.0,0.0,0.0,0.23809523809523808,0.0,0.0,0.0,0.0,0.0,0.0,0.0,0.0,0.0,0.0,0.0,0.0,0.0,0.0,0.0,0.0,0.0,0.0,0.0,0.0,0.0,0.0,0.23809523809523808,0.0,0.0,0.0,0.0,0.0,0.0,0.0,0.0,0.0,0.0,0.0,0.0,0.0,0.0,0.0,0.0,0.0,0.0,0.0,0.0,0.0,0.0,0.0,0.0,0.0,0.0,0.0,0.0,0.0,0.0,0.0,0.0
AlCo0.5CuFeNi,5,5,0.0579933457014862,-5.1358024691358,1.58109375017182,8.11111111111111,2.92287698621465,0.115950180872841,1.82,1492.05333333333,3.819159906931837,SS+IM,FCC+B2,True,False,True,False,0,,Al+Co+Cu+Fe+Ni,Al+Co+Cu+Fe+Ni,0.0,0.2222222222222222,0.0,0.0,0.0,0.0,0.0,0.0,0.0,0.0,0.0,0.0,0.0,0.0,0.1111111111111111,0.0,0.0,0.2222222222222222,0.0,0.0,0.0,0.0,0.2222222222222222,0.0,0.0,0.0,0.0,0.0,0.0,0.0,0.0,0.0,0.0,0.0,0.0,0.0,0.0,0.0,0.0,0.0,0.0,0.0,0.0,0.0,0.0,0.2222222222222222,0.0,0.0,0.0,0.0,0.0,0.0,0.0,0.0,0.0,0.0,0.0,0.0,0.0,0.0,0.0,0.0,0.0,0.0,0.0,0.0,0.0,0.0,0.0,0.0,0.0,0.0,0.0,0.0,0.0,0.0,0.0,0.0
AlCo1.5CuFeNi,5,5,0.0543197922218064,-5.28925619834711,1.59416669911802,8.27272727272727,2.66597787247549,0.107403618142419,1.83090909090909,1542.22545454545,3.864748000112253,SS+IM,FCC+B2,True,False,True,False,0,,Al+Co+Cu+Fe+Ni,Al+Co+Cu+Fe+Ni,0.0,0.18181818181818182,0.0,0.0,0.0,0.0,0.0,0.0,0.0,0.0,0.0,0.0,0.0,0.0,0.2727272727272727,0.0,0.0,0.18181818181818182,0.0,0.0,0.0,0.0,0.18181818181818182,0.0,0.0,0.0,0.0,0.0,0.0,0.0,0.0,0.0,0.0,0.0,0.0,0.0,0.0,0.0,0.0,0.0,0.0,0.0,0.0,0.0,0.0,0.18181818181818182,0.0,0.0,0.0,0.0,0.0,0.0,0.0,0.0,0.0,0.0,0.0,0.0,0.0,0.0,0.0,0.0,0.0,0.0,0.0,0.0,0.0,0.0,0.0,0.0,0.0,0.0,0.0,0.0,0.0,0.0,0.0,0.0
AlCo2CuFeNi,5,5,0.052670899470555,-5.22222222222222,1.56071040904141,8.33333333333333,2.5603819159562,0.103722385883344,1.835,1561.04,3.8789590516362735,SS+IM,FCC+B2,True,False,True,False,0,,Al+Co+Cu+Fe+Ni,Al+Co+Cu+Fe+Ni,0.0,0.16666666666666666,0.0,0.0,0.0,0.0,0.0,0.0,0.0,0.0,0.0,0.0,0.0,0.0,0.3333333333333333,0.0,0.0,0.16666666666666666,0.0,0.0,0.0,0.0,0.16666666666666666,0.0,0.0,0.0,0.0,0.0,0.0,0.0,0.0,0.0,0.0,0.0,0.0,0.0,0.0,0.0,0.0,0.0,0.0,0.0,0.0,0.0,0.0,0.16666666666666666,0.0,0.0,0.0,0.0,0.0,0.0,0.0,0.0,0.0,0.0,0.0,0.0,0.0,0.0,0.0,0.0,0.0,0.0,0.0,0.0,0.0,0.0,0.0,0.0,0.0,0.0,0.0,0.0,0.0,0.0,0.0,0.0
AlCo3CuFeNi,5,5,0.0497245620220783,-4.97959183673469,1.47507631105469,8.42857142857143,2.38190457150472,0.0973107792338651,1.84142857142857,1590.60571428571,3.9175763173065223,SS,FCC,True,False,False,False,1,FCC,Al+Co+Cu+Fe+Ni,Al+Co+Cu+Fe+Ni,0.0,0.14285714285714285,0.0,0.0,0.0,0.0,0.0,0.0,0.0,0.0,0.0,0.0,0.0,0.0,0.42857142857142855,0.0,0.0,0.14285714285714285,0.0,0.0,0.0,0.0,0.14285714285714285,0.0,0.0,0.0,0.0,0.0,0.0,0.0,0.0,0.0,0.0,0.0,0.0,0.0,0.0,0.0,0.0,0.0,0.0,0.0,0.0,0.0,0.0,0.14285714285714285,0.0,0.0,0.0,0.0,0.0,0.0,0.0,0.0,0.0,0.0,0.0,0.0,0.0,0.0,0.0,0.0,0.0,0.0,0.0,0.0,0.0,0.0,0.0,0.0,0.0,0.0,0.0,0.0,0.0,0.0,0.0,0.0
AlCoCu0.5FeNi,5,5,0.0589855480676655,-8.69135802469136,1.58109375017182,7.88888888888889,2.76664435510861,0.114579208679971,1.81777777777778,1537.63444444444,2.325719133525219,SS,BCC+FCC,True,True,False,False,1,,Al+Co+Cu+Fe+Ni,Al+Co+Cu+Fe+Ni,0.0,0.2222222222222222,0.0,0.0,0.0,0.0,0.0,0.0,0.0,0.0,0.0,0.0,0.0,0.0,0.2222222222222222,0.0,0.0,0.1111111111111111,0.0,0.0,0.0,0.0,0.2222222222222222,0.0,0.0,0.0,0.0,0.0,0.0,0.0,0.0,0.0,0.0,0.0,0.0,0.0,0.0,0.0,0.0,0.0,0.0,0.0,0.0,0.0,0.0,0.2222222222222222,0.0,0.0,0.0,0.0,0.0,0.0,0.0,0.0,0.0,0.0,0.0,0.0,0.0,0.0,0.0,0.0,0.0,0.0,0.0,0.0,0.0,0.0,0.0,0.0,0.0,0.0,0.0,0.0,0.0,0.0,0.0,0.0
AlCoCuFeNi,5,5,0.0560947223474803,-5.28,1.6094379124341,8.2,2.78567765543682,0.111462998344742,1.826,1519.648,3.8513899504485014,SS,FCC+BCC,True,True,False,False,1,,Al+Co+Cu+Fe+Ni,Al+Co+Cu+Fe+Ni,0.0,0.2,0.0,0.0,0.0,0.0,0.0,0.0,0.0,0.0,0.0,0.0,0.0,0.0,0.2,0.0,0.0,0.2,0.0,0.0,0.0,0.0,0.2,0.0,0.0,0.0,0.0,0.0,0.0,0.0,0.0,0.0,0.0,0.0,0.0,0.0,0.0,0.0,0.0,0.0,0.0,0.0,0.0,0.0,0.0,0.2,0.0,0.0,0.0,0.0,0.0,0.0,0.0,0.0,0.0,0.0,0.0,0.0,0.0,0.0,0.0,0.0,0.0,0.0,0.0,0.0,0.0,0.0,0.0,0.0,0.0,0.0,0.0,0.0,0.0,0.0,0.0,0.0
AlCoCuNiZn,5,5,0.0588289882272368,-7.04,1.6094379124341,9.0,3.16227766016838,0.131605471010897,1.79,1295.984,2.4634025874127023,IM,IM,False,False,True,False,0,,Al+Co+Cu+Ni+Zn,Al+Co+Cu+Ni+Zn,0.0,0.2,0.0,0.0,0.0,0.0,0.0,0.0,0.0,0.0,0.0,0.0,0.0,0.0,0.2,0.0,0.0,0.2,0.0,0.0,0.0,0.0,0.0,0.0,0.0,0.0,0.0,0.0,0.0,0.0,0.0,0.0,0.0,0.0,0.0,0.0,0.0,0.0,0.0,0.0,0.0,0.0,0.0,0.0,0.0,0.2,0.0,0.0,0.0,0.0,0.0,0.0,0.0,0.0,0.0,0.0,0.0,0.0,0.0,0.0,0.0,0.0,0.0,0.0,0.0,0.0,0.0,0.0,0.0,0.0,0.0,0.0,0.0,0.0,0.0,0.0,0.2,0.0
AlCoFeMo0.5Ni,5,5,0.0608849282119133,-12.7407407407407,1.58109375017182,7.33333333333333,2.58198889747161,0.156702123647242,1.84666666666667,1708.54888888889,1.7628872588715256,IM,IM,False,False,True,False,0,,Al+Co+Fe+Mo+Ni,Al+Co+Fe+Mo+Ni,0.0,0.2222222222222222,0.0,0.0,0.0,0.0,0.0,0.0,0.0,0.0,0.0,0.0,0.0,0.0,0.2222222222222222,0.0,0.0,0.0,0.0,0.0,0.0,0.0,0.2222222222222222,0.0,0.0,0.0,0.0,0.0,0.0,0.0,0.0,0.0,0.0,0.0,0.0,0.0,0.0,0.0,0.0,0.1111111111111111,0.0,0.0,0.0,0.0,0.0,0.2222222222222222,0.0,0.0,0.0,0.0,0.0,0.0,0.0,0.0,0.0,0.0,0.0,0.0,0.0,0.0,0.0,0.0,0.0,0.0,0.0,0.0,0.0,0.0,0.0,0.0,0.0,0.0,0.0,0.0,0.0,0.0,0.0,0.0
Al0.6CoFeNiTi0.4,5,5,0.066478933150296,-18.35,1.5545472778722,7.6,2.5377155080899,0.1304789255014,1.8005,1660.8705,1.1698705880109403,SS+IM,FCC+B2+Unk,True,False,True,False,0,,Al+Co+Fe+Ni+Ti,Al+Co+Fe+Ni+Ti,0.0,0.15,0.0,0.0,0.0,0.0,0.0,0.0,0.0,0.0,0.0,0.0,0.0,0.0,0.25,0.0,0.0,0.0,0.0,0.0,0.0,0.0,0.25,0.0,0.0,0.0,0.0,0.0,0.0,0.0,0.0,0.0,0.0,0.0,0.0,0.0,0.0,0.0,0.0,0.0,0.0,0.0,0.0,0.0,0.0,0.25,0.0,0.0,0.0,0.0,0.0,0.0,0.0,0.0,0.0,0.0,0.0,0.0,0.0,0.0,0.0,0.0,0.0,0.0,0.0,0.0,0.0,0.0,0.0,0.1,0.0,0.0,0.0,0.0,0.0,0.0,0.0,0.0
AlCoFeNiTi,5,5,0.0746199914628743,-26.4,1.6094379124341,6.8,2.78567765543682,0.150013332740793,1.754,1636.294,0.8294034233689883,SS,BCC,False,True,False,False,1,BCC,Al+Co+Fe+Ni+Ti,Al+Co+Fe+Ni+Ti,0.0,0.2,0.0,0.0,0.0,0.0,0.0,0.0,0.0,0.0,0.0,0.0,0.0,0.0,0.2,0.0,0.0,0.0,0.0,0.0,0.0,0.0,0.2,0.0,0.0,0.0,0.0,0.0,0.0,0.0,0.0,0.0,0.0,0.0,0.0,0.0,0.0,0.0,0.0,0.0,0.0,0.0,0.0,0.0,0.0,0.2,0.0,0.0,0.0,0.0,0.0,0.0,0.0,0.0,0.0,0.0,0.0,0.0,0.0,0.0,0.0,0.0,0.0,0.0,0.0,0.0,0.0,0.0,0.0,0.2,0.0,0.0,0.0,0.0,0.0,0.0,0.0,0.0
Al22Co28Ni31.75Ti10.75V7.5,5,5,0.067881992946261,-25.826975,1.48782254794783,7.16,2.95624762156353,0.149587664514825,1.774825,1621.4259,0.7766205623389714,IM,IM,False,False,True,False,0,,Al+Co+Ni+Ti+V,Al+Co+Ni+Ti+V,0.0,0.22,0.0,0.0,0.0,0.0,0.0,0.0,0.0,0.0,0.0,0.0,0.0,0.0,0.28,0.0,0.0,0.0,0.0,0.0,0.0,0.0,0.0,0.0,0.0,0.0,0.0,0.0,0.0,0.0,0.0,0.0,0.0,0.0,0.0,0.0,0.0,0.0,0.0,0.0,0.0,0.0,0.0,0.0,0.0,0.3175,0.0,0.0,0.0,0.0,0.0,0.0,0.0,0.0,0.0,0.0,0.0,0.0,0.0,0.0,0.0,0.0,0.0,0.0,0.0,0.0,0.0,0.0,0.0,0.1075,0.0,0.0,0.075,0.0,0.0,0.0,0.0,0.0
Al15Cr10Co35Ni35Si5,5,5,0.0555729658897854,-17.52,1.39948860785906,7.9,2.58650343127551,0.116228223766863,1.829,1665.9705,1.1064626483020477,IM,IM,False,False,True,False,0,,Al+Co+Cr+Ni+Si,Al+Co+Cr+Ni+Si,0.0,0.15,0.0,0.0,0.0,0.0,0.0,0.0,0.0,0.0,0.0,0.0,0.0,0.0,0.35,0.1,0.0,0.0,0.0,0.0,0.0,0.0,0.0,0.0,0.0,0.0,0.0,0.0,0.0,0.0,0.0,0.0,0.0,0.0,0.0,0.0,0.0,0.0,0.0,0.0,0.0,0.0,0.0,0.0,0.0,0.35,0.0,0.0,0.0,0.0,0.0,0.0,0.0,0.0,0.0,0.0,0.0,0.0,0.0,0.0,0.0,0.0,0.05,0.0,0.0,0.0,0.0,0.0,0.0,0.0,0.0,0.0,0.0,0.0,0.0,0.0,0.0,0.0
Al20Cr25Co25Ni25Si5,5,5,0.0613226591054618,-19.46,1.51139496700444,7.05,2.67348087705897,0.129710254027968,1.7795,1690.044,1.0913582413057585,IM,IM,False,False,True,False,0,,Al+Co+Cr+Ni+Si,Al+Co+Cr+Ni+Si,0.0,0.2,0.0,0.0,0.0,0.0,0.0,0.0,0.0,0.0,0.0,0.0,0.0,0.0,0.25,0.25,0.0,0.0,0.0,0.0,0.0,0.0,0.0,0.0,0.0,0.0,0.0,0.0,0.0,0.0,0.0,0.0,0.0,0.0,0.0,0.0,0.0,0.0,0.0,0.0,0.0,0.0,0.0,0.0,0.0,0.25,0.0,0.0,0.0,0.0,0.0,0.0,0.0,0.0,0.0,0.0,0.0,0.0,0.0,0.0,0.0,0.0,0.05,0.0,0.0,0.0,0.0,0.0,0.0,0.0,0.0,0.0,0.0,0.0,0.0,0.0,0.0,0.0
AlCrCuFeMg,5,5,0.102119849789976,6.24,1.6094379124341,6.0,3.286335345031,0.205659913449364,1.662,1441.048,3.0903115842238083,IM,IM,False,False,True,False,0,,Al+Cr+Cu+Fe+Mg,Al+Cr+Cu+Fe+Mg,0.0,0.2,0.0,0.0,0.0,0.0,0.0,0.0,0.0,0.0,0.0,0.0,0.0,0.0,0.0,0.2,0.0,0.2,0.0,0.0,0.0,0.0,0.2,0.0,0.0,0.0,0.0,0.0,0.0,0.0,0.0,0.0,0.0,0.0,0.0,0.0,0.0,0.2,0.0,0.0,0.0,0.0,0.0,0.0,0.0,0.0,0.0,0.0,0.0,0.0,0.0,0.0,0.0,0.0,0.0,0.0,0.0,0.0,0.0,0.0,0.0,0.0,0.0,0.0,0.0,0.0,0.0,0.0,0.0,0.0,0.0,0.0,0.0,0.0,0.0,0.0,0.0,0.0
AlCrCuFeMg0.5,5,5,0.0896147329761781,4.04938271604938,1.58109375017182,6.44444444444445,3.16617929972778,0.178041471101816,1.70111111111111,1498.60888888889,4.8650945671208845,IM,IM,False,False,True,False,0,,Al+Cr+Cu+Fe+Mg,Al+Cr+Cu+Fe+Mg,0.0,0.2222222222222222,0.0,0.0,0.0,0.0,0.0,0.0,0.0,0.0,0.0,0.0,0.0,0.0,0.0,0.2222222222222222,0.0,0.2222222222222222,0.0,0.0,0.0,0.0,0.2222222222222222,0.0,0.0,0.0,0.0,0.0,0.0,0.0,0.0,0.0,0.0,0.0,0.0,0.0,0.0,0.1111111111111111,0.0,0.0,0.0,0.0,0.0,0.0,0.0,0.0,0.0,0.0,0.0,0.0,0.0,0.0,0.0,0.0,0.0,0.0,0.0,0.0,0.0,0.0,0.0,0.0,0.0,0.0,0.0,0.0,0.0,0.0,0.0,0.0,0.0,0.0,0.0,0.0,0.0,0.0,0.0,0.0
Al0.5CrCuFeNi2,5,5,0.0419962540595127,-2.51239669421488,1.51570795208571,8.45454545454546,2.42575710256842,0.113093247564247,1.82090909090909,1685.72818181818,8.455689914950188,SS,FCC,True,False,False,False,1,FCC,Al+Cr+Cu+Fe+Ni,Al+Cr+Cu+Fe+Ni,0.0,0.09090909090909091,0.0,0.0,0.0,0.0,0.0,0.0,0.0,0.0,0.0,0.0,0.0,0.0,0.0,0.18181818181818182,0.0,0.18181818181818182,0.0,0.0,0.0,0.0,0.18181818181818182,0.0,0.0,0.0,0.0,0.0,0.0,0.0,0.0,0.0,0.0,0.0,0.0,0.0,0.0,0.0,0.0,0.0,0.0,0.0,0.0,0.0,0.0,0.36363636363636365,0.0,0.0,0.0,0.0,0.0,0.0,0.0,0.0,0.0,0.0,0.0,0.0,0.0,0.0,0.0,0.0,0.0,0.0,0.0,0.0,0.0,0.0,0.0,0.0,0.0,0.0,0.0,0.0,0.0,0.0,0.0,0.0
Al2CrCuFeNi2,5,5,0.062974937230415,-9.63265306122449,1.5498260458782,7.28571428571429,3.10365156891435,0.132434042112306,1.77571428571429,1524.53,2.039422454152003,IM,IM,False,False,True,False,0,,Al+Cr+Cu+Fe+Ni,Al+Cr+Cu+Fe+Ni,0.0,0.2857142857142857,0.0,0.0,0.0,0.0,0.0,0.0,0.0,0.0,0.0,0.0,0.0,0.0,0.0,0.14285714285714285,0.0,0.14285714285714285,0.0,0.0,0.0,0.0,0.14285714285714285,0.0,0.0,0.0,0.0,0.0,0.0,0.0,0.0,0.0,0.0,0.0,0.0,0.0,0.0,0.0,0.0,0.0,0.0,0.0,0.0,0.0,0.0,0.2857142857142857,0.0,0.0,0.0,0.0,0.0,0.0,0.0,0.0,0.0,0.0,0.0,0.0,0.0,0.0,0.0,0.0,0.0,0.0,0.0,0.0,0.0,0.0,0.0,0.0,0.0,0.0,0.0,0.0,0.0,0.0,0.0,0.0
AlCrCu0.5FeNi,5,5,0.059189520151773,-7.7037037037037,1.58109375017182,7.22222222222222,2.77999911182151,0.124136523808305,1.76888888888889,1629.19,2.7801227519902305,SS,SS,False,False,False,False,1,,Al+Cr+Cu+Fe+Ni,Al+Cr+Cu+Fe+Ni,0.0,0.2222222222222222,0.0,0.0,0.0,0.0,0.0,0.0,0.0,0.0,0.0,0.0,0.0,0.0,0.0,0.2222222222222222,0.0,0.1111111111111111,0.0,0.0,0.0,0.0,0.2222222222222222,0.0,0.0,0.0,0.0,0.0,0.0,0.0,0.0,0.0,0.0,0.0,0.0,0.0,0.0,0.0,0.0,0.0,0.0,0.0,0.0,0.0,0.0,0.2222222222222222,0.0,0.0,0.0,0.0,0.0,0.0,0.0,0.0,0.0,0.0,0.0,0.0,0.0,0.0,0.0,0.0,0.0,0.0,0.0,0.0,0.0,0.0,0.0,0.0,0.0,0.0,0.0,0.0,0.0,0.0,0.0,0.0
Al0.2CrCuFeNi,5,5,0.0321220665383695,2.31292517006803,1.51172442588142,8.47619047619048,2.23860176638917,0.107907325653568,1.8147619047619,1729.39619047619,9.398092842313508,SS,FCC,True,False,False,False,1,FCC,Al+Cr+Cu+Fe+Ni,Al+Cr+Cu+Fe+Ni,0.0,0.047619047619047616,0.0,0.0,0.0,0.0,0.0,0.0,0.0,0.0,0.0,0.0,0.0,0.0,0.0,0.23809523809523808,0.0,0.23809523809523808,0.0,0.0,0.0,0.0,0.23809523809523808,0.0,0.0,0.0,0.0,0.0,0.0,0.0,0.0,0.0,0.0,0.0,0.0,0.0,0.0,0.0,0.0,0.0,0.0,0.0,0.0,0.0,0.0,0.23809523809523808,0.0,0.0,0.0,0.0,0.0,0.0,0.0,0.0,0.0,0.0,0.0,0.0,0.0,0.0,0.0,0.0,0.0,0.0,0.0,0.0,0.0,0.0,0.0,0.0,0.0,0.0,0.0,0.0,0.0,0.0,0.0,0.0
Al0.2CrCuFeNi2,5,5,0.0293694857144617,0.118343195266272,1.44396501431179,8.76923076923077,2.0995913944548,0.103988506419967,1.83307692307692,1729.12769230769,175.41819221642947,SS,FCC,True,False,False,False,1,FCC,Al+Cr+Cu+Fe+Ni,Al+Cr+Cu+Fe+Ni,0.0,0.038461538461538464,0.0,0.0,0.0,0.0,0.0,0.0,0.0,0.0,0.0,0.0,0.0,0.0,0.0,0.1923076923076923,0.0,0.1923076923076923,0.0,0.0,0.0,0.0,0.1923076923076923,0.0,0.0,0.0,0.0,0.0,0.0,0.0,0.0,0.0,0.0,0.0,0.0,0.0,0.0,0.0,0.0,0.0,0.0,0.0,0.0,0.0,0.0,0.3846153846153846,0.0,0.0,0.0,0.0,0.0,0.0,0.0,0.0,0.0,0.0,0.0,0.0,0.0,0.0,0.0,0.0,0.0,0.0,0.0,0.0,0.0,0.0,0.0,0.0,0.0,0.0,0.0,0.0,0.0,0.0,0.0,0.0
Al0.3CrCuFeNi2,5,5,0.0344963797596755,-0.825916696333215,1.47429125078032,8.66037735849057,2.22289456226764,0.107381534151941,1.8288679245283,1714.11528301887,25.440242963931574,IM,IM,False,False,True,False,0,,Al+Cr+Cu+Fe+Ni,Al+Cr+Cu+Fe+Ni,0.0,0.05660377358490566,0.0,0.0,0.0,0.0,0.0,0.0,0.0,0.0,0.0,0.0,0.0,0.0,0.0,0.18867924528301888,0.0,0.18867924528301888,0.0,0.0,0.0,0.0,0.18867924528301888,0.0,0.0,0.0,0.0,0.0,0.0,0.0,0.0,0.0,0.0,0.0,0.0,0.0,0.0,0.0,0.0,0.0,0.0,0.0,0.0,0.0,0.0,0.37735849056603776,0.0,0.0,0.0,0.0,0.0,0.0,0.0,0.0,0.0,0.0,0.0,0.0,0.0,0.0,0.0,0.0,0.0,0.0,0.0,0.0,0.0,0.0,0.0,0.0,0.0,0.0,0.0,0.0,0.0,0.0,0.0,0.0
Al0.4CrCuFeNi,5,5,0.0418418902421973,0.289256198347107,1.56490369836732,8.22727272727273,2.46672064567548,0.113727236392698,1.80545454545455,1693.21772727273,76.16438412153788,SS,FCC,True,False,False,False,1,FCC,Al+Cr+Cu+Fe+Ni,Al+Cr+Cu+Fe+Ni,0.0,0.09090909090909091,0.0,0.0,0.0,0.0,0.0,0.0,0.0,0.0,0.0,0.0,0.0,0.0,0.0,0.22727272727272727,0.0,0.22727272727272727,0.0,0.0,0.0,0.0,0.22727272727272727,0.0,0.0,0.0,0.0,0.0,0.0,0.0,0.0,0.0,0.0,0.0,0.0,0.0,0.0,0.0,0.0,0.0,0.0,0.0,0.0,0.0,0.0,0.22727272727272727,0.0,0.0,0.0,0.0,0.0,0.0,0.0,0.0,0.0,0.0,0.0,0.0,0.0,0.0,0.0,0.0,0.0,0.0,0.0,0.0,0.0,0.0,0.0,0.0,0.0,0.0,0.0,0.0,0.0,0.0,0.0,0.0
Al0.4CrCuFeNi2,5,5,0.0385942300676328,-1.70096021947874,1.4975511631313,8.55555555555555,2.330686329267,0.11039895230214,1.82481481481481,1699.65888888889,12.441807191629005,SS,FCC,True,False,False,False,1,FCC,Al+Cr+Cu+Fe+Ni,Al+Cr+Cu+Fe+Ni,0.0,0.07407407407407407,0.0,0.0,0.0,0.0,0.0,0.0,0.0,0.0,0.0,0.0,0.0,0.0,0.0,0.18518518518518517,0.0,0.18518518518518517,0.0,0.0,0.0,0.0,0.18518518518518517,0.0,0.0,0.0,0.0,0.0,0.0,0.0,0.0,0.0,0.0,0.0,0.0,0.0,0.0,0.0,0.0,0.0,0.0,0.0,0.0,0.0,0.0,0.37037037037037035,0.0,0.0,0.0,0.0,0.0,0.0,0.0,0.0,0.0,0.0,0.0,0.0,0.0,0.0,0.0,0.0,0.0,0.0,0.0,0.0,0.0,0.0,0.0,0.0,0.0,0.0,0.0,0.0,0.0,0.0,0.0,0.0
Al0.5CrCuFeNi,5,5,0.045332574941346,-0.592592592592593,1.58109375017182,8.11111111111111,2.55796987404919,0.116088514547635,1.80111111111111,1676.33444444444,37.18743785334031,SS,FCC,True,False,False,False,1,FCC,Al+Cr+Cu+Fe+Ni,Al+Cr+Cu+Fe+Ni,0.0,0.1111111111111111,0.0,0.0,0.0,0.0,0.0,0.0,0.0,0.0,0.0,0.0,0.0,0.0,0.0,0.2222222222222222,0.0,0.2222222222222222,0.0,0.0,0.0,0.0,0.2222222222222222,0.0,0.0,0.0,0.0,0.0,0.0,0.0,0.0,0.0,0.0,0.0,0.0,0.0,0.0,0.0,0.0,0.0,0.0,0.0,0.0,0.0,0.0,0.2222222222222222,0.0,0.0,0.0,0.0,0.0,0.0,0.0,0.0,0.0,0.0,0.0,0.0,0.0,0.0,0.0,0.0,0.0,0.0,0.0,0.0,0.0,0.0,0.0,0.0,0.0,0.0,0.0,0.0,0.0,0.0,0.0,0.0
Al0.6CrCuFeNi2,5,5,0.0448866717649362,-3.26530612244898,1.52994535008748,8.35714285714286,2.51018334154365,0.115506868777116,1.81714285714286,1672.295,6.5147700585036725,SS,FCC,True,False,False,False,1,FCC,Al+Cr+Cu+Fe+Ni,Al+Cr+Cu+Fe+Ni,0.0,0.10714285714285715,0.0,0.0,0.0,0.0,0.0,0.0,0.0,0.0,0.0,0.0,0.0,0.0,0.0,0.17857142857142858,0.0,0.17857142857142858,0.0,0.0,0.0,0.0,0.17857142857142858,0.0,0.0,0.0,0.0,0.0,0.0,0.0,0.0,0.0,0.0,0.0,0.0,0.0,0.0,0.0,0.0,0.0,0.0,0.0,0.0,0.0,0.0,0.35714285714285715,0.0,0.0,0.0,0.0,0.0,0.0,0.0,0.0,0.0,0.0,0.0,0.0,0.0,0.0,0.0,0.0,0.0,0.0,0.0,0.0,0.0,0.0,0.0,0.0,0.0,0.0,0.0,0.0,0.0,0.0,0.0,0.0
Al0.7CrCuFeNi,5,5,0.0507232064937652,-2.13671344499774,1.6006843088771,7.8936170212766,2.70723257104979,0.119963024332004,1.79297872340426,1644.72319148936,10.24439713996403,SS,FCC,True,False,False,False,1,FCC,Al+Cr+Cu+Fe+Ni,Al+Cr+Cu+Fe+Ni,0.0,0.14893617021276595,0.0,0.0,0.0,0.0,0.0,0.0,0.0,0.0,0.0,0.0,0.0,0.0,0.0,0.2127659574468085,0.0,0.2127659574468085,0.0,0.0,0.0,0.0,0.2127659574468085,0.0,0.0,0.0,0.0,0.0,0.0,0.0,0.0,0.0,0.0,0.0,0.0,0.0,0.0,0.0,0.0,0.0,0.0,0.0,0.0,0.0,0.0,0.2127659574468085,0.0,0.0,0.0,0.0,0.0,0.0,0.0,0.0,0.0,0.0,0.0,0.0,0.0,0.0,0.0,0.0,0.0,0.0,0.0,0.0,0.0,0.0,0.0,0.0,0.0,0.0,0.0,0.0,0.0,0.0,0.0,0.0
Al0.8CrCuFeNi,5,5,0.0528461734734039,-2.8125,1.60580650979955,7.79166666666667,2.7685610983967,0.121549601215123,1.78916666666667,1629.90541666667,7.737439587639941,SS,BCC+FCC,True,True,False,False,1,,Al+Cr+Cu+Fe+Ni,Al+Cr+Cu+Fe+Ni,0.0,0.16666666666666669,0.0,0.0,0.0,0.0,0.0,0.0,0.0,0.0,0.0,0.0,0.0,0.0,0.0,0.20833333333333334,0.0,0.20833333333333334,0.0,0.0,0.0,0.0,0.20833333333333334,0.0,0.0,0.0,0.0,0.0,0.0,0.0,0.0,0.0,0.0,0.0,0.0,0.0,0.0,0.0,0.0,0.0,0.0,0.0,0.0,0.0,0.0,0.20833333333333334,0.0,0.0,0.0,0.0,0.0,0.0,0.0,0.0,0.0,0.0,0.0,0.0,0.0,0.0,0.0,0.0,0.0,0.0,0.0,0.0,0.0,0.0,0.0,0.0,0.0,0.0,0.0,0.0,0.0,0.0,0.0,0.0
Al0.8CrCuFeNi2,5,5,0.0495577174197035,-4.61355529131986,1.5496200692647,8.17241379310345,2.6531564222995,0.119625853508287,1.81,1646.81827586207,4.599063072357661,SS,FCC,True,False,False,False,1,FCC,Al+Cr+Cu+Fe+Ni,Al+Cr+Cu+Fe+Ni,0.0,0.13793103448275862,0.0,0.0,0.0,0.0,0.0,0.0,0.0,0.0,0.0,0.0,0.0,0.0,0.0,0.1724137931034483,0.0,0.1724137931034483,0.0,0.0,0.0,0.0,0.1724137931034483,0.0,0.0,0.0,0.0,0.0,0.0,0.0,0.0,0.0,0.0,0.0,0.0,0.0,0.0,0.0,0.0,0.0,0.0,0.0,0.0,0.0,0.0,0.3448275862068966,0.0,0.0,0.0,0.0,0.0,0.0,0.0,0.0,0.0,0.0,0.0,0.0,0.0,0.0,0.0,0.0,0.0,0.0,0.0,0.0,0.0,0.0,0.0,0.0,0.0,0.0,0.0,0.0,0.0,0.0,0.0,0.0
Al0.9CrCuFeNi,5,5,0.0546825472785759,-3.43190337359434,1.60858713656394,7.69387755102041,2.82267843298287,0.122941187606768,1.78551020408163,1615.69244897959,6.2965465750056095,SS+IM,BCC+FCC+B2,True,True,True,False,0,,Al+Cr+Cu+Fe+Ni,Al+Cr+Cu+Fe+Ni,0.0,0.18367346938775508,0.0,0.0,0.0,0.0,0.0,0.0,0.0,0.0,0.0,0.0,0.0,0.0,0.0,0.2040816326530612,0.0,0.2040816326530612,0.0,0.0,0.0,0.0,0.2040816326530612,0.0,0.0,0.0,0.0,0.0,0.0,0.0,0.0,0.0,0.0,0.0,0.0,0.0,0.0,0.0,0.0,0.0,0.0,0.0,0.0,0.0,0.0,0.2040816326530612,0.0,0.0,0.0,0.0,0.0,0.0,0.0,0.0,0.0,0.0,0.0,0.0,0.0,0.0,0.0,0.0,0.0,0.0,0.0,0.0,0.0,0.0,0.0,0.0,0.0,0.0,0.0,0.0,0.0,0.0,0.0,0.0
Al1.2CrCuFeNi,5,5,0.0589051931481131,-5.0,1.60658442017339,7.42307692307692,2.95052898677087,0.126163226668129,1.77538461538462,1576.33346153846,4.211296568291764,SS+IM,BCC+FCC+B2,True,True,True,False,0,,Al+Cr+Cu+Fe+Ni,Al+Cr+Cu+Fe+Ni,0.0,0.23076923076923075,0.0,0.0,0.0,0.0,0.0,0.0,0.0,0.0,0.0,0.0,0.0,0.0,0.0,0.1923076923076923,0.0,0.1923076923076923,0.0,0.0,0.0,0.0,0.1923076923076923,0.0,0.0,0.0,0.0,0.0,0.0,0.0,0.0,0.0,0.0,0.0,0.0,0.0,0.0,0.0,0.0,0.0,0.0,0.0,0.0,0.0,0.0,0.1923076923076923,0.0,0.0,0.0,0.0,0.0,0.0,0.0,0.0,0.0,0.0,0.0,0.0,0.0,0.0,0.0,0.0,0.0,0.0,0.0,0.0,0.0,0.0,0.0,0.0,0.0,0.0,0.0,0.0,0.0,0.0,0.0,0.0
Al1.2CrCuFeNi2,5,5,0.056031121626581,-6.78459937565036,1.56566538410385,7.83870967741935,2.86352787369963,0.125703017860637,1.79709677419355,1600.79580645161,3.071460005598417,SS,FCC+BCC,True,True,False,False,1,,Al+Cr+Cu+Fe+Ni,Al+Cr+Cu+Fe+Ni,0.0,0.1935483870967742,0.0,0.0,0.0,0.0,0.0,0.0,0.0,0.0,0.0,0.0,0.0,0.0,0.0,0.16129032258064516,0.0,0.16129032258064516,0.0,0.0,0.0,0.0,0.16129032258064516,0.0,0.0,0.0,0.0,0.0,0.0,0.0,0.0,0.0,0.0,0.0,0.0,0.0,0.0,0.0,0.0,0.0,0.0,0.0,0.0,0.0,0.0,0.3225806451612903,0.0,0.0,0.0,0.0,0.0,0.0,0.0,0.0,0.0,0.0,0.0,0.0,0.0,0.0,0.0,0.0,0.0,0.0,0.0,0.0,0.0,0.0,0.0,0.0,0.0,0.0,0.0,0.0,0.0,0.0,0.0,0.0
Al1.5CrCuFeNi,5,5,0.0617763315562263,-6.21487603305785,1.59416669911802,7.18181818181818,3.03968245405463,0.128294598998677,1.76636363636364,1541.26818181818,3.2871056318976812,SS+IM,BCC+B2,False,True,True,False,0,,Al+Cr+Cu+Fe+Ni,Al+Cr+Cu+Fe+Ni,0.0,0.2727272727272727,0.0,0.0,0.0,0.0,0.0,0.0,0.0,0.0,0.0,0.0,0.0,0.0,0.0,0.18181818181818182,0.0,0.18181818181818182,0.0,0.0,0.0,0.0,0.18181818181818182,0.0,0.0,0.0,0.0,0.0,0.0,0.0,0.0,0.0,0.0,0.0,0.0,0.0,0.0,0.0,0.0,0.0,0.0,0.0,0.0,0.0,0.0,0.18181818181818182,0.0,0.0,0.0,0.0,0.0,0.0,0.0,0.0,0.0,0.0,0.0,0.0,0.0,0.0,0.0,0.0,0.0,0.0,0.0,0.0,0.0,0.0,0.0,0.0,0.0,0.0,0.0,0.0,0.0,0.0,0.0,0.0
Al1.5CrCuFeNi2,5,5,0.0593131926514715,-8.04733727810651,1.5649572502428,7.61538461538462,2.97524301627903,0.128891496040194,1.78846153846154,1569.99615384615,2.5385343724882476,IM,IM,False,False,True,False,0,,Al+Cr+Cu+Fe+Ni,Al+Cr+Cu+Fe+Ni,0.0,0.23076923076923078,0.0,0.0,0.0,0.0,0.0,0.0,0.0,0.0,0.0,0.0,0.0,0.0,0.0,0.15384615384615385,0.0,0.15384615384615385,0.0,0.0,0.0,0.0,0.15384615384615385,0.0,0.0,0.0,0.0,0.0,0.0,0.0,0.0,0.0,0.0,0.0,0.0,0.0,0.0,0.0,0.0,0.0,0.0,0.0,0.0,0.0,0.0,0.3076923076923077,0.0,0.0,0.0,0.0,0.0,0.0,0.0,0.0,0.0,0.0,0.0,0.0,0.0,0.0,0.0,0.0,0.0,0.0,0.0,0.0,0.0,0.0,0.0,0.0,0.0,0.0,0.0,0.0,0.0,0.0,0.0,0.0
Al1.8CrCuFeNi,5,5,0.0637524444853132,-7.15814506539834,1.57544136637585,6.96551724137931,3.10153197541639,0.129643249635224,1.75827586206897,1509.83034482759,2.7628931126459686,SS+IM,BCC+B2,False,True,True,False,0,,Al+Cr+Cu+Fe+Ni,Al+Cr+Cu+Fe+Ni,0.0,0.3103448275862069,0.0,0.0,0.0,0.0,0.0,0.0,0.0,0.0,0.0,0.0,0.0,0.0,0.0,0.1724137931034483,0.0,0.1724137931034483,0.0,0.0,0.0,0.0,0.1724137931034483,0.0,0.0,0.0,0.0,0.0,0.0,0.0,0.0,0.0,0.0,0.0,0.0,0.0,0.0,0.0,0.0,0.0,0.0,0.0,0.0,0.0,0.0,0.1724137931034483,0.0,0.0,0.0,0.0,0.0,0.0,0.0,0.0,0.0,0.0,0.0,0.0,0.0,0.0,0.0,0.0,0.0,0.0,0.0,0.0,0.0,0.0,0.0,0.0,0.0,0.0,0.0,0.0,0.0,0.0,0.0,0.0
Al2.0CrCuFeNi,5,5,0.0647118508211383,-7.66666666666667,1.56071040904141,6.83333333333333,3.13138237134266,0.130213499897497,1.75333333333333,1490.61833333333,2.522994995170998,SS+IM,BCC+B2,False,True,True,False,0,,Al+Cr+Cu+Fe+Ni,Al+Cr+Cu+Fe+Ni,0.0,0.3333333333333333,0.0,0.0,0.0,0.0,0.0,0.0,0.0,0.0,0.0,0.0,0.0,0.0,0.0,0.16666666666666666,0.0,0.16666666666666666,0.0,0.0,0.0,0.0,0.16666666666666666,0.0,0.0,0.0,0.0,0.0,0.0,0.0,0.0,0.0,0.0,0.0,0.0,0.0,0.0,0.0,0.0,0.0,0.0,0.0,0.0,0.0,0.0,0.16666666666666666,0.0,0.0,0.0,0.0,0.0,0.0,0.0,0.0,0.0,0.0,0.0,0.0,0.0,0.0,0.0,0.0,0.0,0.0,0.0,0.0,0.0,0.0,0.0,0.0,0.0,0.0,0.0,0.0,0.0,0.0,0.0,0.0
Al2.2CrCuFeNi,5,5,0.0654513537000896,-8.09573361082206,1.54477409966372,6.70967741935484,3.15404040298847,0.130575449341994,1.74870967741936,1472.64580645161,2.336368057661172,SS+IM,BCC+B2,False,True,True,False,0,,Al+Cr+Cu+Fe+Ni,Al+Cr+Cu+Fe+Ni,0.0,0.3548387096774194,0.0,0.0,0.0,0.0,0.0,0.0,0.0,0.0,0.0,0.0,0.0,0.0,0.0,0.16129032258064516,0.0,0.16129032258064516,0.0,0.0,0.0,0.0,0.16129032258064516,0.0,0.0,0.0,0.0,0.0,0.0,0.0,0.0,0.0,0.0,0.0,0.0,0.0,0.0,0.0,0.0,0.0,0.0,0.0,0.0,0.0,0.0,0.16129032258064516,0.0,0.0,0.0,0.0,0.0,0.0,0.0,0.0,0.0,0.0,0.0,0.0,0.0,0.0,0.0,0.0,0.0,0.0,0.0,0.0,0.0,0.0,0.0,0.0,0.0,0.0,0.0,0.0,0.0,0.0,0.0,0.0
Al2.5CrCuFeNi,5,5,0.0662371979392059,-8.61538461538461,1.5193826646423,6.53846153846154,3.1772117581636,0.130805424855384,1.74230769230769,1447.76076923077,2.122870421028263,SS+IM,BCC+B2,False,True,True,False,0,,Al+Cr+Cu+Fe+Ni,Al+Cr+Cu+Fe+Ni,0.0,0.38461538461538464,0.0,0.0,0.0,0.0,0.0,0.0,0.0,0.0,0.0,0.0,0.0,0.0,0.0,0.15384615384615385,0.0,0.15384615384615385,0.0,0.0,0.0,0.0,0.15384615384615385,0.0,0.0,0.0,0.0,0.0,0.0,0.0,0.0,0.0,0.0,0.0,0.0,0.0,0.0,0.0,0.0,0.0,0.0,0.0,0.0,0.0,0.0,0.15384615384615385,0.0,0.0,0.0,0.0,0.0,0.0,0.0,0.0,0.0,0.0,0.0,0.0,0.0,0.0,0.0,0.0,0.0,0.0,0.0,0.0,0.0,0.0,0.0,0.0,0.0,0.0,0.0,0.0,0.0,0.0,0.0,0.0
AlCrCuFeNi,5,5,0.0562808623263726,-4.0,1.6094379124341,7.6,2.87054001888147,0.12416118556135,1.782,1602.048,5.359495928585883,SS,FCC+BCC,True,True,False,False,1,,Al+Cr+Cu+Fe+Ni,Al+Cr+Cu+Fe+Ni,0.0,0.2,0.0,0.0,0.0,0.0,0.0,0.0,0.0,0.0,0.0,0.0,0.0,0.0,0.0,0.2,0.0,0.2,0.0,0.0,0.0,0.0,0.2,0.0,0.0,0.0,0.0,0.0,0.0,0.0,0.0,0.0,0.0,0.0,0.0,0.0,0.0,0.0,0.0,0.0,0.0,0.0,0.0,0.0,0.0,0.2,0.0,0.0,0.0,0.0,0.0,0.0,0.0,0.0,0.0,0.0,0.0,0.0,0.0,0.0,0.0,0.0,0.0,0.0,0.0,0.0,0.0,0.0,0.0,0.0,0.0,0.0,0.0,0.0,0.0,0.0,0.0,0.0
AlCrCuFeNi0.6,5,5,0.0575975798032429,-2.68431001890359,1.59268573268192,7.39130434782609,2.90036175307094,0.123320474814633,1.77086956521739,1591.09565217391,7.849245114602674,SS,FCC+BCC,True,True,False,False,1,,Al+Cr+Cu+Fe+Ni,Al+Cr+Cu+Fe+Ni,0.0,0.2173913043478261,0.0,0.0,0.0,0.0,0.0,0.0,0.0,0.0,0.0,0.0,0.0,0.0,0.0,0.2173913043478261,0.0,0.2173913043478261,0.0,0.0,0.0,0.0,0.2173913043478261,0.0,0.0,0.0,0.0,0.0,0.0,0.0,0.0,0.0,0.0,0.0,0.0,0.0,0.0,0.0,0.0,0.0,0.0,0.0,0.0,0.0,0.0,0.13043478260869565,0.0,0.0,0.0,0.0,0.0,0.0,0.0,0.0,0.0,0.0,0.0,0.0,0.0,0.0,0.0,0.0,0.0,0.0,0.0,0.0,0.0,0.0,0.0,0.0,0.0,0.0,0.0,0.0,0.0,0.0,0.0,0.0
AlCrCuFeNi0.8,5,5,0.0569361231661391,-3.40277777777778,1.60580650979955,7.5,2.88675134594813,0.123883906227654,1.77666666666667,1596.8,6.265335549370522,SS,FCC+BCC,True,True,False,False,1,,Al+Cr+Cu+Fe+Ni,Al+Cr+Cu+Fe+Ni,0.0,0.20833333333333334,0.0,0.0,0.0,0.0,0.0,0.0,0.0,0.0,0.0,0.0,0.0,0.0,0.0,0.20833333333333334,0.0,0.20833333333333334,0.0,0.0,0.0,0.0,0.20833333333333334,0.0,0.0,0.0,0.0,0.0,0.0,0.0,0.0,0.0,0.0,0.0,0.0,0.0,0.0,0.0,0.0,0.0,0.0,0.0,0.0,0.0,0.0,0.16666666666666669,0.0,0.0,0.0,0.0,0.0,0.0,0.0,0.0,0.0,0.0,0.0,0.0,0.0,0.0,0.0,0.0,0.0,0.0,0.0,0.0,0.0,0.0,0.0,0.0,0.0,0.0,0.0,0.0,0.0,0.0,0.0,0.0
AlCrCuFeNi1.2,5,5,0.0556345785869592,-4.49704142011834,1.60658442017339,7.69230769230769,2.85238403349833,0.12421350201504,1.78692307692308,1606.89230769231,4.773067984615684,SS,FCC+BCC,True,True,False,False,1,,Al+Cr+Cu+Fe+Ni,Al+Cr+Cu+Fe+Ni,0.0,0.1923076923076923,0.0,0.0,0.0,0.0,0.0,0.0,0.0,0.0,0.0,0.0,0.0,0.0,0.0,0.1923076923076923,0.0,0.1923076923076923,0.0,0.0,0.0,0.0,0.1923076923076923,0.0,0.0,0.0,0.0,0.0,0.0,0.0,0.0,0.0,0.0,0.0,0.0,0.0,0.0,0.0,0.0,0.0,0.0,0.0,0.0,0.0,0.0,0.23076923076923075,0.0,0.0,0.0,0.0,0.0,0.0,0.0,0.0,0.0,0.0,0.0,0.0,0.0,0.0,0.0,0.0,0.0,0.0,0.0,0.0,0.0,0.0,0.0,0.0,0.0,0.0,0.0,0.0,0.0,0.0,0.0,0.0
AlCrCuFeNi1.4,5,5,0.0549992287254117,-4.91083676268861,1.59916541074251,7.77777777777778,2.83278861866266,0.124087893094451,1.79148148148148,1611.37777777778,4.36284158894308,SS,FCC+BCC,True,True,False,False,1,,Al+Cr+Cu+Fe+Ni,Al+Cr+Cu+Fe+Ni,0.0,0.18518518518518517,0.0,0.0,0.0,0.0,0.0,0.0,0.0,0.0,0.0,0.0,0.0,0.0,0.0,0.18518518518518517,0.0,0.18518518518518517,0.0,0.0,0.0,0.0,0.18518518518518517,0.0,0.0,0.0,0.0,0.0,0.0,0.0,0.0,0.0,0.0,0.0,0.0,0.0,0.0,0.0,0.0,0.0,0.0,0.0,0.0,0.0,0.0,0.25925925925925924,0.0,0.0,0.0,0.0,0.0,0.0,0.0,0.0,0.0,0.0,0.0,0.0,0.0,0.0,0.0,0.0,0.0,0.0,0.0,0.0,0.0,0.0,0.0,0.0,0.0,0.0,0.0,0.0,0.0,0.0,0.0,0.0
AlCrCuFeNi2,5,5,0.053170060747619,-5.77777777777778,1.56071040904141,8.0,2.76887462097269,0.122972444971311,1.80333333333333,1623.04,3.6452297070799373,SS,FCC+BCC,True,True,False,False,1,,Al+Cr+Cu+Fe+Ni,Al+Cr+Cu+Fe+Ni,0.0,0.16666666666666666,0.0,0.0,0.0,0.0,0.0,0.0,0.0,0.0,0.0,0.0,0.0,0.0,0.0,0.16666666666666666,0.0,0.16666666666666666,0.0,0.0,0.0,0.0,0.16666666666666666,0.0,0.0,0.0,0.0,0.0,0.0,0.0,0.0,0.0,0.0,0.0,0.0,0.0,0.0,0.0,0.0,0.0,0.0,0.0,0.0,0.0,0.0,0.3333333333333333,0.0,0.0,0.0,0.0,0.0,0.0,0.0,0.0,0.0,0.0,0.0,0.0,0.0,0.0,0.0,0.0,0.0,0.0,0.0,0.0,0.0,0.0,0.0,0.0,0.0,0.0,0.0,0.0,0.0,0.0,0.0,0.0
Al0.3CrFe1.5MnNi0.5,5,5,0.0470274866499347,-5.50567874526771,1.48177031791243,7.18604651162791,1.64607798783129,0.129693652438983,1.7193023255814,1758.03279069767,3.9339712382806193,SS,FCC+BCC,True,True,False,False,1,,Al+Cr+Fe+Mn+Ni,Al+Cr+Fe+Mn+Ni,0.0,0.06976744186046512,0.0,0.0,0.0,0.0,0.0,0.0,0.0,0.0,0.0,0.0,0.0,0.0,0.0,0.23255813953488372,0.0,0.0,0.0,0.0,0.0,0.0,0.3488372093023256,0.0,0.0,0.0,0.0,0.0,0.0,0.0,0.0,0.0,0.0,0.0,0.0,0.0,0.0,0.0,0.23255813953488372,0.0,0.0,0.0,0.0,0.0,0.0,0.11627906976744186,0.0,0.0,0.0,0.0,0.0,0.0,0.0,0.0,0.0,0.0,0.0,0.0,0.0,0.0,0.0,0.0,0.0,0.0,0.0,0.0,0.0,0.0,0.0,0.0,0.0,0.0,0.0,0.0,0.0,0.0,0.0,0.0
Al0.5CrFe1.5MnNi0.5,5,5,0.0516325227881397,-7.25925925925926,1.52295506753132,7.0,1.82574185835055,0.128764307607272,1.71444444444444,1721.38555555556,3.0026666653050125,SS,BCC,False,True,False,False,1,BCC,Al+Cr+Fe+Mn+Ni,Al+Cr+Fe+Mn+Ni,0.0,0.1111111111111111,0.0,0.0,0.0,0.0,0.0,0.0,0.0,0.0,0.0,0.0,0.0,0.0,0.0,0.2222222222222222,0.0,0.0,0.0,0.0,0.0,0.0,0.3333333333333333,0.0,0.0,0.0,0.0,0.0,0.0,0.0,0.0,0.0,0.0,0.0,0.0,0.0,0.0,0.0,0.2222222222222222,0.0,0.0,0.0,0.0,0.0,0.0,0.1111111111111111,0.0,0.0,0.0,0.0,0.0,0.0,0.0,0.0,0.0,0.0,0.0,0.0,0.0,0.0,0.0,0.0,0.0,0.0,0.0,0.0,0.0,0.0,0.0,0.0,0.0,0.0,0.0,0.0,0.0,0.0,0.0,0.0
Al0.8CrFe1.5MnNi0.5,5,5,0.0563792360227488,-9.32291666666667,1.55130149482407,6.75,2.01556443707464,0.127213048553292,1.70791666666667,1672.14083333333,2.313403808110665,SS,BCC,False,True,False,False,1,BCC,Al+Cr+Fe+Mn+Ni,Al+Cr+Fe+Mn+Ni,0.0,0.16666666666666669,0.0,0.0,0.0,0.0,0.0,0.0,0.0,0.0,0.0,0.0,0.0,0.0,0.0,0.20833333333333334,0.0,0.0,0.0,0.0,0.0,0.0,0.3125,0.0,0.0,0.0,0.0,0.0,0.0,0.0,0.0,0.0,0.0,0.0,0.0,0.0,0.0,0.0,0.20833333333333334,0.0,0.0,0.0,0.0,0.0,0.0,0.10416666666666667,0.0,0.0,0.0,0.0,0.0,0.0,0.0,0.0,0.0,0.0,0.0,0.0,0.0,0.0,0.0,0.0,0.0,0.0,0.0,0.0,0.0,0.0,0.0,0.0,0.0,0.0,0.0,0.0,0.0,0.0,0.0,0.0
Al14.1Cr6Fe28.2Mn32.9Ni18.8,5,5,0.0538388484824604,-10.575188,1.4819475776871,7.222,2.05929988102753,0.146834294359322,1.7117,1597.73627,1.8615899412833128,IM,IM,False,False,True,False,0,,Al+Cr+Fe+Mn+Ni,Al+Cr+Fe+Mn+Ni,0.0,0.14100000000000001,0.0,0.0,0.0,0.0,0.0,0.0,0.0,0.0,0.0,0.0,0.0,0.0,0.0,0.06000000000000001,0.0,0.0,0.0,0.0,0.0,0.0,0.28200000000000003,0.0,0.0,0.0,0.0,0.0,0.0,0.0,0.0,0.0,0.0,0.0,0.0,0.0,0.0,0.0,0.329,0.0,0.0,0.0,0.0,0.0,0.0,0.18800000000000003,0.0,0.0,0.0,0.0,0.0,0.0,0.0,0.0,0.0,0.0,0.0,0.0,0.0,0.0,0.0,0.0,0.0,0.0,0.0,0.0,0.0,0.0,0.0,0.0,0.0,0.0,0.0,0.0,0.0,0.0,0.0,0.0
AlCrFeMo0.2Ni,5,5,0.0620400660499404,-12.6530612244898,1.51172442588142,6.71428571428571,2.52874629473367,0.14744229049002,1.77190476190476,1721.82619047619,1.7104111358990126,SS+IM,BCC+B2,False,True,True,False,0,,Al+Cr+Fe+Mo+Ni,Al+Cr+Fe+Mo+Ni,0.0,0.23809523809523808,0.0,0.0,0.0,0.0,0.0,0.0,0.0,0.0,0.0,0.0,0.0,0.0,0.0,0.23809523809523808,0.0,0.0,0.0,0.0,0.0,0.0,0.23809523809523808,0.0,0.0,0.0,0.0,0.0,0.0,0.0,0.0,0.0,0.0,0.0,0.0,0.0,0.0,0.0,0.0,0.047619047619047616,0.0,0.0,0.0,0.0,0.0,0.23809523809523808,0.0,0.0,0.0,0.0,0.0,0.0,0.0,0.0,0.0,0.0,0.0,0.0,0.0,0.0,0.0,0.0,0.0,0.0,0.0,0.0,0.0,0.0,0.0,0.0,0.0,0.0,0.0,0.0,0.0,0.0,0.0,0.0
AlCrFeMo0.8Ni,5,5,0.0601540000810555,-11.1458333333333,1.60580650979955,6.625,2.37719197093265,0.188402918560786,1.82041666666667,1868.59791666667,2.238364013009664,IM,IM,False,False,True,False,0,,Al+Cr+Fe+Mo+Ni,Al+Cr+Fe+Mo+Ni,0.0,0.20833333333333334,0.0,0.0,0.0,0.0,0.0,0.0,0.0,0.0,0.0,0.0,0.0,0.0,0.0,0.20833333333333334,0.0,0.0,0.0,0.0,0.0,0.0,0.20833333333333334,0.0,0.0,0.0,0.0,0.0,0.0,0.0,0.0,0.0,0.0,0.0,0.0,0.0,0.0,0.0,0.0,0.16666666666666669,0.0,0.0,0.0,0.0,0.0,0.20833333333333334,0.0,0.0,0.0,0.0,0.0,0.0,0.0,0.0,0.0,0.0,0.0,0.0,0.0,0.0,0.0,0.0,0.0,0.0,0.0,0.0,0.0,0.0,0.0,0.0,0.0,0.0,0.0,0.0,0.0,0.0,0.0,0.0
AlCrFeMoNi,5,5,0.0594976977802214,-10.72,1.6094379124341,6.6,2.33238075793812,0.196224361382577,1.834,1909.694,2.383841690529054,IM,IM,False,False,True,False,0,,Al+Cr+Fe+Mo+Ni,Al+Cr+Fe+Mo+Ni,0.0,0.2,0.0,0.0,0.0,0.0,0.0,0.0,0.0,0.0,0.0,0.0,0.0,0.0,0.0,0.2,0.0,0.0,0.0,0.0,0.0,0.0,0.2,0.0,0.0,0.0,0.0,0.0,0.0,0.0,0.0,0.0,0.0,0.0,0.0,0.0,0.0,0.0,0.0,0.2,0.0,0.0,0.0,0.0,0.0,0.2,0.0,0.0,0.0,0.0,0.0,0.0,0.0,0.0,0.0,0.0,0.0,0.0,0.0,0.0,0.0,0.0,0.0,0.0,0.0,0.0,0.0,0.0,0.0,0.0,0.0,0.0,0.0,0.0,0.0,0.0,0.0,0.0
AlCrFeNiMo,5,5,0.0594976977802214,-10.72,1.6094379124341,6.6,2.33238075793812,0.196224361382577,1.834,1909.694,2.383841690529054,SS+IM,BCC+IM,False,True,True,False,0,,Al+Cr+Fe+Mo+Ni,Al+Cr+Fe+Mo+Ni,0.0,0.2,0.0,0.0,0.0,0.0,0.0,0.0,0.0,0.0,0.0,0.0,0.0,0.0,0.0,0.2,0.0,0.0,0.0,0.0,0.0,0.0,0.2,0.0,0.0,0.0,0.0,0.0,0.0,0.0,0.0,0.0,0.0,0.0,0.0,0.0,0.0,0.0,0.0,0.2,0.0,0.0,0.0,0.0,0.0,0.2,0.0,0.0,0.0,0.0,0.0,0.0,0.0,0.0,0.0,0.0,0.0,0.0,0.0,0.0,0.0,0.0,0.0,0.0,0.0,0.0,0.0,0.0,0.0,0.0,0.0,0.0,0.0,0.0,0.0,0.0,0.0,0.0
AlCrFeNiMo0.2,5,5,0.0620400660499404,-12.6530612244898,1.51172442588142,6.71428571428571,2.52874629473367,0.14744229049002,1.77190476190476,1721.82619047619,1.7104111358990126,SS,BCC,False,True,False,False,1,BCC,Al+Cr+Fe+Mo+Ni,Al+Cr+Fe+Mo+Ni,0.0,0.23809523809523808,0.0,0.0,0.0,0.0,0.0,0.0,0.0,0.0,0.0,0.0,0.0,0.0,0.0,0.23809523809523808,0.0,0.0,0.0,0.0,0.0,0.0,0.23809523809523808,0.0,0.0,0.0,0.0,0.0,0.0,0.0,0.0,0.0,0.0,0.0,0.0,0.0,0.0,0.0,0.0,0.047619047619047616,0.0,0.0,0.0,0.0,0.0,0.23809523809523808,0.0,0.0,0.0,0.0,0.0,0.0,0.0,0.0,0.0,0.0,0.0,0.0,0.0,0.0,0.0,0.0,0.0,0.0,0.0,0.0,0.0,0.0,0.0,0.0,0.0,0.0,0.0,0.0,0.0,0.0,0.0,0.0
AlCrFeNiMo0.5,5,5,0.0611217739577749,-11.8518518518518,1.58109375017182,6.66666666666667,2.44948974278318,0.172225806414317,1.79777777777778,1800.10444444444,1.9966562274953699,SS,BCC,False,True,False,False,1,BCC,Al+Cr+Fe+Mo+Ni,Al+Cr+Fe+Mo+Ni,0.0,0.2222222222222222,0.0,0.0,0.0,0.0,0.0,0.0,0.0,0.0,0.0,0.0,0.0,0.0,0.0,0.2222222222222222,0.0,0.0,0.0,0.0,0.0,0.0,0.2222222222222222,0.0,0.0,0.0,0.0,0.0,0.0,0.0,0.0,0.0,0.0,0.0,0.0,0.0,0.0,0.0,0.0,0.1111111111111111,0.0,0.0,0.0,0.0,0.0,0.2222222222222222,0.0,0.0,0.0,0.0,0.0,0.0,0.0,0.0,0.0,0.0,0.0,0.0,0.0,0.0,0.0,0.0,0.0,0.0,0.0,0.0,0.0,0.0,0.0,0.0,0.0,0.0,0.0,0.0,0.0,0.0,0.0,0.0
AlCrFeNiMo0.8,5,5,0.0601540000810555,-11.1458333333333,1.60580650979955,6.625,2.37719197093265,0.188402918560786,1.82041666666667,1868.59791666667,2.238364013009664,SS+IM,BCC+IM,False,True,True,False,0,,Al+Cr+Fe+Mo+Ni,Al+Cr+Fe+Mo+Ni,0.0,0.20833333333333334,0.0,0.0,0.0,0.0,0.0,0.0,0.0,0.0,0.0,0.0,0.0,0.0,0.0,0.20833333333333334,0.0,0.0,0.0,0.0,0.0,0.0,0.20833333333333334,0.0,0.0,0.0,0.0,0.0,0.0,0.0,0.0,0.0,0.0,0.0,0.0,0.0,0.0,0.0,0.0,0.16666666666666669,0.0,0.0,0.0,0.0,0.0,0.20833333333333334,0.0,0.0,0.0,0.0,0.0,0.0,0.0,0.0,0.0,0.0,0.0,0.0,0.0,0.0,0.0,0.0,0.0,0.0,0.0,0.0,0.0,0.0,0.0,0.0,0.0,0.0,0.0,0.0,0.0,0.0,0.0,0.0
Al15Cr5Fe30Ni30Ti20,5,5,0.0747125511068508,-23.8,1.47862587649296,6.95,2.69211812519436,0.147461011796339,1.7545,1698.9205,0.8775837785055266,IM,IM,False,False,True,False,0,,Al+Cr+Fe+Ni+Ti,Al+Cr+Fe+Ni+Ti,0.0,0.15,0.0,0.0,0.0,0.0,0.0,0.0,0.0,0.0,0.0,0.0,0.0,0.0,0.0,0.05,0.0,0.0,0.0,0.0,0.0,0.0,0.3,0.0,0.0,0.0,0.0,0.0,0.0,0.0,0.0,0.0,0.0,0.0,0.0,0.0,0.0,0.0,0.0,0.0,0.0,0.0,0.0,0.0,0.0,0.3,0.0,0.0,0.0,0.0,0.0,0.0,0.0,0.0,0.0,0.0,0.0,0.0,0.0,0.0,0.0,0.0,0.0,0.0,0.0,0.0,0.0,0.0,0.0,0.2,0.0,0.0,0.0,0.0,0.0,0.0,0.0,0.0
Al5Cr32Fe35Ni22Ti6,5,5,0.0503945181385233,-9.5868,1.38375607205667,7.31,1.97329673389483,0.11777503980046,1.7648,1874.7435,2.2498932563151337,IM,IM,False,False,True,False,0,,Al+Cr+Fe+Ni+Ti,Al+Cr+Fe+Ni+Ti,0.0,0.05,0.0,0.0,0.0,0.0,0.0,0.0,0.0,0.0,0.0,0.0,0.0,0.0,0.0,0.32,0.0,0.0,0.0,0.0,0.0,0.0,0.35,0.0,0.0,0.0,0.0,0.0,0.0,0.0,0.0,0.0,0.0,0.0,0.0,0.0,0.0,0.0,0.0,0.0,0.0,0.0,0.0,0.0,0.0,0.22,0.0,0.0,0.0,0.0,0.0,0.0,0.0,0.0,0.0,0.0,0.0,0.0,0.0,0.0,0.0,0.0,0.0,0.0,0.0,0.0,0.0,0.0,0.0,0.06,0.0,0.0,0.0,0.0,0.0,0.0,0.0,0.0
AlCrMnTiV,5,5,0.056812816504694,-14.88,1.6094379124341,5.0,1.4142135623731,0.0462168800331653,1.598,1751.294,1.5749419141947376,IM,IM,False,False,True,False,0,,Al+Cr+Mn+Ti+V,Al+Cr+Mn+Ti+V,0.0,0.2,0.0,0.0,0.0,0.0,0.0,0.0,0.0,0.0,0.0,0.0,0.0,0.0,0.0,0.2,0.0,0.0,0.0,0.0,0.0,0.0,0.0,0.0,0.0,0.0,0.0,0.0,0.0,0.0,0.0,0.0,0.0,0.0,0.0,0.0,0.0,0.0,0.2,0.0,0.0,0.0,0.0,0.0,0.0,0.0,0.0,0.0,0.0,0.0,0.0,0.0,0.0,0.0,0.0,0.0,0.0,0.0,0.0,0.0,0.0,0.0,0.0,0.0,0.0,0.0,0.0,0.0,0.0,0.2,0.0,0.0,0.2,0.0,0.0,0.0,0.0,0.0
AlCrMoNbTi,5,5,0.0549404197318755,-13.6,1.6094379124341,4.8,1.16619037896906,0.226238811878068,1.714,2140.094,2.105728395556459,SS,BCC,False,True,False,False,1,BCC,Al+Cr+Mo+Nb+Ti,Al+Cr+Mo+Nb+Ti,0.0,0.2,0.0,0.0,0.0,0.0,0.0,0.0,0.0,0.0,0.0,0.0,0.0,0.0,0.0,0.2,0.0,0.0,0.0,0.0,0.0,0.0,0.0,0.0,0.0,0.0,0.0,0.0,0.0,0.0,0.0,0.0,0.0,0.0,0.0,0.0,0.0,0.0,0.0,0.2,0.0,0.0,0.2,0.0,0.0,0.0,0.0,0.0,0.0,0.0,0.0,0.0,0.0,0.0,0.0,0.0,0.0,0.0,0.0,0.0,0.0,0.0,0.0,0.0,0.0,0.0,0.0,0.0,0.0,0.2,0.0,0.0,0.0,0.0,0.0,0.0,0.0,0.0
AlCrMoSiTi,5,5,0.0867829302163342,-34.08,1.6094379124341,4.6,1.2,0.22782449385437,1.774,1927.494,0.7568361386343994,IM,IM,False,False,True,False,0,,Al+Cr+Mo+Si+Ti,Al+Cr+Mo+Si+Ti,0.0,0.2,0.0,0.0,0.0,0.0,0.0,0.0,0.0,0.0,0.0,0.0,0.0,0.0,0.0,0.2,0.0,0.0,0.0,0.0,0.0,0.0,0.0,0.0,0.0,0.0,0.0,0.0,0.0,0.0,0.0,0.0,0.0,0.0,0.0,0.0,0.0,0.0,0.0,0.2,0.0,0.0,0.0,0.0,0.0,0.0,0.0,0.0,0.0,0.0,0.0,0.0,0.0,0.0,0.0,0.0,0.0,0.0,0.0,0.0,0.0,0.0,0.2,0.0,0.0,0.0,0.0,0.0,0.0,0.2,0.0,0.0,0.0,0.0,0.0,0.0,0.0,0.0
Al0.5CrNbTi2V0.5,5,5,0.0601849158837034,-10.96,1.47080847632211,4.6,0.916515138991168,0.0468614980554399,1.592,2074.047,2.3141864622623727,IM,IM,False,False,True,False,0,,Al+Cr+Nb+Ti+V,Al+Cr+Nb+Ti+V,0.0,0.1,0.0,0.0,0.0,0.0,0.0,0.0,0.0,0.0,0.0,0.0,0.0,0.0,0.0,0.2,0.0,0.0,0.0,0.0,0.0,0.0,0.0,0.0,0.0,0.0,0.0,0.0,0.0,0.0,0.0,0.0,0.0,0.0,0.0,0.0,0.0,0.0,0.0,0.0,0.0,0.0,0.2,0.0,0.0,0.0,0.0,0.0,0.0,0.0,0.0,0.0,0.0,0.0,0.0,0.0,0.0,0.0,0.0,0.0,0.0,0.0,0.0,0.0,0.0,0.0,0.0,0.0,0.0,0.4,0.0,0.0,0.1,0.0,0.0,0.0,0.0,0.0
AlCr0.5NbTiV,5,5,0.0523251317637547,-15.4074074074074,1.58109375017182,4.44444444444445,0.955813918560292,0.0376468318802164,1.60222222222222,1977.21555555556,1.6870045702431933,SS,BCC,False,True,False,False,1,BCC,Al+Cr+Nb+Ti+V,Al+Cr+Nb+Ti+V,0.0,0.2222222222222222,0.0,0.0,0.0,0.0,0.0,0.0,0.0,0.0,0.0,0.0,0.0,0.0,0.0,0.1111111111111111,0.0,0.0,0.0,0.0,0.0,0.0,0.0,0.0,0.0,0.0,0.0,0.0,0.0,0.0,0.0,0.0,0.0,0.0,0.0,0.0,0.0,0.0,0.0,0.0,0.0,0.0,0.2222222222222222,0.0,0.0,0.0,0.0,0.0,0.0,0.0,0.0,0.0,0.0,0.0,0.0,0.0,0.0,0.0,0.0,0.0,0.0,0.0,0.0,0.0,0.0,0.0,0.0,0.0,0.0,0.2222222222222222,0.0,0.0,0.2222222222222222,0.0,0.0,0.0,0.0,0.0
AlCr1.5NbTiV,5,5,0.0628815451518536,-13.7520661157025,1.59416669911802,4.72727272727273,1.05234880934457,0.0406964168829079,1.61272727272727,2014.08545454545,1.9412338662357815,SS+IM,BCC+IM,False,True,True,False,0,,Al+Cr+Nb+Ti+V,Al+Cr+Nb+Ti+V,0.0,0.18181818181818182,0.0,0.0,0.0,0.0,0.0,0.0,0.0,0.0,0.0,0.0,0.0,0.0,0.0,0.2727272727272727,0.0,0.0,0.0,0.0,0.0,0.0,0.0,0.0,0.0,0.0,0.0,0.0,0.0,0.0,0.0,0.0,0.0,0.0,0.0,0.0,0.0,0.0,0.0,0.0,0.0,0.0,0.18181818181818182,0.0,0.0,0.0,0.0,0.0,0.0,0.0,0.0,0.0,0.0,0.0,0.0,0.0,0.0,0.0,0.0,0.0,0.0,0.0,0.0,0.0,0.0,0.0,0.0,0.0,0.0,0.18181818181818182,0.0,0.0,0.18181818181818182,0.0,0.0,0.0,0.0,0.0
AlCrNbTiV,5,5,0.0590234915035829,-14.56,1.6094379124341,4.6,1.01980390271856,0.0396988664825584,1.608,1997.494,1.8358302472379877,SS+IM,BCC+IM,False,True,True,False,0,,Al+Cr+Nb+Ti+V,Al+Cr+Nb+Ti+V,0.0,0.2,0.0,0.0,0.0,0.0,0.0,0.0,0.0,0.0,0.0,0.0,0.0,0.0,0.0,0.2,0.0,0.0,0.0,0.0,0.0,0.0,0.0,0.0,0.0,0.0,0.0,0.0,0.0,0.0,0.0,0.0,0.0,0.0,0.0,0.0,0.0,0.0,0.0,0.0,0.0,0.0,0.2,0.0,0.0,0.0,0.0,0.0,0.0,0.0,0.0,0.0,0.0,0.0,0.0,0.0,0.0,0.0,0.0,0.0,0.0,0.0,0.0,0.0,0.0,0.0,0.0,0.0,0.0,0.2,0.0,0.0,0.2,0.0,0.0,0.0,0.0,0.0
AlCrSiTiV,5,5,0.0866338225560157,-37.92,1.6094379124341,4.4,1.01980390271856,0.122539789456323,1.668,1784.894,0.6298723055083751,IM,IM,False,False,True,False,0,,Al+Cr+Si+Ti+V,Al+Cr+Si+Ti+V,0.0,0.2,0.0,0.0,0.0,0.0,0.0,0.0,0.0,0.0,0.0,0.0,0.0,0.0,0.0,0.2,0.0,0.0,0.0,0.0,0.0,0.0,0.0,0.0,0.0,0.0,0.0,0.0,0.0,0.0,0.0,0.0,0.0,0.0,0.0,0.0,0.0,0.0,0.0,0.0,0.0,0.0,0.0,0.0,0.0,0.0,0.0,0.0,0.0,0.0,0.0,0.0,0.0,0.0,0.0,0.0,0.0,0.0,0.0,0.0,0.0,0.0,0.2,0.0,0.0,0.0,0.0,0.0,0.0,0.2,0.0,0.0,0.2,0.0,0.0,0.0,0.0,0.0
AlCrTaTiZr,5,5,0.0785728301834929,-20.0,1.6094379124341,4.4,1.01980390271856,0.113384302264467,1.528,2094.494,1.4013852350800426,AM,AM,False,False,False,False,0,,Al+Cr+Ta+Ti+Zr,Al+Cr+Ta+Ti+Zr,0.0,0.2,0.0,0.0,0.0,0.0,0.0,0.0,0.0,0.0,0.0,0.0,0.0,0.0,0.0,0.2,0.0,0.0,0.0,0.0,0.0,0.0,0.0,0.0,0.0,0.0,0.0,0.0,0.0,0.0,0.0,0.0,0.0,0.0,0.0,0.0,0.0,0.0,0.0,0.0,0.0,0.0,0.0,0.0,0.0,0.0,0.0,0.0,0.0,0.0,0.0,0.0,0.0,0.0,0.0,0.0,0.0,0.0,0.0,0.0,0.0,0.0,0.0,0.0,0.0,0.0,0.2,0.0,0.0,0.2,0.0,0.0,0.0,0.0,0.0,0.0,0.0,0.2
AlCrTiVZr,5,5,0.086809188742011,-20.32,1.6094379124341,4.4,1.01980390271856,0.118760262714428,1.554,1873.094,1.2335145643078147,IM,IM,False,False,True,False,0,,Al+Cr+Ti+V+Zr,Al+Cr+Ti+V+Zr,0.0,0.2,0.0,0.0,0.0,0.0,0.0,0.0,0.0,0.0,0.0,0.0,0.0,0.0,0.0,0.2,0.0,0.0,0.0,0.0,0.0,0.0,0.0,0.0,0.0,0.0,0.0,0.0,0.0,0.0,0.0,0.0,0.0,0.0,0.0,0.0,0.0,0.0,0.0,0.0,0.0,0.0,0.0,0.0,0.0,0.0,0.0,0.0,0.0,0.0,0.0,0.0,0.0,0.0,0.0,0.0,0.0,0.0,0.0,0.0,0.0,0.0,0.0,0.0,0.0,0.0,0.0,0.0,0.0,0.2,0.0,0.0,0.2,0.0,0.0,0.0,0.0,0.2
Al1.125CuFe0.75NiTi1.125,5,5,0.0716810360275494,-19.955,1.59958785725649,6.975,3.28243431008147,0.157765450907352,1.74525,1535.55975,1.0234279453854391,SS,FCC,True,False,False,False,1,FCC,Al+Cu+Fe+Ni+Ti,Al+Cu+Fe+Ni+Ti,0.0,0.225,0.0,0.0,0.0,0.0,0.0,0.0,0.0,0.0,0.0,0.0,0.0,0.0,0.0,0.0,0.0,0.2,0.0,0.0,0.0,0.0,0.15,0.0,0.0,0.0,0.0,0.0,0.0,0.0,0.0,0.0,0.0,0.0,0.0,0.0,0.0,0.0,0.0,0.0,0.0,0.0,0.0,0.0,0.0,0.2,0.0,0.0,0.0,0.0,0.0,0.0,0.0,0.0,0.0,0.0,0.0,0.0,0.0,0.0,0.0,0.0,0.0,0.0,0.0,0.0,0.0,0.0,0.0,0.225,0.0,0.0,0.0,0.0,0.0,0.0,0.0,0.0
Al22.5Cu20Fe15Ni20Ti22.5,5,5,0.0716810360275494,-19.955,1.59958785725649,6.975,3.28243431008147,0.157765450907352,1.74525,1535.55975,1.0234279453854391,SS,FCC,True,False,False,False,1,FCC,Al+Cu+Fe+Ni+Ti,Al+Cu+Fe+Ni+Ti,0.0,0.225,0.0,0.0,0.0,0.0,0.0,0.0,0.0,0.0,0.0,0.0,0.0,0.0,0.0,0.0,0.0,0.2,0.0,0.0,0.0,0.0,0.15,0.0,0.0,0.0,0.0,0.0,0.0,0.0,0.0,0.0,0.0,0.0,0.0,0.0,0.0,0.0,0.0,0.0,0.0,0.0,0.0,0.0,0.0,0.2,0.0,0.0,0.0,0.0,0.0,0.0,0.0,0.0,0.0,0.0,0.0,0.0,0.0,0.0,0.0,0.0,0.0,0.0,0.0,0.0,0.0,0.0,0.0,0.225,0.0,0.0,0.0,0.0,0.0,0.0,0.0,0.0
AlCuFeNiTi,5,5,0.0716221446104956,-17.6,1.6094379124341,7.2,3.18747549010185,0.153544781741354,1.758,1554.248,1.181724016556074,SS,FCC,True,False,False,False,1,FCC,Al+Cu+Fe+Ni+Ti,Al+Cu+Fe+Ni+Ti,0.0,0.2,0.0,0.0,0.0,0.0,0.0,0.0,0.0,0.0,0.0,0.0,0.0,0.0,0.0,0.0,0.0,0.2,0.0,0.0,0.0,0.0,0.2,0.0,0.0,0.0,0.0,0.0,0.0,0.0,0.0,0.0,0.0,0.0,0.0,0.0,0.0,0.0,0.0,0.0,0.0,0.0,0.0,0.0,0.0,0.2,0.0,0.0,0.0,0.0,0.0,0.0,0.0,0.0,0.0,0.0,0.0,0.0,0.0,0.0,0.0,0.0,0.0,0.0,0.0,0.0,0.0,0.0,0.0,0.2,0.0,0.0,0.0,0.0,0.0,0.0,0.0,0.0
AlCu0.5Li0.5MgSn0.2,5,5,0.077007097059146,-3.65234375,1.4803491732578,3.6875,3.24458683810435,0.308727225880712,1.485,894.74875,3.0152810985306577,IM,IM,False,False,True,False,0,,Al+Cu+Li+Mg+Sn,Al+Cu+Li+Mg+Sn,0.0,0.3125,0.0,0.0,0.0,0.0,0.0,0.0,0.0,0.0,0.0,0.0,0.0,0.0,0.0,0.0,0.0,0.15625,0.0,0.0,0.0,0.0,0.0,0.0,0.0,0.0,0.0,0.0,0.0,0.0,0.0,0.0,0.0,0.0,0.0,0.15625,0.0,0.3125,0.0,0.0,0.0,0.0,0.0,0.0,0.0,0.0,0.0,0.0,0.0,0.0,0.0,0.0,0.0,0.0,0.0,0.0,0.0,0.0,0.0,0.0,0.0,0.0,0.0,0.0,0.0625,0.0,0.0,0.0,0.0,0.0,0.0,0.0,0.0,0.0,0.0,0.0,0.0,0.0
Al16CuLiMgZn,5,5,0.038480057554493,-1.14,0.777661295762166,3.7,2.64764045897475,0.166523271646938,1.58,918.131,5.207442336994463,SS+IM,FCC+C16+IM,True,False,True,False,0,,Al+Cu+Li+Mg+Zn,Al+Cu+Li+Mg+Zn,0.0,0.8,0.0,0.0,0.0,0.0,0.0,0.0,0.0,0.0,0.0,0.0,0.0,0.0,0.0,0.0,0.0,0.05,0.0,0.0,0.0,0.0,0.0,0.0,0.0,0.0,0.0,0.0,0.0,0.0,0.0,0.0,0.0,0.0,0.0,0.05,0.0,0.05,0.0,0.0,0.0,0.0,0.0,0.0,0.0,0.0,0.0,0.0,0.0,0.0,0.0,0.0,0.0,0.0,0.0,0.0,0.0,0.0,0.0,0.0,0.0,0.0,0.0,0.0,0.0,0.0,0.0,0.0,0.0,0.0,0.0,0.0,0.0,0.0,0.0,0.0,0.05,0.0
Al8Cu0.5Li0.5Mg0.5Zn0.5,5,5,0.038480057554493,-1.14,0.777661295762166,3.7,2.64764045897475,0.166523271646938,1.58,918.131,5.207442336994463,SS+IM,FCC+IM,True,False,True,False,0,,Al+Cu+Li+Mg+Zn,Al+Cu+Li+Mg+Zn,0.0,0.8,0.0,0.0,0.0,0.0,0.0,0.0,0.0,0.0,0.0,0.0,0.0,0.0,0.0,0.0,0.0,0.05,0.0,0.0,0.0,0.0,0.0,0.0,0.0,0.0,0.0,0.0,0.0,0.0,0.0,0.0,0.0,0.0,0.0,0.05,0.0,0.05,0.0,0.0,0.0,0.0,0.0,0.0,0.0,0.0,0.0,0.0,0.0,0.0,0.0,0.0,0.0,0.0,0.0,0.0,0.0,0.0,0.0,0.0,0.0,0.0,0.0,0.0,0.0,0.0,0.0,0.0,0.0,0.0,0.0,0.0,0.0,0.0,0.0,0.0,0.05,0.0
AlCu0.2Li0.5MgZn0.5,5,5,0.0646884148831756,-3.30078125,1.4803491732578,4.28125,3.9940140757764,0.259780368472581,1.4421875,844.1215625,3.14765120067924,IM,IM,False,False,True,False,0,,Al+Cu+Li+Mg+Zn,Al+Cu+Li+Mg+Zn,0.0,0.3125,0.0,0.0,0.0,0.0,0.0,0.0,0.0,0.0,0.0,0.0,0.0,0.0,0.0,0.0,0.0,0.0625,0.0,0.0,0.0,0.0,0.0,0.0,0.0,0.0,0.0,0.0,0.0,0.0,0.0,0.0,0.0,0.0,0.0,0.15625,0.0,0.3125,0.0,0.0,0.0,0.0,0.0,0.0,0.0,0.0,0.0,0.0,0.0,0.0,0.0,0.0,0.0,0.0,0.0,0.0,0.0,0.0,0.0,0.0,0.0,0.0,0.0,0.0,0.0,0.0,0.0,0.0,0.0,0.0,0.0,0.0,0.0,0.0,0.0,0.0,0.15625,0.0
AlCuTiYZr,5,5,0.116552356640394,-22.88,1.6094379124341,5.0,3.03315017762062,0.236220236220354,1.52,1631.848,0.9544036596520763,IM,IM,False,False,True,False,0,,Al+Cu+Ti+Y+Zr,Al+Cu+Ti+Y+Zr,0.0,0.2,0.0,0.0,0.0,0.0,0.0,0.0,0.0,0.0,0.0,0.0,0.0,0.0,0.0,0.0,0.0,0.2,0.0,0.0,0.0,0.0,0.0,0.0,0.0,0.0,0.0,0.0,0.0,0.0,0.0,0.0,0.0,0.0,0.0,0.0,0.0,0.0,0.0,0.0,0.0,0.0,0.0,0.0,0.0,0.0,0.0,0.0,0.0,0.0,0.0,0.0,0.0,0.0,0.0,0.0,0.0,0.0,0.0,0.0,0.0,0.0,0.0,0.0,0.0,0.0,0.0,0.0,0.0,0.2,0.0,0.0,0.0,0.0,0.2,0.0,0.0,0.2
Al20Li20Mg10Sc20Ti30,5,5,0.0516250949585593,-0.4,1.55711309805765,2.8,1.0770329614269,0.225435134794912,1.383,1314.824,42.556115062258414,SS,HCP,False,False,False,True,1,,Al+Li+Mg+Sc+Ti,Al+Li+Mg+Sc+Ti,0.0,0.2,0.0,0.0,0.0,0.0,0.0,0.0,0.0,0.0,0.0,0.0,0.0,0.0,0.0,0.0,0.0,0.0,0.0,0.0,0.0,0.0,0.0,0.0,0.0,0.0,0.0,0.0,0.0,0.0,0.0,0.0,0.0,0.0,0.0,0.2,0.0,0.1,0.0,0.0,0.0,0.0,0.0,0.0,0.0,0.0,0.0,0.0,0.0,0.0,0.0,0.0,0.0,0.0,0.0,0.0,0.0,0.0,0.0,0.0,0.2,0.0,0.0,0.0,0.0,0.0,0.0,0.0,0.0,0.3,0.0,0.0,0.0,0.0,0.0,0.0,0.0,0.0
AlLiMg0.5ScTi1.5,5,5,0.0516250949585593,-0.4,1.55711309805765,2.8,1.0770329614269,0.225435134794912,1.383,1314.824,42.556115062258414,SS,FCC+HCP,True,False,False,True,1,,Al+Li+Mg+Sc+Ti,Al+Li+Mg+Sc+Ti,0.0,0.2,0.0,0.0,0.0,0.0,0.0,0.0,0.0,0.0,0.0,0.0,0.0,0.0,0.0,0.0,0.0,0.0,0.0,0.0,0.0,0.0,0.0,0.0,0.0,0.0,0.0,0.0,0.0,0.0,0.0,0.0,0.0,0.0,0.0,0.2,0.0,0.1,0.0,0.0,0.0,0.0,0.0,0.0,0.0,0.0,0.0,0.0,0.0,0.0,0.0,0.0,0.0,0.0,0.0,0.0,0.0,0.0,0.0,0.0,0.2,0.0,0.0,0.0,0.0,0.0,0.0,0.0,0.0,0.3,0.0,0.0,0.0,0.0,0.0,0.0,0.0,0.0
Al16LiMgSnZn,5,5,0.0391198628817528,-0.53,0.777661295762166,3.35,2.05608851949521,0.172687579171173,1.583,875.4965,10.680786016804356,SS+IM,A5+FCC+D02+IM,True,False,True,False,0,,Al+Li+Mg+Sn+Zn,Al+Li+Mg+Sn+Zn,0.0,0.8,0.0,0.0,0.0,0.0,0.0,0.0,0.0,0.0,0.0,0.0,0.0,0.0,0.0,0.0,0.0,0.0,0.0,0.0,0.0,0.0,0.0,0.0,0.0,0.0,0.0,0.0,0.0,0.0,0.0,0.0,0.0,0.0,0.0,0.05,0.0,0.05,0.0,0.0,0.0,0.0,0.0,0.0,0.0,0.0,0.0,0.0,0.0,0.0,0.0,0.0,0.0,0.0,0.0,0.0,0.0,0.0,0.0,0.0,0.0,0.0,0.0,0.0,0.05,0.0,0.0,0.0,0.0,0.0,0.0,0.0,0.0,0.0,0.0,0.0,0.05,0.0
Al8Li0.5Mg0.5Sn0.5Zn0.5,5,5,0.0391198628817528,-0.53,0.777661295762166,3.35,2.05608851949521,0.172687579171173,1.583,875.4965,10.680786016804356,SS+IM,FCC+IM,True,False,True,False,0,,Al+Li+Mg+Sn+Zn,Al+Li+Mg+Sn+Zn,0.0,0.8,0.0,0.0,0.0,0.0,0.0,0.0,0.0,0.0,0.0,0.0,0.0,0.0,0.0,0.0,0.0,0.0,0.0,0.0,0.0,0.0,0.0,0.0,0.0,0.0,0.0,0.0,0.0,0.0,0.0,0.0,0.0,0.0,0.0,0.05,0.0,0.05,0.0,0.0,0.0,0.0,0.0,0.0,0.0,0.0,0.0,0.0,0.0,0.0,0.0,0.0,0.0,0.0,0.0,0.0,0.0,0.0,0.0,0.0,0.0,0.0,0.0,0.0,0.05,0.0,0.0,0.0,0.0,0.0,0.0,0.0,0.0,0.0,0.0,0.0,0.05,0.0
AlLi0.5MgSn0.2Zn0.5,5,5,0.0567661042053963,-3.88671875,1.4803491732578,3.84375,3.59782377799414,0.266702776689239,1.4459375,790.8284375,2.5043643498207606,SS+IM,FCC+IM,True,False,True,False,0,,Al+Li+Mg+Sn+Zn,Al+Li+Mg+Sn+Zn,0.0,0.3125,0.0,0.0,0.0,0.0,0.0,0.0,0.0,0.0,0.0,0.0,0.0,0.0,0.0,0.0,0.0,0.0,0.0,0.0,0.0,0.0,0.0,0.0,0.0,0.0,0.0,0.0,0.0,0.0,0.0,0.0,0.0,0.0,0.0,0.15625,0.0,0.3125,0.0,0.0,0.0,0.0,0.0,0.0,0.0,0.0,0.0,0.0,0.0,0.0,0.0,0.0,0.0,0.0,0.0,0.0,0.0,0.0,0.0,0.0,0.0,0.0,0.0,0.0,0.0625,0.0,0.0,0.0,0.0,0.0,0.0,0.0,0.0,0.0,0.0,0.0,0.15625,0.0
AlLiMgSnZn,5,5,0.0588882583013187,-6.08,1.6094379124341,4.4,3.9293765408777,0.33246954747766,1.502,701.576,1.5441146991364088,SS+IM,FCC+HCP+IM,True,False,True,True,0,,Al+Li+Mg+Sn+Zn,Al+Li+Mg+Sn+Zn,0.0,0.2,0.0,0.0,0.0,0.0,0.0,0.0,0.0,0.0,0.0,0.0,0.0,0.0,0.0,0.0,0.0,0.0,0.0,0.0,0.0,0.0,0.0,0.0,0.0,0.0,0.0,0.0,0.0,0.0,0.0,0.0,0.0,0.0,0.0,0.2,0.0,0.2,0.0,0.0,0.0,0.0,0.0,0.0,0.0,0.0,0.0,0.0,0.0,0.0,0.0,0.0,0.0,0.0,0.0,0.0,0.0,0.0,0.0,0.0,0.0,0.0,0.0,0.0,0.2,0.0,0.0,0.0,0.0,0.0,0.0,0.0,0.0,0.0,0.0,0.0,0.2,0.0
AlMnNbTiV,5,5,0.039497885245003,-15.52,1.6094379124341,4.8,1.32664991614216,0.0349857113690718,1.586,1865.294,1.6082886197252049,IM,IM,False,False,True,False,0,,Al+Mn+Nb+Ti+V,Al+Mn+Nb+Ti+V,0.0,0.2,0.0,0.0,0.0,0.0,0.0,0.0,0.0,0.0,0.0,0.0,0.0,0.0,0.0,0.0,0.0,0.0,0.0,0.0,0.0,0.0,0.0,0.0,0.0,0.0,0.0,0.0,0.0,0.0,0.0,0.0,0.0,0.0,0.0,0.0,0.0,0.0,0.2,0.0,0.0,0.0,0.2,0.0,0.0,0.0,0.0,0.0,0.0,0.0,0.0,0.0,0.0,0.0,0.0,0.0,0.0,0.0,0.0,0.0,0.0,0.0,0.0,0.0,0.0,0.0,0.0,0.0,0.0,0.2,0.0,0.0,0.2,0.0,0.0,0.0,0.0,0.0
Al0.25MoNbTiV,5,5,0.0400339932317602,-6.2560553633218,1.52846571006102,4.88235294117647,0.831890330807703,0.243216622087216,1.72529411764706,2353.73352941176,4.781306623966515,SS,BCC,False,True,False,False,1,BCC,Al+Mo+Nb+Ti+V,Al+Mo+Nb+Ti+V,0.0,0.058823529411764705,0.0,0.0,0.0,0.0,0.0,0.0,0.0,0.0,0.0,0.0,0.0,0.0,0.0,0.0,0.0,0.0,0.0,0.0,0.0,0.0,0.0,0.0,0.0,0.0,0.0,0.0,0.0,0.0,0.0,0.0,0.0,0.0,0.0,0.0,0.0,0.0,0.0,0.23529411764705882,0.0,0.0,0.23529411764705882,0.0,0.0,0.0,0.0,0.0,0.0,0.0,0.0,0.0,0.0,0.0,0.0,0.0,0.0,0.0,0.0,0.0,0.0,0.0,0.0,0.0,0.0,0.0,0.0,0.0,0.0,0.23529411764705882,0.0,0.0,0.23529411764705882,0.0,0.0,0.0,0.0,0.0
Al0.5MoNbTiV,5,5,0.0393239278018031,-8.98765432098765,1.58109375017182,4.77777777777778,0.916245694581702,0.23783488410821,1.71888888888889,2274.83,3.327318644712983,SS,BCC,False,True,False,False,1,BCC,Al+Mo+Nb+Ti+V,Al+Mo+Nb+Ti+V,0.0,0.1111111111111111,0.0,0.0,0.0,0.0,0.0,0.0,0.0,0.0,0.0,0.0,0.0,0.0,0.0,0.0,0.0,0.0,0.0,0.0,0.0,0.0,0.0,0.0,0.0,0.0,0.0,0.0,0.0,0.0,0.0,0.0,0.0,0.0,0.0,0.0,0.0,0.0,0.0,0.2222222222222222,0.0,0.0,0.2222222222222222,0.0,0.0,0.0,0.0,0.0,0.0,0.0,0.0,0.0,0.0,0.0,0.0,0.0,0.0,0.0,0.0,0.0,0.0,0.0,0.0,0.0,0.0,0.0,0.0,0.0,0.0,0.2222222222222222,0.0,0.0,0.2222222222222222,0.0,0.0,0.0,0.0,0.0
Al0.75MoNbTiV,5,5,0.038633317515159,-11.1246537396122,1.60356810317052,4.68421052631579,0.976170367946916,0.232764905827836,1.71315789473684,2204.23210526316,2.641754254925045,SS,BCC,False,True,False,False,1,BCC,Al+Mo+Nb+Ti+V,Al+Mo+Nb+Ti+V,0.0,0.15789473684210525,0.0,0.0,0.0,0.0,0.0,0.0,0.0,0.0,0.0,0.0,0.0,0.0,0.0,0.0,0.0,0.0,0.0,0.0,0.0,0.0,0.0,0.0,0.0,0.0,0.0,0.0,0.0,0.0,0.0,0.0,0.0,0.0,0.0,0.0,0.0,0.0,0.0,0.21052631578947367,0.0,0.0,0.21052631578947367,0.0,0.0,0.0,0.0,0.0,0.0,0.0,0.0,0.0,0.0,0.0,0.0,0.0,0.0,0.0,0.0,0.0,0.0,0.0,0.0,0.0,0.0,0.0,0.0,0.0,0.0,0.21052631578947367,0.0,0.0,0.21052631578947367,0.0,0.0,0.0,0.0,0.0
AlMoNbTiV,5,5,0.0379649776117411,-12.8,1.6094379124341,4.6,1.01980390271856,0.227982455465327,1.708,2140.694,2.2379636833111873,SS,BCC,False,True,False,False,1,BCC,Al+Mo+Nb+Ti+V,Al+Mo+Nb+Ti+V,0.0,0.2,0.0,0.0,0.0,0.0,0.0,0.0,0.0,0.0,0.0,0.0,0.0,0.0,0.0,0.0,0.0,0.0,0.0,0.0,0.0,0.0,0.0,0.0,0.0,0.0,0.0,0.0,0.0,0.0,0.0,0.0,0.0,0.0,0.0,0.0,0.0,0.0,0.0,0.2,0.0,0.0,0.2,0.0,0.0,0.0,0.0,0.0,0.0,0.0,0.0,0.0,0.0,0.0,0.0,0.0,0.0,0.0,0.0,0.0,0.0,0.0,0.0,0.0,0.0,0.0,0.0,0.0,0.0,0.2,0.0,0.0,0.2,0.0,0.0,0.0,0.0,0.0
Al0.25NbTaTiV,5,5,0.0383243970909152,-4.81660899653979,1.52846571006102,4.64705882352941,0.588235294117647,0.0501761602638497,1.57,2446.43941176471,6.454802480035854,SS,BCC,False,True,False,False,1,BCC,Al+Nb+Ta+Ti+V,Al+Nb+Ta+Ti+V,0.0,0.058823529411764705,0.0,0.0,0.0,0.0,0.0,0.0,0.0,0.0,0.0,0.0,0.0,0.0,0.0,0.0,0.0,0.0,0.0,0.0,0.0,0.0,0.0,0.0,0.0,0.0,0.0,0.0,0.0,0.0,0.0,0.0,0.0,0.0,0.0,0.0,0.0,0.0,0.0,0.0,0.0,0.0,0.23529411764705882,0.0,0.0,0.0,0.0,0.0,0.0,0.0,0.0,0.0,0.0,0.0,0.0,0.0,0.0,0.0,0.0,0.0,0.0,0.0,0.0,0.0,0.0,0.0,0.23529411764705882,0.0,0.0,0.23529411764705882,0.0,0.0,0.23529411764705882,0.0,0.0,0.0,0.0,0.0
Al0.5NbTaTiV,5,5,0.0373750476203632,-8.39506172839506,1.58109375017182,4.55555555555556,0.684934889218775,0.0496158079150358,1.57222222222222,2362.38555555556,3.699292668308294,SS,BCC,False,True,False,False,1,BCC,Al+Nb+Ta+Ti+V,Al+Nb+Ta+Ti+V,0.0,0.1111111111111111,0.0,0.0,0.0,0.0,0.0,0.0,0.0,0.0,0.0,0.0,0.0,0.0,0.0,0.0,0.0,0.0,0.0,0.0,0.0,0.0,0.0,0.0,0.0,0.0,0.0,0.0,0.0,0.0,0.0,0.0,0.0,0.0,0.0,0.0,0.0,0.0,0.0,0.0,0.0,0.0,0.2222222222222222,0.0,0.0,0.0,0.0,0.0,0.0,0.0,0.0,0.0,0.0,0.0,0.0,0.0,0.0,0.0,0.0,0.0,0.0,0.0,0.0,0.0,0.0,0.0,0.2222222222222222,0.0,0.0,0.2222222222222222,0.0,0.0,0.2222222222222222,0.0,0.0,0.0,0.0,0.0
AlNbTaTiV,5,5,0.035665443416694,-13.44,1.6094379124341,4.4,0.8,0.0484148737476408,1.576,2219.494,2.2098516459424493,SS,BCC,False,True,False,False,1,BCC,Al+Nb+Ta+Ti+V,Al+Nb+Ta+Ti+V,0.0,0.2,0.0,0.0,0.0,0.0,0.0,0.0,0.0,0.0,0.0,0.0,0.0,0.0,0.0,0.0,0.0,0.0,0.0,0.0,0.0,0.0,0.0,0.0,0.0,0.0,0.0,0.0,0.0,0.0,0.0,0.0,0.0,0.0,0.0,0.0,0.0,0.0,0.0,0.0,0.0,0.0,0.2,0.0,0.0,0.0,0.0,0.0,0.0,0.0,0.0,0.0,0.0,0.0,0.0,0.0,0.0,0.0,0.0,0.0,0.0,0.0,0.0,0.0,0.0,0.0,0.2,0.0,0.0,0.2,0.0,0.0,0.2,0.0,0.0,0.0,0.0,0.0
Al0.3NbTaTi1.4Zr1.3,5,5,0.0484462245453785,-4.4096,1.51924934567817,4.34,0.586856030044848,0.103184494959272,1.4936,2360.7682,6.762657513014342,SS,BCC,False,True,False,False,1,BCC,Al+Nb+Ta+Ti+Zr,Al+Nb+Ta+Ti+Zr,0.0,0.06,0.0,0.0,0.0,0.0,0.0,0.0,0.0,0.0,0.0,0.0,0.0,0.0,0.0,0.0,0.0,0.0,0.0,0.0,0.0,0.0,0.0,0.0,0.0,0.0,0.0,0.0,0.0,0.0,0.0,0.0,0.0,0.0,0.0,0.0,0.0,0.0,0.0,0.0,0.0,0.0,0.2,0.0,0.0,0.0,0.0,0.0,0.0,0.0,0.0,0.0,0.0,0.0,0.0,0.0,0.0,0.0,0.0,0.0,0.0,0.0,0.0,0.0,0.0,0.0,0.2,0.0,0.0,0.27999999999999997,0.0,0.0,0.0,0.0,0.0,0.0,0.0,0.26
AlNb1.5Ta0.5Ti1.5Zr0.5,5,5,0.0348091016483253,-15.12,1.50478828368119,4.2,0.748331477354788,0.0811233628494283,1.547,2135.794,1.7673279961616721,SS,BCC,False,True,False,False,1,BCC,Al+Nb+Ta+Ti+Zr,Al+Nb+Ta+Ti+Zr,0.0,0.2,0.0,0.0,0.0,0.0,0.0,0.0,0.0,0.0,0.0,0.0,0.0,0.0,0.0,0.0,0.0,0.0,0.0,0.0,0.0,0.0,0.0,0.0,0.0,0.0,0.0,0.0,0.0,0.0,0.0,0.0,0.0,0.0,0.0,0.0,0.0,0.0,0.0,0.0,0.0,0.0,0.3,0.0,0.0,0.0,0.0,0.0,0.0,0.0,0.0,0.0,0.0,0.0,0.0,0.0,0.0,0.0,0.0,0.0,0.0,0.0,0.0,0.0,0.0,0.0,0.1,0.0,0.0,0.3,0.0,0.0,0.0,0.0,0.0,0.0,0.0,0.1
AlNbTaTiZr,5,5,0.0455672215899851,-16.16,1.6094379124341,4.2,0.748331477354788,0.101311401135312,1.516,2208.494,1.828787648299402,IM,IM,False,False,True,False,0,,Al+Nb+Ta+Ti+Zr,Al+Nb+Ta+Ti+Zr,0.0,0.2,0.0,0.0,0.0,0.0,0.0,0.0,0.0,0.0,0.0,0.0,0.0,0.0,0.0,0.0,0.0,0.0,0.0,0.0,0.0,0.0,0.0,0.0,0.0,0.0,0.0,0.0,0.0,0.0,0.0,0.0,0.0,0.0,0.0,0.0,0.0,0.0,0.0,0.0,0.0,0.0,0.2,0.0,0.0,0.0,0.0,0.0,0.0,0.0,0.0,0.0,0.0,0.0,0.0,0.0,0.0,0.0,0.0,0.0,0.0,0.0,0.0,0.0,0.0,0.0,0.2,0.0,0.0,0.2,0.0,0.0,0.0,0.0,0.0,0.0,0.0,0.2
Al1.5NbTiVZr,5,5,0.0606702222467275,-21.5537190082645,1.59416669911802,4.09090909090909,0.792527080643759,0.106840423216392,1.54818181818182,1891.31,1.1630768724625509,IM,IM,False,False,True,False,0,,Al+Nb+Ti+V+Zr,Al+Nb+Ti+V+Zr,0.0,0.2727272727272727,0.0,0.0,0.0,0.0,0.0,0.0,0.0,0.0,0.0,0.0,0.0,0.0,0.0,0.0,0.0,0.0,0.0,0.0,0.0,0.0,0.0,0.0,0.0,0.0,0.0,0.0,0.0,0.0,0.0,0.0,0.0,0.0,0.0,0.0,0.0,0.0,0.0,0.0,0.0,0.0,0.18181818181818182,0.0,0.0,0.0,0.0,0.0,0.0,0.0,0.0,0.0,0.0,0.0,0.0,0.0,0.0,0.0,0.0,0.0,0.0,0.0,0.0,0.0,0.0,0.0,0.0,0.0,0.0,0.18181818181818182,0.0,0.0,0.18181818181818182,0.0,0.0,0.0,0.0,0.18181818181818182
Al2NbTi3V2Zr,5,5,0.0563249365565229,-18.7654320987654,1.52295506753132,4.11111111111111,0.737027731190089,0.0884991455632883,1.55888888888889,1881.54888888889,1.2696330337951354,IM,IM,False,False,True,False,0,,Al+Nb+Ti+V+Zr,Al+Nb+Ti+V+Zr,0.0,0.2222222222222222,0.0,0.0,0.0,0.0,0.0,0.0,0.0,0.0,0.0,0.0,0.0,0.0,0.0,0.0,0.0,0.0,0.0,0.0,0.0,0.0,0.0,0.0,0.0,0.0,0.0,0.0,0.0,0.0,0.0,0.0,0.0,0.0,0.0,0.0,0.0,0.0,0.0,0.0,0.0,0.0,0.1111111111111111,0.0,0.0,0.0,0.0,0.0,0.0,0.0,0.0,0.0,0.0,0.0,0.0,0.0,0.0,0.0,0.0,0.0,0.0,0.0,0.0,0.0,0.0,0.0,0.0,0.0,0.0,0.3333333333333333,0.0,0.0,0.2222222222222222,0.0,0.0,0.0,0.0,0.1111111111111111
AlNbTiVZr,5,5,0.0634742231018133,-17.44,1.6094379124341,4.2,0.748331477354788,0.110163514831363,1.542,1987.094,1.5246857592690526,IM,IM,False,False,True,False,0,,Al+Nb+Ti+V+Zr,Al+Nb+Ti+V+Zr,0.0,0.2,0.0,0.0,0.0,0.0,0.0,0.0,0.0,0.0,0.0,0.0,0.0,0.0,0.0,0.0,0.0,0.0,0.0,0.0,0.0,0.0,0.0,0.0,0.0,0.0,0.0,0.0,0.0,0.0,0.0,0.0,0.0,0.0,0.0,0.0,0.0,0.0,0.0,0.0,0.0,0.0,0.2,0.0,0.0,0.0,0.0,0.0,0.0,0.0,0.0,0.0,0.0,0.0,0.0,0.0,0.0,0.0,0.0,0.0,0.0,0.0,0.0,0.0,0.0,0.0,0.0,0.0,0.0,0.2,0.0,0.0,0.2,0.0,0.0,0.0,0.0,0.2
AlTiVYZr,5,5,0.10951312462996,-14.88,1.6094379124341,3.8,0.748331477354788,0.162554606209729,1.466,1796.894,1.6159500780366054,AM,AM,False,False,False,False,0,,Al+Ti+V+Y+Zr,Al+Ti+V+Y+Zr,0.0,0.2,0.0,0.0,0.0,0.0,0.0,0.0,0.0,0.0,0.0,0.0,0.0,0.0,0.0,0.0,0.0,0.0,0.0,0.0,0.0,0.0,0.0,0.0,0.0,0.0,0.0,0.0,0.0,0.0,0.0,0.0,0.0,0.0,0.0,0.0,0.0,0.0,0.0,0.0,0.0,0.0,0.0,0.0,0.0,0.0,0.0,0.0,0.0,0.0,0.0,0.0,0.0,0.0,0.0,0.0,0.0,0.0,0.0,0.0,0.0,0.0,0.0,0.0,0.0,0.0,0.0,0.0,0.0,0.2,0.0,0.0,0.2,0.0,0.2,0.0,0.0,0.2
Au29Ag5.5Pd2.3Cu26.9Si16.3,5,5,0.0852828861783233,-21.87725625,1.3445569730893,9.545,2.80988878783485,0.303697468451336,2.1426875,1422.5164125,0.7269052851184314,AM,AM,False,False,False,False,0,,Ag+Au+Cu+Pd+Si,Ag+Au+Cu+Pd+Si,0.06875,0.0,0.0,0.3625,0.0,0.0,0.0,0.0,0.0,0.0,0.0,0.0,0.0,0.0,0.0,0.0,0.0,0.33625,0.0,0.0,0.0,0.0,0.0,0.0,0.0,0.0,0.0,0.0,0.0,0.0,0.0,0.0,0.0,0.0,0.0,0.0,0.0,0.0,0.0,0.0,0.0,0.0,0.0,0.0,0.0,0.0,0.0,0.0,0.0,0.0,0.0,0.028749999999999998,0.0,0.0,0.0,0.0,0.0,0.0,0.0,0.0,0.0,0.0,0.20375000000000001,0.0,0.0,0.0,0.0,0.0,0.0,0.0,0.0,0.0,0.0,0.0,0.0,0.0,0.0,0.0
B22Co78Cr78Fe78Ni78,5,5,0.0869153910041238,-9.732869590161,1.53779941243468,7.90419161676647,1.93373311181097,0.108222761408992,1.83449101796407,1903.18562874252,2.500196373827491,IM,IM,False,False,True,False,0,,B+Co+Cr+Fe+Ni,B+Co+Cr+Fe+Ni,0.0,0.0,0.0,0.0,0.0658682634730539,0.0,0.0,0.0,0.0,0.0,0.0,0.0,0.0,0.0,0.23353293413173654,0.23353293413173654,0.0,0.0,0.0,0.0,0.0,0.0,0.23353293413173654,0.0,0.0,0.0,0.0,0.0,0.0,0.0,0.0,0.0,0.0,0.0,0.0,0.0,0.0,0.0,0.0,0.0,0.0,0.0,0.0,0.0,0.0,0.23353293413173654,0.0,0.0,0.0,0.0,0.0,0.0,0.0,0.0,0.0,0.0,0.0,0.0,0.0,0.0,0.0,0.0,0.0,0.0,0.0,0.0,0.0,0.0,0.0,0.0,0.0,0.0,0.0,0.0,0.0,0.0,0.0,0.0
B26Co74Cr74Fe74Ni74,5,5,0.0959516350534147,-10.962540025462,1.55494354064692,7.82608695652174,2.01412779511313,0.11039722268583,1.83776397515528,1910.28571428571,2.2528690334843775,IM,IM,False,False,True,False,0,,B+Co+Cr+Fe+Ni,B+Co+Cr+Fe+Ni,0.0,0.0,0.0,0.0,0.08074534161490683,0.0,0.0,0.0,0.0,0.0,0.0,0.0,0.0,0.0,0.22981366459627328,0.22981366459627328,0.0,0.0,0.0,0.0,0.0,0.0,0.22981366459627328,0.0,0.0,0.0,0.0,0.0,0.0,0.0,0.0,0.0,0.0,0.0,0.0,0.0,0.0,0.0,0.0,0.0,0.0,0.0,0.0,0.0,0.0,0.22981366459627328,0.0,0.0,0.0,0.0,0.0,0.0,0.0,0.0,0.0,0.0,0.0,0.0,0.0,0.0,0.0,0.0,0.0,0.0,0.0,0.0,0.0,0.0,0.0,0.0,0.0,0.0,0.0,0.0,0.0,0.0,0.0,0.0
Ce57Al10Ni12.5Cu15.5Nb5,5,5,0.158234464257403,-22.0584,1.24935427415435,5.215,3.36730975706127,0.349571848837975,1.41265,1266.06135,0.596211755969896,AM,AM,False,False,False,False,0,,Al+Ce+Cu+Nb+Ni,Al+Ce+Cu+Nb+Ni,0.0,0.1,0.0,0.0,0.0,0.0,0.0,0.0,0.0,0.0,0.0,0.0,0.57,0.0,0.0,0.0,0.0,0.155,0.0,0.0,0.0,0.0,0.0,0.0,0.0,0.0,0.0,0.0,0.0,0.0,0.0,0.0,0.0,0.0,0.0,0.0,0.0,0.0,0.0,0.0,0.0,0.0,0.05,0.0,0.0,0.125,0.0,0.0,0.0,0.0,0.0,0.0,0.0,0.0,0.0,0.0,0.0,0.0,0.0,0.0,0.0,0.0,0.0,0.0,0.0,0.0,0.0,0.0,0.0,0.0,0.0,0.0,0.0,0.0,0.0,0.0,0.0,0.0
Ce65Al10Ni10Cu10Nb5,5,5,0.144722267730187,-19.86,1.12057103703601,4.6,2.98998327754521,0.325392071200268,1.35,1233.624,0.5787315302187521,AM,AM,False,False,False,False,0,,Al+Ce+Cu+Nb+Ni,Al+Ce+Cu+Nb+Ni,0.0,0.1,0.0,0.0,0.0,0.0,0.0,0.0,0.0,0.0,0.0,0.0,0.65,0.0,0.0,0.0,0.0,0.1,0.0,0.0,0.0,0.0,0.0,0.0,0.0,0.0,0.0,0.0,0.0,0.0,0.0,0.0,0.0,0.0,0.0,0.0,0.0,0.0,0.0,0.0,0.0,0.0,0.05,0.0,0.0,0.1,0.0,0.0,0.0,0.0,0.0,0.0,0.0,0.0,0.0,0.0,0.0,0.0,0.0,0.0,0.0,0.0,0.0,0.0,0.0,0.0,0.0,0.0,0.0,0.0,0.0,0.0,0.0,0.0,0.0,0.0,0.0,0.0
CoCrCuFeMn,5,5,0.0314703294023586,4.16,1.6094379124341,8.2,1.72046505340853,0.136323145503616,1.764,1727.154,5.555794131012798,SS,FCC+FCC,True,False,False,False,1,,Co+Cr+Cu+Fe+Mn,Co+Cr+Cu+Fe+Mn,0.0,0.0,0.0,0.0,0.0,0.0,0.0,0.0,0.0,0.0,0.0,0.0,0.0,0.0,0.2,0.2,0.0,0.2,0.0,0.0,0.0,0.0,0.2,0.0,0.0,0.0,0.0,0.0,0.0,0.0,0.0,0.0,0.0,0.0,0.0,0.0,0.0,0.0,0.2,0.0,0.0,0.0,0.0,0.0,0.0,0.0,0.0,0.0,0.0,0.0,0.0,0.0,0.0,0.0,0.0,0.0,0.0,0.0,0.0,0.0,0.0,0.0,0.0,0.0,0.0,0.0,0.0,0.0,0.0,0.0,0.0,0.0,0.0,0.0,0.0,0.0,0.0,0.0
CoCrCu0.5FeNi,5,5,0.00835312487558421,0.493827160493827,1.58109375017182,8.55555555555556,1.64053589558149,0.0945685459153476,1.82888888888889,1814.64111111111,48.30672335287505,SS,FCC,True,False,False,False,1,FCC,Co+Cr+Cu+Fe+Ni,Co+Cr+Cu+Fe+Ni,0.0,0.0,0.0,0.0,0.0,0.0,0.0,0.0,0.0,0.0,0.0,0.0,0.0,0.0,0.2222222222222222,0.2222222222222222,0.0,0.1111111111111111,0.0,0.0,0.0,0.0,0.2222222222222222,0.0,0.0,0.0,0.0,0.0,0.0,0.0,0.0,0.0,0.0,0.0,0.0,0.0,0.0,0.0,0.0,0.0,0.0,0.0,0.0,0.0,0.0,0.2222222222222222,0.0,0.0,0.0,0.0,0.0,0.0,0.0,0.0,0.0,0.0,0.0,0.0,0.0,0.0,0.0,0.0,0.0,0.0,0.0,0.0,0.0,0.0,0.0,0.0,0.0,0.0,0.0,0.0,0.0,0.0,0.0,0.0
CoCrCuFeNi,5,5,0.0103320366050645,3.2,1.6094379124341,8.8,1.72046505340853,0.092217135067188,1.836,1768.954,7.397329668692598,SS,FCC,True,False,False,False,1,FCC,Co+Cr+Cu+Fe+Ni,Co+Cr+Cu+Fe+Ni,0.0,0.0,0.0,0.0,0.0,0.0,0.0,0.0,0.0,0.0,0.0,0.0,0.0,0.0,0.2,0.2,0.0,0.2,0.0,0.0,0.0,0.0,0.2,0.0,0.0,0.0,0.0,0.0,0.0,0.0,0.0,0.0,0.0,0.0,0.0,0.0,0.0,0.0,0.0,0.0,0.0,0.0,0.0,0.0,0.0,0.2,0.0,0.0,0.0,0.0,0.0,0.0,0.0,0.0,0.0,0.0,0.0,0.0,0.0,0.0,0.0,0.0,0.0,0.0,0.0,0.0,0.0,0.0,0.0,0.0,0.0,0.0,0.0,0.0,0.0,0.0,0.0,0.0
CoCrCuFeZr0.8 ,5,5,0.0993356765422546,-9.6875,1.60580650979955,7.75,2.34964536331195,0.201097250519908,1.73625,1837.32708333333,2.5322242327865823,AM,AM,False,False,False,False,0,,Co+Cr+Cu+Fe+Zr,Co+Cr+Cu+Fe+Zr,0.0,0.0,0.0,0.0,0.0,0.0,0.0,0.0,0.0,0.0,0.0,0.0,0.0,0.0,0.20833333333333334,0.20833333333333334,0.0,0.20833333333333334,0.0,0.0,0.0,0.0,0.20833333333333334,0.0,0.0,0.0,0.0,0.0,0.0,0.0,0.0,0.0,0.0,0.0,0.0,0.0,0.0,0.0,0.0,0.0,0.0,0.0,0.0,0.0,0.0,0.0,0.0,0.0,0.0,0.0,0.0,0.0,0.0,0.0,0.0,0.0,0.0,0.0,0.0,0.0,0.0,0.0,0.0,0.0,0.0,0.0,0.0,0.0,0.0,0.0,0.0,0.0,0.0,0.0,0.0,0.0,0.0,0.16666666666666669
CoCrFeHfNi,5,5,0.100946552375139,-19.52,1.6094379124341,7.4,2.1540659228538,0.225264289224901,1.716,1998.6,1.370106990878487,IM,IM,False,False,True,False,0,,Co+Cr+Fe+Hf+Ni,Co+Cr+Fe+Hf+Ni,0.0,0.0,0.0,0.0,0.0,0.0,0.0,0.0,0.0,0.0,0.0,0.0,0.0,0.0,0.2,0.2,0.0,0.0,0.0,0.0,0.0,0.0,0.2,0.0,0.0,0.0,0.0,0.2,0.0,0.0,0.0,0.0,0.0,0.0,0.0,0.0,0.0,0.0,0.0,0.0,0.0,0.0,0.0,0.0,0.0,0.2,0.0,0.0,0.0,0.0,0.0,0.0,0.0,0.0,0.0,0.0,0.0,0.0,0.0,0.0,0.0,0.0,0.0,0.0,0.0,0.0,0.0,0.0,0.0,0.0,0.0,0.0,0.0,0.0,0.0,0.0,0.0,0.0
Co0.5CrFeMn1.5Ni ,5,5,0.0373371759095443,-4.04,1.55711309805765,7.8,1.4,0.146359147305524,1.733,1776.3,5.692319832309869,SS+IM,FCC+IM,True,False,True,False,0,,Co+Cr+Fe+Mn+Ni,Co+Cr+Fe+Mn+Ni,0.0,0.0,0.0,0.0,0.0,0.0,0.0,0.0,0.0,0.0,0.0,0.0,0.0,0.0,0.1,0.2,0.0,0.0,0.0,0.0,0.0,0.0,0.2,0.0,0.0,0.0,0.0,0.0,0.0,0.0,0.0,0.0,0.0,0.0,0.0,0.0,0.0,0.0,0.3,0.0,0.0,0.0,0.0,0.0,0.0,0.2,0.0,0.0,0.0,0.0,0.0,0.0,0.0,0.0,0.0,0.0,0.0,0.0,0.0,0.0,0.0,0.0,0.0,0.0,0.0,0.0,0.0,0.0,0.0,0.0,0.0,0.0,0.0,0.0,0.0,0.0,0.0,0.0
Co1.5Cr0.5FeMn0.5Ni,5,5,0.0258933247138419,-3.50617283950617,1.52295506753132,8.44444444444445,1.25707872210942,0.118049999869275,1.81444444444444,1786.77777777778,6.452952922309885,SS,FCC,True,False,False,False,1,FCC,Co+Cr+Fe+Mn+Ni,Co+Cr+Fe+Mn+Ni,0.0,0.0,0.0,0.0,0.0,0.0,0.0,0.0,0.0,0.0,0.0,0.0,0.0,0.0,0.3333333333333333,0.1111111111111111,0.0,0.0,0.0,0.0,0.0,0.0,0.2222222222222222,0.0,0.0,0.0,0.0,0.0,0.0,0.0,0.0,0.0,0.0,0.0,0.0,0.0,0.0,0.0,0.1111111111111111,0.0,0.0,0.0,0.0,0.0,0.0,0.2222222222222222,0.0,0.0,0.0,0.0,0.0,0.0,0.0,0.0,0.0,0.0,0.0,0.0,0.0,0.0,0.0,0.0,0.0,0.0,0.0,0.0,0.0,0.0,0.0,0.0,0.0,0.0,0.0,0.0,0.0,0.0,0.0,0.0
Co1.4CrFeMnNi,5,5,0.0316727792226407,-4.11522633744856,1.59916541074251,8.07407407407407,1.3857990321385,0.136445168293411,1.77444444444444,1798.74074074074,5.811689691965317,SS,FCC,True,False,False,False,1,FCC,Co+Cr+Fe+Mn+Ni,Co+Cr+Fe+Mn+Ni,0.0,0.0,0.0,0.0,0.0,0.0,0.0,0.0,0.0,0.0,0.0,0.0,0.0,0.0,0.25925925925925924,0.18518518518518517,0.0,0.0,0.0,0.0,0.0,0.0,0.18518518518518517,0.0,0.0,0.0,0.0,0.0,0.0,0.0,0.0,0.0,0.0,0.0,0.0,0.0,0.0,0.0,0.18518518518518517,0.0,0.0,0.0,0.0,0.0,0.0,0.18518518518518517,0.0,0.0,0.0,0.0,0.0,0.0,0.0,0.0,0.0,0.0,0.0,0.0,0.0,0.0,0.0,0.0,0.0,0.0,0.0,0.0,0.0,0.0,0.0,0.0,0.0,0.0,0.0,0.0,0.0,0.0,0.0,0.0
CoCr0.4Fe8Mn5.4Ni5.2,5,5,0.0371577493386453,-3.5788,1.29830251140286,8.26,1.1714947716486,0.142942331028985,1.7743,1715.81,5.17537529310351,SS,FCC,True,False,False,False,1,FCC,Co+Cr+Fe+Mn+Ni,Co+Cr+Fe+Mn+Ni,0.0,0.0,0.0,0.0,0.0,0.0,0.0,0.0,0.0,0.0,0.0,0.0,0.0,0.0,0.05,0.02,0.0,0.0,0.0,0.0,0.0,0.0,0.4,0.0,0.0,0.0,0.0,0.0,0.0,0.0,0.0,0.0,0.0,0.0,0.0,0.0,0.0,0.0,0.27,0.0,0.0,0.0,0.0,0.0,0.0,0.26,0.0,0.0,0.0,0.0,0.0,0.0,0.0,0.0,0.0,0.0,0.0,0.0,0.0,0.0,0.0,0.0,0.0,0.0,0.0,0.0,0.0,0.0,0.0,0.0,0.0,0.0,0.0,0.0,0.0,0.0,0.0,0.0
CoCr0.75FeMn0.75Ni,5,5,0.0306166278474681,-4.07407407407407,1.59997142092687,8.16666666666667,1.38443731048635,0.133172356527959,1.78388888888889,1795.83333333333,5.86385898474889,SS,FCC,True,False,False,False,1,FCC,Co+Cr+Fe+Mn+Ni,Co+Cr+Fe+Mn+Ni,0.0,0.0,0.0,0.0,0.0,0.0,0.0,0.0,0.0,0.0,0.0,0.0,0.0,0.0,0.2222222222222222,0.16666666666666666,0.0,0.0,0.0,0.0,0.0,0.0,0.2222222222222222,0.0,0.0,0.0,0.0,0.0,0.0,0.0,0.0,0.0,0.0,0.0,0.0,0.0,0.0,0.0,0.16666666666666666,0.0,0.0,0.0,0.0,0.0,0.0,0.2222222222222222,0.0,0.0,0.0,0.0,0.0,0.0,0.0,0.0,0.0,0.0,0.0,0.0,0.0,0.0,0.0,0.0,0.0,0.0,0.0,0.0,0.0,0.0,0.0,0.0,0.0,0.0,0.0,0.0,0.0,0.0,0.0,0.0
CoCr1.25FeMn0.25Ni,5,5,0.0190731814034551,-4.07407407407407,1.51910943036232,8.05555555555556,1.50820799561091,0.114946310601896,1.79611111111111,1869.27777777778,5.795196507161671,SS,FCC,True,False,False,False,1,FCC,Co+Cr+Fe+Mn+Ni,Co+Cr+Fe+Mn+Ni,0.0,0.0,0.0,0.0,0.0,0.0,0.0,0.0,0.0,0.0,0.0,0.0,0.0,0.0,0.2222222222222222,0.2777777777777778,0.0,0.0,0.0,0.0,0.0,0.0,0.2222222222222222,0.0,0.0,0.0,0.0,0.0,0.0,0.0,0.0,0.0,0.0,0.0,0.0,0.0,0.0,0.0,0.05555555555555555,0.0,0.0,0.0,0.0,0.0,0.0,0.2222222222222222,0.0,0.0,0.0,0.0,0.0,0.0,0.0,0.0,0.0,0.0,0.0,0.0,0.0,0.0,0.0,0.0,0.0,0.0,0.0,0.0,0.0,0.0,0.0,0.0,0.0,0.0,0.0,0.0,0.0,0.0,0.0,0.0
CoCr1.3FeMnNi0.7,5,5,0.0326214165088355,-3.7232,1.59115769582398,7.76,1.39370011121475,0.1354584807238,1.751,1828.32,6.496556993484718,SS,FCC,True,False,False,False,1,FCC,Co+Cr+Fe+Mn+Ni,Co+Cr+Fe+Mn+Ni,0.0,0.0,0.0,0.0,0.0,0.0,0.0,0.0,0.0,0.0,0.0,0.0,0.0,0.0,0.2,0.26,0.0,0.0,0.0,0.0,0.0,0.0,0.2,0.0,0.0,0.0,0.0,0.0,0.0,0.0,0.0,0.0,0.0,0.0,0.0,0.0,0.0,0.0,0.2,0.0,0.0,0.0,0.0,0.0,0.0,0.13999999999999999,0.0,0.0,0.0,0.0,0.0,0.0,0.0,0.0,0.0,0.0,0.0,0.0,0.0,0.0,0.0,0.0,0.0,0.0,0.0,0.0,0.0,0.0,0.0,0.0,0.0,0.0,0.0,0.0,0.0,0.0,0.0,0.0
CoCrFe0.5Mn0.5Ni1.5,5,5,0.0257279658925715,-4.83950617283951,1.52295506753132,8.33333333333333,1.56347191994114,0.129824192613142,1.79888888888889,1823.33333333333,4.770746044141606,SS,FCC,True,False,False,False,1,FCC,Co+Cr+Fe+Mn+Ni,Co+Cr+Fe+Mn+Ni,0.0,0.0,0.0,0.0,0.0,0.0,0.0,0.0,0.0,0.0,0.0,0.0,0.0,0.0,0.2222222222222222,0.2222222222222222,0.0,0.0,0.0,0.0,0.0,0.0,0.1111111111111111,0.0,0.0,0.0,0.0,0.0,0.0,0.0,0.0,0.0,0.0,0.0,0.0,0.0,0.0,0.0,0.1111111111111111,0.0,0.0,0.0,0.0,0.0,0.0,0.3333333333333333,0.0,0.0,0.0,0.0,0.0,0.0,0.0,0.0,0.0,0.0,0.0,0.0,0.0,0.0,0.0,0.0,0.0,0.0,0.0,0.0,0.0,0.0,0.0,0.0,0.0,0.0,0.0,0.0,0.0,0.0,0.0,0.0
CoCrFeMnNi,5,5,0.03269463576718,-4.16,1.6094379124341,8.0,1.4142135623731,0.138361844451424,1.766,1801.2,5.793980379734669,SS,FCC,True,False,False,False,1,FCC,Co+Cr+Fe+Mn+Ni,Co+Cr+Fe+Mn+Ni,0.0,0.0,0.0,0.0,0.0,0.0,0.0,0.0,0.0,0.0,0.0,0.0,0.0,0.0,0.2,0.2,0.0,0.0,0.0,0.0,0.0,0.0,0.2,0.0,0.0,0.0,0.0,0.0,0.0,0.0,0.0,0.0,0.0,0.0,0.0,0.0,0.0,0.0,0.2,0.0,0.0,0.0,0.0,0.0,0.0,0.2,0.0,0.0,0.0,0.0,0.0,0.0,0.0,0.0,0.0,0.0,0.0,0.0,0.0,0.0,0.0,0.0,0.0,0.0,0.0,0.0,0.0,0.0,0.0,0.0,0.0,0.0,0.0,0.0,0.0,0.0,0.0,0.0
CoCrFeMo0.3Ni,5,5,0.0237773196262264,-4.15359653866955,1.54261312532691,8.09302325581395,1.53734826800357,0.127279645531312,1.84372093023256,1943.20930232558,6.000486724256939,SS,FCC,True,False,False,False,1,FCC,Co+Cr+Fe+Mo+Ni,Co+Cr+Fe+Mo+Ni,0.0,0.0,0.0,0.0,0.0,0.0,0.0,0.0,0.0,0.0,0.0,0.0,0.0,0.0,0.23255813953488372,0.23255813953488372,0.0,0.0,0.0,0.0,0.0,0.0,0.23255813953488372,0.0,0.0,0.0,0.0,0.0,0.0,0.0,0.0,0.0,0.0,0.0,0.0,0.0,0.0,0.0,0.0,0.06976744186046512,0.0,0.0,0.0,0.0,0.0,0.23255813953488372,0.0,0.0,0.0,0.0,0.0,0.0,0.0,0.0,0.0,0.0,0.0,0.0,0.0,0.0,0.0,0.0,0.0,0.0,0.0,0.0,0.0,0.0,0.0,0.0,0.0,0.0,0.0,0.0,0.0,0.0,0.0,0.0
CoCrFeMo0.5Ni,5,5,0.0291394862133363,-4.34567901234568,1.58109375017182,8.0,1.56347191994114,0.140457805271649,1.85777777777778,1985.55555555556,6.006427032013226,SS+IM,FCC+IM,True,False,True,False,0,,Co+Cr+Fe+Mo+Ni,Co+Cr+Fe+Mo+Ni,0.0,0.0,0.0,0.0,0.0,0.0,0.0,0.0,0.0,0.0,0.0,0.0,0.0,0.0,0.2222222222222222,0.2222222222222222,0.0,0.0,0.0,0.0,0.0,0.0,0.2222222222222222,0.0,0.0,0.0,0.0,0.0,0.0,0.0,0.0,0.0,0.0,0.0,0.0,0.0,0.0,0.0,0.0,0.1111111111111111,0.0,0.0,0.0,0.0,0.0,0.2222222222222222,0.0,0.0,0.0,0.0,0.0,0.0,0.0,0.0,0.0,0.0,0.0,0.0,0.0,0.0,0.0,0.0,0.0,0.0,0.0,0.0,0.0,0.0,0.0,0.0,0.0,0.0,0.0,0.0,0.0,0.0,0.0,0.0
CoCrFeMo0.85Ni,5,5,0.0349839257785637,-4.57434371346583,1.60746140393354,7.85567010309278,1.59244149399172,0.156270433885457,1.87958762886598,2051.25773195876,5.993302191940694,SS+IM,FCC+Ïƒ+D85,True,False,True,False,0,,Co+Cr+Fe+Mo+Ni,Co+Cr+Fe+Mo+Ni,0.0,0.0,0.0,0.0,0.0,0.0,0.0,0.0,0.0,0.0,0.0,0.0,0.0,0.0,0.2061855670103093,0.2061855670103093,0.0,0.0,0.0,0.0,0.0,0.0,0.2061855670103093,0.0,0.0,0.0,0.0,0.0,0.0,0.0,0.0,0.0,0.0,0.0,0.0,0.0,0.0,0.0,0.0,0.1752577319587629,0.0,0.0,0.0,0.0,0.0,0.2061855670103093,0.0,0.0,0.0,0.0,0.0,0.0,0.0,0.0,0.0,0.0,0.0,0.0,0.0,0.0,0.0,0.0,0.0,0.0,0.0,0.0,0.0,0.0,0.0,0.0,0.0,0.0,0.0,0.0,0.0,0.0,0.0,0.0
CoCrFeMoNi,5,5,0.036710144310114,-4.64,1.6094379124341,7.8,1.6,0.161170716943246,1.888,2076.6,5.988847876712121,IM,IM,False,False,True,False,0,,Co+Cr+Fe+Mo+Ni,Co+Cr+Fe+Mo+Ni,0.0,0.0,0.0,0.0,0.0,0.0,0.0,0.0,0.0,0.0,0.0,0.0,0.0,0.0,0.2,0.2,0.0,0.0,0.0,0.0,0.0,0.0,0.2,0.0,0.0,0.0,0.0,0.0,0.0,0.0,0.0,0.0,0.0,0.0,0.0,0.0,0.0,0.0,0.0,0.2,0.0,0.0,0.0,0.0,0.0,0.2,0.0,0.0,0.0,0.0,0.0,0.0,0.0,0.0,0.0,0.0,0.0,0.0,0.0,0.0,0.0,0.0,0.0,0.0,0.0,0.0,0.0,0.0,0.0,0.0,0.0,0.0,0.0,0.0,0.0,0.0,0.0,0.0
CoCrFeNb0.103Ni,5,5,0.0229777853312035,-5.47301098588034,1.46877951703,8.16841335608092,1.54631372140902,0.101487899360577,1.81447721179625,1893.79722154521,4.225693054531039,SS+IM,FCC+IM,True,False,True,False,0,,Co+Cr+Fe+Nb+Ni,Co+Cr+Fe+Nb+Ni,0.0,0.0,0.0,0.0,0.0,0.0,0.0,0.0,0.0,0.0,0.0,0.0,0.0,0.0,0.24372410431391667,0.24372410431391667,0.0,0.0,0.0,0.0,0.0,0.0,0.24372410431391667,0.0,0.0,0.0,0.0,0.0,0.0,0.0,0.0,0.0,0.0,0.0,0.0,0.0,0.0,0.0,0.0,0.0,0.0,0.0,0.025103582744333414,0.0,0.0,0.24372410431391667,0.0,0.0,0.0,0.0,0.0,0.0,0.0,0.0,0.0,0.0,0.0,0.0,0.0,0.0,0.0,0.0,0.0,0.0,0.0,0.0,0.0,0.0,0.0,0.0,0.0,0.0,0.0,0.0,0.0,0.0,0.0,0.0
CoCrFeNb0.155Ni,5,5,0.0277091603450426,-6.27663595250818,1.49386024422071,8.12876052948255,1.57645988854744,0.103631000938996,1.81179302045728,1904.51263537906,3.768782484793274,SS+IM,FCC+IM,True,False,True,False,0,,Co+Cr+Fe+Nb+Ni,Co+Cr+Fe+Nb+Ni,0.0,0.0,0.0,0.0,0.0,0.0,0.0,0.0,0.0,0.0,0.0,0.0,0.0,0.0,0.2406738868832732,0.2406738868832732,0.0,0.0,0.0,0.0,0.0,0.0,0.2406738868832732,0.0,0.0,0.0,0.0,0.0,0.0,0.0,0.0,0.0,0.0,0.0,0.0,0.0,0.0,0.0,0.0,0.0,0.0,0.0,0.03730445246690735,0.0,0.0,0.2406738868832732,0.0,0.0,0.0,0.0,0.0,0.0,0.0,0.0,0.0,0.0,0.0,0.0,0.0,0.0,0.0,0.0,0.0,0.0,0.0,0.0,0.0,0.0,0.0,0.0,0.0,0.0,0.0,0.0,0.0,0.0,0.0,0.0
CoCrFeNb0.206Ni,5,5,0.0314608012577112,-7.02481272931883,1.51389084492189,8.09082263433191,1.60385485414763,0.105576867031975,1.80922491678554,1914.76462196862,3.430910517533859,SS+IM,FCC+IM,True,False,True,False,0,,Co+Cr+Fe+Nb+Ni,Co+Cr+Fe+Nb+Ni,0.0,0.0,0.0,0.0,0.0,0.0,0.0,0.0,0.0,0.0,0.0,0.0,0.0,0.0,0.23775558725630055,0.23775558725630055,0.0,0.0,0.0,0.0,0.0,0.0,0.23775558725630055,0.0,0.0,0.0,0.0,0.0,0.0,0.0,0.0,0.0,0.0,0.0,0.0,0.0,0.0,0.0,0.0,0.0,0.0,0.0,0.048977650974797914,0.0,0.0,0.23775558725630055,0.0,0.0,0.0,0.0,0.0,0.0,0.0,0.0,0.0,0.0,0.0,0.0,0.0,0.0,0.0,0.0,0.0,0.0,0.0,0.0,0.0,0.0,0.0,0.0,0.0,0.0,0.0,0.0,0.0,0.0,0.0,0.0
CoCrFeNb0.309Ni,5,5,0.037435328093398,-8.42375979811155,1.5449235255272,8.01694128568113,1.65340800012772,0.1090935333118,1.80422371779995,1934.72963564632,2.9502273250663182,SS+IM,FCC+IM,True,False,True,False,0,,Co+Cr+Fe+Nb+Ni,Co+Cr+Fe+Nb+Ni,0.0,0.0,0.0,0.0,0.0,0.0,0.0,0.0,0.0,0.0,0.0,0.0,0.0,0.0,0.23207240659085634,0.23207240659085634,0.0,0.0,0.0,0.0,0.0,0.0,0.23207240659085634,0.0,0.0,0.0,0.0,0.0,0.0,0.0,0.0,0.0,0.0,0.0,0.0,0.0,0.0,0.0,0.0,0.0,0.0,0.0,0.0717103736365746,0.0,0.0,0.23207240659085634,0.0,0.0,0.0,0.0,0.0,0.0,0.0,0.0,0.0,0.0,0.0,0.0,0.0,0.0,0.0,0.0,0.0,0.0,0.0,0.0,0.0,0.0,0.0,0.0,0.0,0.0,0.0,0.0,0.0,0.0,0.0,0.0
CoCrFeNb0.3Ni,5,5,0.0369767688989678,-8.3071930773391,1.54261312532691,8.02325581395349,1.64936030013927,0.108806395956182,1.8046511627907,1933.02325581395,2.9845164826841013,IM,IM,False,False,True,False,0,,Co+Cr+Fe+Nb+Ni,Co+Cr+Fe+Nb+Ni,0.0,0.0,0.0,0.0,0.0,0.0,0.0,0.0,0.0,0.0,0.0,0.0,0.0,0.0,0.23255813953488372,0.23255813953488372,0.0,0.0,0.0,0.0,0.0,0.0,0.23255813953488372,0.0,0.0,0.0,0.0,0.0,0.0,0.0,0.0,0.0,0.0,0.0,0.0,0.0,0.0,0.0,0.0,0.0,0.0,0.0,0.06976744186046512,0.0,0.0,0.23255813953488372,0.0,0.0,0.0,0.0,0.0,0.0,0.0,0.0,0.0,0.0,0.0,0.0,0.0,0.0,0.0,0.0,0.0,0.0,0.0,0.0,0.0,0.0,0.0,0.0,0.0,0.0,0.0,0.0,0.0,0.0,0.0,0.0
CoCrFeNb0.412Ni,5,5,0.0420565844841053,-9.68593853900473,1.56713262428533,7.94650951949229,1.6963092734192,0.112136078522674,1.79945602901179,1953.76246600181,2.628270072841163,SS+IM,FCC+IM,True,False,True,False,0,,Co+Cr+Fe+Nb+Ni,Co+Cr+Fe+Nb+Ni,0.0,0.0,0.0,0.0,0.0,0.0,0.0,0.0,0.0,0.0,0.0,0.0,0.0,0.0,0.22665457842248413,0.22665457842248413,0.0,0.0,0.0,0.0,0.0,0.0,0.22665457842248413,0.0,0.0,0.0,0.0,0.0,0.0,0.0,0.0,0.0,0.0,0.0,0.0,0.0,0.0,0.0,0.0,0.0,0.0,0.0,0.09338168631006347,0.0,0.0,0.22665457842248413,0.0,0.0,0.0,0.0,0.0,0.0,0.0,0.0,0.0,0.0,0.0,0.0,0.0,0.0,0.0,0.0,0.0,0.0,0.0,0.0,0.0,0.0,0.0,0.0,0.0,0.0,0.0,0.0,0.0,0.0,0.0,0.0
CoCrFeNbNi,5,5,0.0568717307084125,-14.88,1.6094379124341,7.6,1.85472369909914,0.123385574521497,1.776,2047.4,1.841230584426319,IM,IM,False,False,True,False,0,,Co+Cr+Fe+Nb+Ni,Co+Cr+Fe+Nb+Ni,0.0,0.0,0.0,0.0,0.0,0.0,0.0,0.0,0.0,0.0,0.0,0.0,0.0,0.0,0.2,0.2,0.0,0.0,0.0,0.0,0.0,0.0,0.2,0.0,0.0,0.0,0.0,0.0,0.0,0.0,0.0,0.0,0.0,0.0,0.0,0.0,0.0,0.0,0.0,0.0,0.0,0.0,0.2,0.0,0.0,0.2,0.0,0.0,0.0,0.0,0.0,0.0,0.0,0.0,0.0,0.0,0.0,0.0,0.0,0.0,0.0,0.0,0.0,0.0,0.0,0.0,0.0,0.0,0.0,0.0,0.0,0.0,0.0,0.0,0.0,0.0,0.0,0.0
CoCr2FeNiAl0.3,5,5,0.0340619911404975,-6.92061231755073,1.47429125078032,7.52830188679245,1.90929971934695,0.112306159890301,1.77792452830189,1876.80018867925,3.3242294318807093,SS+IM,FCC+BCC+IM,True,True,True,False,0,,Al+Co+Cr+Fe+Ni,Al+Co+Cr+Fe+Ni,0.0,0.05660377358490566,0.0,0.0,0.0,0.0,0.0,0.0,0.0,0.0,0.0,0.0,0.0,0.0,0.18867924528301888,0.37735849056603776,0.0,0.0,0.0,0.0,0.0,0.0,0.18867924528301888,0.0,0.0,0.0,0.0,0.0,0.0,0.0,0.0,0.0,0.0,0.0,0.0,0.0,0.0,0.0,0.0,0.0,0.0,0.0,0.0,0.0,0.0,0.18867924528301888,0.0,0.0,0.0,0.0,0.0,0.0,0.0,0.0,0.0,0.0,0.0,0.0,0.0,0.0,0.0,0.0,0.0,0.0,0.0,0.0,0.0,0.0,0.0,0.0,0.0,0.0,0.0,0.0,0.0,0.0,0.0,0.0
CoCrFeNiAl0.25,5,5,0.034780138189494,-6.75432525951557,1.52846571006102,7.94117647058824,1.89335022816836,0.106026046287455,1.80764705882353,1816.55705882353,3.4178811614649964,SS,FCC,True,False,False,False,1,FCC,Al+Co+Cr+Fe+Ni,Al+Co+Cr+Fe+Ni,0.0,0.058823529411764705,0.0,0.0,0.0,0.0,0.0,0.0,0.0,0.0,0.0,0.0,0.0,0.0,0.23529411764705882,0.23529411764705882,0.0,0.0,0.0,0.0,0.0,0.0,0.23529411764705882,0.0,0.0,0.0,0.0,0.0,0.0,0.0,0.0,0.0,0.0,0.0,0.0,0.0,0.0,0.0,0.0,0.0,0.0,0.0,0.0,0.0,0.0,0.23529411764705882,0.0,0.0,0.0,0.0,0.0,0.0,0.0,0.0,0.0,0.0,0.0,0.0,0.0,0.0,0.0,0.0,0.0,0.0,0.0,0.0,0.0,0.0,0.0,0.0,0.0,0.0,0.0,0.0,0.0,0.0,0.0,0.0
CoCrFeNiAl1.17,5,5,0.0602066076899244,-13.1004268787717,1.60734185948604,7.06189555125725,2.55311822179617,0.122292977855782,1.77247582205029,1659.4119729207,1.6928216782261867,SS,BCC+BCC,False,True,False,False,1,,Al+Co+Cr+Fe+Ni,Al+Co+Cr+Fe+Ni,0.0,0.2263056092843327,0.0,0.0,0.0,0.0,0.0,0.0,0.0,0.0,0.0,0.0,0.0,0.0,0.19342359767891684,0.19342359767891684,0.0,0.0,0.0,0.0,0.0,0.0,0.19342359767891684,0.0,0.0,0.0,0.0,0.0,0.0,0.0,0.0,0.0,0.0,0.0,0.0,0.0,0.0,0.0,0.0,0.0,0.0,0.0,0.0,0.0,0.0,0.19342359767891684,0.0,0.0,0.0,0.0,0.0,0.0,0.0,0.0,0.0,0.0,0.0,0.0,0.0,0.0,0.0,0.0,0.0,0.0,0.0,0.0,0.0,0.0,0.0,0.0,0.0,0.0,0.0,0.0,0.0,0.0,0.0,0.0
CoCrFeNiAl2,5,5,0.0667801489950029,-15.4444444444444,1.56071040904141,6.5,2.75378527364305,0.126622799421484,1.75,1558.99,1.3098680545739803,SS,BCC+BCC,False,True,False,False,1,,Al+Co+Cr+Fe+Ni,Al+Co+Cr+Fe+Ni,0.0,0.3333333333333333,0.0,0.0,0.0,0.0,0.0,0.0,0.0,0.0,0.0,0.0,0.0,0.0,0.16666666666666666,0.16666666666666666,0.0,0.0,0.0,0.0,0.0,0.0,0.16666666666666666,0.0,0.0,0.0,0.0,0.0,0.0,0.0,0.0,0.0,0.0,0.0,0.0,0.0,0.0,0.0,0.0,0.0,0.0,0.0,0.0,0.0,0.0,0.16666666666666666,0.0,0.0,0.0,0.0,0.0,0.0,0.0,0.0,0.0,0.0,0.0,0.0,0.0,0.0,0.0,0.0,0.0,0.0,0.0,0.0,0.0,0.0,0.0,0.0,0.0,0.0,0.0,0.0,0.0,0.0,0.0,0.0
CoCrFeNiNb0.65,5,5,0.0497507442429814,-12.1540062434964,1.59708418636488,7.79569892473118,1.7753336187153,0.117740708001654,1.78924731182796,1994.51612903226,2.1791147086481515,SS+IM,FCC+Laves,True,False,True,False,0,,Co+Cr+Fe+Nb+Ni,Co+Cr+Fe+Nb+Ni,0.0,0.0,0.0,0.0,0.0,0.0,0.0,0.0,0.0,0.0,0.0,0.0,0.0,0.0,0.2150537634408602,0.2150537634408602,0.0,0.0,0.0,0.0,0.0,0.0,0.2150537634408602,0.0,0.0,0.0,0.0,0.0,0.0,0.0,0.0,0.0,0.0,0.0,0.0,0.0,0.0,0.0,0.0,0.0,0.0,0.0,0.13978494623655913,0.0,0.0,0.2150537634408602,0.0,0.0,0.0,0.0,0.0,0.0,0.0,0.0,0.0,0.0,0.0,0.0,0.0,0.0,0.0,0.0,0.0,0.0,0.0,0.0,0.0,0.0,0.0,0.0,0.0,0.0,0.0,0.0,0.0,0.0,0.0,0.0
CoCrFeNiPd,5,5,0.0404043577201601,-5.6,1.6094379124341,8.6,1.49666295470958,0.174882817909593,1.896,1863.01,4.451799246034177,SS,FCC,True,False,False,False,1,FCC,Co+Cr+Fe+Ni+Pd,Co+Cr+Fe+Ni+Pd,0.0,0.0,0.0,0.0,0.0,0.0,0.0,0.0,0.0,0.0,0.0,0.0,0.0,0.0,0.2,0.2,0.0,0.0,0.0,0.0,0.0,0.0,0.2,0.0,0.0,0.0,0.0,0.0,0.0,0.0,0.0,0.0,0.0,0.0,0.0,0.0,0.0,0.0,0.0,0.0,0.0,0.0,0.0,0.0,0.0,0.2,0.0,0.0,0.0,0.0,0.0,0.2,0.0,0.0,0.0,0.0,0.0,0.0,0.0,0.0,0.0,0.0,0.0,0.0,0.0,0.0,0.0,0.0,0.0,0.0,0.0,0.0,0.0,0.0,0.0,0.0,0.0,0.0
CoCrFeNiPd2,5,5,0.0469451741596588,-6.11111111111111,1.56071040904141,8.83333333333333,1.46249406456535,0.195760624800347,1.94666666666667,1857.18333333333,3.943584122996362,SS,FCC,True,False,False,False,1,FCC,Co+Cr+Fe+Ni+Pd,Co+Cr+Fe+Ni+Pd,0.0,0.0,0.0,0.0,0.0,0.0,0.0,0.0,0.0,0.0,0.0,0.0,0.0,0.0,0.16666666666666666,0.16666666666666666,0.0,0.0,0.0,0.0,0.0,0.0,0.16666666666666666,0.0,0.0,0.0,0.0,0.0,0.0,0.0,0.0,0.0,0.0,0.0,0.0,0.0,0.0,0.0,0.0,0.0,0.0,0.0,0.0,0.0,0.0,0.16666666666666666,0.0,0.0,0.0,0.0,0.0,0.3333333333333333,0.0,0.0,0.0,0.0,0.0,0.0,0.0,0.0,0.0,0.0,0.0,0.0,0.0,0.0,0.0,0.0,0.0,0.0,0.0,0.0,0.0,0.0,0.0,0.0,0.0,0.0
CoCrFeNiTa,5,5,0.0571742096859529,-14.4,1.6094379124341,7.6,1.85472369909914,0.15447977213862,1.756,2155.4,2.002967022432469,IM,IM,False,False,True,False,0,,Co+Cr+Fe+Ni+Ta,Co+Cr+Fe+Ni+Ta,0.0,0.0,0.0,0.0,0.0,0.0,0.0,0.0,0.0,0.0,0.0,0.0,0.0,0.0,0.2,0.2,0.0,0.0,0.0,0.0,0.0,0.0,0.2,0.0,0.0,0.0,0.0,0.0,0.0,0.0,0.0,0.0,0.0,0.0,0.0,0.0,0.0,0.0,0.0,0.0,0.0,0.0,0.0,0.0,0.0,0.2,0.0,0.0,0.0,0.0,0.0,0.0,0.0,0.0,0.0,0.0,0.0,0.0,0.0,0.0,0.0,0.0,0.0,0.0,0.0,0.0,0.2,0.0,0.0,0.0,0.0,0.0,0.0,0.0,0.0,0.0,0.0,0.0
Co0.5CrFeNiTi0.5,5,5,0.0561368991524189,-12.25,1.55958115625988,7.625,1.99608992783391,0.12997595931556,1.7775,1893.375,2.0042076428341677,SS+IM,FCC+Ïƒ,True,False,False,False,0,,Co+Cr+Fe+Ni+Ti,Co+Cr+Fe+Ni+Ti,0.0,0.0,0.0,0.0,0.0,0.0,0.0,0.0,0.0,0.0,0.0,0.0,0.0,0.0,0.125,0.25,0.0,0.0,0.0,0.0,0.0,0.0,0.25,0.0,0.0,0.0,0.0,0.0,0.0,0.0,0.0,0.0,0.0,0.0,0.0,0.0,0.0,0.0,0.0,0.0,0.0,0.0,0.0,0.0,0.0,0.25,0.0,0.0,0.0,0.0,0.0,0.0,0.0,0.0,0.0,0.0,0.0,0.0,0.0,0.0,0.0,0.0,0.0,0.0,0.0,0.0,0.0,0.0,0.0,0.125,0.0,0.0,0.0,0.0,0.0,0.0,0.0,0.0
Co1.5CrFeNi1.5Ti,5,5,0.0624799539139624,-15.6111111111111,1.58902691517397,7.75,2.12622513702885,0.138230383378217,1.78583333333333,1862.66666666667,1.576401234844542,SS+IM,FCC+IM,True,False,True,False,0,,Co+Cr+Fe+Ni+Ti,Co+Cr+Fe+Ni+Ti,0.0,0.0,0.0,0.0,0.0,0.0,0.0,0.0,0.0,0.0,0.0,0.0,0.0,0.0,0.25,0.16666666666666666,0.0,0.0,0.0,0.0,0.0,0.0,0.16666666666666666,0.0,0.0,0.0,0.0,0.0,0.0,0.0,0.0,0.0,0.0,0.0,0.0,0.0,0.0,0.0,0.0,0.0,0.0,0.0,0.0,0.0,0.0,0.25,0.0,0.0,0.0,0.0,0.0,0.0,0.0,0.0,0.0,0.0,0.0,0.0,0.0,0.0,0.0,0.0,0.0,0.0,0.0,0.0,0.0,0.0,0.0,0.16666666666666666,0.0,0.0,0.0,0.0,0.0,0.0,0.0,0.0
Co1.5CrFeNi1.5Ti0.5,5,5,0.0488503595199915,-10.7438016528926,1.54659868604851,8.09090909090909,1.88074189687065,0.121865662388638,1.80818181818182,1855.54545454545,2.220881761108196,SS,FCC,True,False,False,False,1,FCC,Co+Cr+Fe+Ni+Ti,Co+Cr+Fe+Ni+Ti,0.0,0.0,0.0,0.0,0.0,0.0,0.0,0.0,0.0,0.0,0.0,0.0,0.0,0.0,0.2727272727272727,0.18181818181818182,0.0,0.0,0.0,0.0,0.0,0.0,0.18181818181818182,0.0,0.0,0.0,0.0,0.0,0.0,0.0,0.0,0.0,0.0,0.0,0.0,0.0,0.0,0.0,0.0,0.0,0.0,0.0,0.0,0.0,0.0,0.2727272727272727,0.0,0.0,0.0,0.0,0.0,0.0,0.0,0.0,0.0,0.0,0.0,0.0,0.0,0.0,0.0,0.0,0.0,0.0,0.0,0.0,0.0,0.0,0.0,0.09090909090909091,0.0,0.0,0.0,0.0,0.0,0.0,0.0,0.0
CoCrFeNiTi,5,5,0.066805618329424,-16.32,1.6094379124341,7.4,2.1540659228538,0.14150618361047,1.764,1885.6,1.5461008810287693,SS,FCC,True,False,False,False,1,FCC,Co+Cr+Fe+Ni+Ti,Co+Cr+Fe+Ni+Ti,0.0,0.0,0.0,0.0,0.0,0.0,0.0,0.0,0.0,0.0,0.0,0.0,0.0,0.0,0.2,0.2,0.0,0.0,0.0,0.0,0.0,0.0,0.2,0.0,0.0,0.0,0.0,0.0,0.0,0.0,0.0,0.0,0.0,0.0,0.0,0.0,0.0,0.0,0.0,0.0,0.0,0.0,0.0,0.0,0.0,0.2,0.0,0.0,0.0,0.0,0.0,0.0,0.0,0.0,0.0,0.0,0.0,0.0,0.0,0.0,0.0,0.0,0.0,0.0,0.0,0.0,0.0,0.0,0.0,0.2,0.0,0.0,0.0,0.0,0.0,0.0,0.0,0.0
CoCrFeNiTi0.3,5,5,0.0435548966078359,-8.89129259058951,1.54261312532691,7.95348837209302,1.79084867983055,0.117413074989436,1.80046511627907,1876.58139534884,2.7070340070081857,SS+IM,FCC+HCP+L12,True,False,True,True,0,,Co+Cr+Fe+Ni+Ti,Co+Cr+Fe+Ni+Ti,0.0,0.0,0.0,0.0,0.0,0.0,0.0,0.0,0.0,0.0,0.0,0.0,0.0,0.0,0.23255813953488372,0.23255813953488372,0.0,0.0,0.0,0.0,0.0,0.0,0.23255813953488372,0.0,0.0,0.0,0.0,0.0,0.0,0.0,0.0,0.0,0.0,0.0,0.0,0.0,0.0,0.0,0.0,0.0,0.0,0.0,0.0,0.0,0.0,0.23255813953488372,0.0,0.0,0.0,0.0,0.0,0.0,0.0,0.0,0.0,0.0,0.0,0.0,0.0,0.0,0.0,0.0,0.0,0.0,0.0,0.0,0.0,0.0,0.0,0.06976744186046512,0.0,0.0,0.0,0.0,0.0,0.0,0.0,0.0
CoCrFeNiTi0.5,5,5,0.0533103603334546,-11.5555555555556,1.58109375017182,7.77777777777778,1.9309052441092,0.126705647023542,1.78888888888889,1879.44444444444,2.1381120929630075,IM,IM,False,False,True,False,0,,Co+Cr+Fe+Ni+Ti,Co+Cr+Fe+Ni+Ti,0.0,0.0,0.0,0.0,0.0,0.0,0.0,0.0,0.0,0.0,0.0,0.0,0.0,0.0,0.2222222222222222,0.2222222222222222,0.0,0.0,0.0,0.0,0.0,0.0,0.2222222222222222,0.0,0.0,0.0,0.0,0.0,0.0,0.0,0.0,0.0,0.0,0.0,0.0,0.0,0.0,0.0,0.0,0.0,0.0,0.0,0.0,0.0,0.0,0.2222222222222222,0.0,0.0,0.0,0.0,0.0,0.0,0.0,0.0,0.0,0.0,0.0,0.0,0.0,0.0,0.0,0.0,0.0,0.0,0.0,0.0,0.0,0.0,0.0,0.1111111111111111,0.0,0.0,0.0,0.0,0.0,0.0,0.0,0.0
CoCrFeNiV,5,5,0.0221355874657847,-8.96,1.6094379124341,7.6,1.85472369909914,0.115134703716994,1.782,1934.0,2.888396916089453,IM,IM,False,False,True,False,0,,Co+Cr+Fe+Ni+V,Co+Cr+Fe+Ni+V,0.0,0.0,0.0,0.0,0.0,0.0,0.0,0.0,0.0,0.0,0.0,0.0,0.0,0.0,0.2,0.2,0.0,0.0,0.0,0.0,0.0,0.0,0.2,0.0,0.0,0.0,0.0,0.0,0.0,0.0,0.0,0.0,0.0,0.0,0.0,0.0,0.0,0.0,0.0,0.0,0.0,0.0,0.0,0.0,0.0,0.2,0.0,0.0,0.0,0.0,0.0,0.0,0.0,0.0,0.0,0.0,0.0,0.0,0.0,0.0,0.0,0.0,0.0,0.0,0.0,0.0,0.0,0.0,0.0,0.0,0.0,0.0,0.2,0.0,0.0,0.0,0.0,0.0
CoCrFeNiW,5,5,0.0379429013397095,-2.88,1.6094379124341,7.8,1.6,0.232671442166846,1.928,2236.4,10.39119293163212,IM,IM,False,False,True,False,0,,Co+Cr+Fe+Ni+W,Co+Cr+Fe+Ni+W,0.0,0.0,0.0,0.0,0.0,0.0,0.0,0.0,0.0,0.0,0.0,0.0,0.0,0.0,0.2,0.2,0.0,0.0,0.0,0.0,0.0,0.0,0.2,0.0,0.0,0.0,0.0,0.0,0.0,0.0,0.0,0.0,0.0,0.0,0.0,0.0,0.0,0.0,0.0,0.0,0.0,0.0,0.0,0.0,0.0,0.2,0.0,0.0,0.0,0.0,0.0,0.0,0.0,0.0,0.0,0.0,0.0,0.0,0.0,0.0,0.0,0.0,0.0,0.0,0.0,0.0,0.0,0.0,0.0,0.0,0.0,0.0,0.0,0.2,0.0,0.0,0.0,0.0
CoCrFeNiY,5,5,0.163592244869444,-9.28,1.6094379124341,7.2,2.48193472919817,0.255107820342694,1.7,1857.2,2.678052652564228,IM,IM,False,False,True,False,0,,Co+Cr+Fe+Ni+Y,Co+Cr+Fe+Ni+Y,0.0,0.0,0.0,0.0,0.0,0.0,0.0,0.0,0.0,0.0,0.0,0.0,0.0,0.0,0.2,0.2,0.0,0.0,0.0,0.0,0.0,0.0,0.2,0.0,0.0,0.0,0.0,0.0,0.0,0.0,0.0,0.0,0.0,0.0,0.0,0.0,0.0,0.0,0.0,0.0,0.0,0.0,0.0,0.0,0.0,0.2,0.0,0.0,0.0,0.0,0.0,0.0,0.0,0.0,0.0,0.0,0.0,0.0,0.0,0.0,0.0,0.0,0.0,0.0,0.0,0.0,0.0,0.0,0.0,0.0,0.0,0.0,0.0,0.0,0.2,0.0,0.0,0.0
CoCrFeNiZr,5,5,0.108148572836162,-22.72,1.6094379124341,7.4,2.1540659228538,0.214233517452335,1.722,1923.0,1.1326073346484735,IM,IM,False,False,True,False,0,,Co+Cr+Fe+Ni+Zr,Co+Cr+Fe+Ni+Zr,0.0,0.0,0.0,0.0,0.0,0.0,0.0,0.0,0.0,0.0,0.0,0.0,0.0,0.0,0.2,0.2,0.0,0.0,0.0,0.0,0.0,0.0,0.2,0.0,0.0,0.0,0.0,0.0,0.0,0.0,0.0,0.0,0.0,0.0,0.0,0.0,0.0,0.0,0.0,0.0,0.0,0.0,0.0,0.0,0.0,0.2,0.0,0.0,0.0,0.0,0.0,0.0,0.0,0.0,0.0,0.0,0.0,0.0,0.0,0.0,0.0,0.0,0.0,0.0,0.0,0.0,0.0,0.0,0.0,0.0,0.0,0.0,0.0,0.0,0.0,0.0,0.0,0.2
CoCrNiTiV,5,5,0.0634798417469529,-18.72,1.6094379124341,6.8,2.31516738055805,0.145409765834348,1.724,1960.0,1.401066146554143,IM,IM,False,False,True,False,0,,Co+Cr+Ni+Ti+V,Co+Cr+Ni+Ti+V,0.0,0.0,0.0,0.0,0.0,0.0,0.0,0.0,0.0,0.0,0.0,0.0,0.0,0.0,0.2,0.2,0.0,0.0,0.0,0.0,0.0,0.0,0.0,0.0,0.0,0.0,0.0,0.0,0.0,0.0,0.0,0.0,0.0,0.0,0.0,0.0,0.0,0.0,0.0,0.0,0.0,0.0,0.0,0.0,0.0,0.2,0.0,0.0,0.0,0.0,0.0,0.0,0.0,0.0,0.0,0.0,0.0,0.0,0.0,0.0,0.0,0.0,0.0,0.0,0.0,0.0,0.0,0.0,0.0,0.2,0.0,0.0,0.2,0.0,0.0,0.0,0.0,0.0
CoCuFeMnNi,5,5,0.0317893412710279,1.76,1.6094379124341,9.0,1.4142135623731,0.134848062648301,1.814,1636.754,12.444548817139994,SS,FCC,True,False,False,False,1,FCC,Co+Cu+Fe+Mn+Ni,Co+Cu+Fe+Mn+Ni,0.0,0.0,0.0,0.0,0.0,0.0,0.0,0.0,0.0,0.0,0.0,0.0,0.0,0.0,0.2,0.0,0.0,0.2,0.0,0.0,0.0,0.0,0.2,0.0,0.0,0.0,0.0,0.0,0.0,0.0,0.0,0.0,0.0,0.0,0.0,0.0,0.0,0.0,0.2,0.0,0.0,0.0,0.0,0.0,0.0,0.2,0.0,0.0,0.0,0.0,0.0,0.0,0.0,0.0,0.0,0.0,0.0,0.0,0.0,0.0,0.0,0.0,0.0,0.0,0.0,0.0,0.0,0.0,0.0,0.0,0.0,0.0,0.0,0.0,0.0,0.0,0.0,0.0
CoCuFeNiSn0.02,5,5,0.0234414956476432,5.01967773074924,1.41074470365296,9.4726368159204,1.18047865847808,0.0312562956208857,1.88039800995025,1660.41582089552,3.8799277683280033,SS,FCC,True,False,False,False,1,FCC,Co+Cu+Fe+Ni+Sn,Co+Cu+Fe+Ni+Sn,0.0,0.0,0.0,0.0,0.0,0.0,0.0,0.0,0.0,0.0,0.0,0.0,0.0,0.0,0.24875621890547267,0.0,0.0,0.24875621890547267,0.0,0.0,0.0,0.0,0.24875621890547267,0.0,0.0,0.0,0.0,0.0,0.0,0.0,0.0,0.0,0.0,0.0,0.0,0.0,0.0,0.0,0.0,0.0,0.0,0.0,0.0,0.0,0.0,0.24875621890547267,0.0,0.0,0.0,0.0,0.0,0.0,0.0,0.0,0.0,0.0,0.0,0.0,0.0,0.0,0.0,0.0,0.0,0.0,0.0049751243781094535,0.0,0.0,0.0,0.0,0.0,0.0,0.0,0.0,0.0,0.0,0.0,0.0,0.0
CoCuFeNiSn0.04,5,5,0.0309561814716757,5.03872169395157,1.42811474964502,9.44554455445545,1.23861346566305,0.0316754322238542,1.88079207920792,1654.69633663366,3.8993769811630803,SS+IM,FCC+IM,True,False,True,False,0,,Co+Cu+Fe+Ni+Sn,Co+Cu+Fe+Ni+Sn,0.0,0.0,0.0,0.0,0.0,0.0,0.0,0.0,0.0,0.0,0.0,0.0,0.0,0.0,0.24752475247524752,0.0,0.0,0.24752475247524752,0.0,0.0,0.0,0.0,0.24752475247524752,0.0,0.0,0.0,0.0,0.0,0.0,0.0,0.0,0.0,0.0,0.0,0.0,0.0,0.0,0.0,0.0,0.0,0.0,0.0,0.0,0.0,0.0,0.24752475247524752,0.0,0.0,0.0,0.0,0.0,0.0,0.0,0.0,0.0,0.0,0.0,0.0,0.0,0.0,0.0,0.0,0.0,0.0,0.009900990099009901,0.0,0.0,0.0,0.0,0.0,0.0,0.0,0.0,0.0,0.0,0.0,0.0,0.0
CoCuFeNiSn0.05,5,5,0.034040677129722,5.0480109739369,1.43570123017467,9.4320987654321,1.26625989184771,0.0318795936228728,1.88098765432099,1651.85777777778,3.906165318632035,SS+IM,FCC+IM,True,False,True,False,0,,Co+Cu+Fe+Ni+Sn,Co+Cu+Fe+Ni+Sn,0.0,0.0,0.0,0.0,0.0,0.0,0.0,0.0,0.0,0.0,0.0,0.0,0.0,0.0,0.2469135802469136,0.0,0.0,0.2469135802469136,0.0,0.0,0.0,0.0,0.2469135802469136,0.0,0.0,0.0,0.0,0.0,0.0,0.0,0.0,0.0,0.0,0.0,0.0,0.0,0.0,0.0,0.0,0.0,0.0,0.0,0.0,0.0,0.0,0.2469135802469136,0.0,0.0,0.0,0.0,0.0,0.0,0.0,0.0,0.0,0.0,0.0,0.0,0.0,0.0,0.0,0.0,0.0,0.0,0.01234567901234568,0.0,0.0,0.0,0.0,0.0,0.0,0.0,0.0,0.0,0.0,0.0,0.0,0.0
CoCuFeNiSn0.07,5,5,0.0393967166149855,5.06613381306256,1.44937965856637,9.4054054054054,1.31902363945647,0.0322775693648379,1.88137592137592,1646.22250614251,3.915869634360043,SS+IM,FCC+IM,True,False,True,False,0,,Co+Cu+Fe+Ni+Sn,Co+Cu+Fe+Ni+Sn,0.0,0.0,0.0,0.0,0.0,0.0,0.0,0.0,0.0,0.0,0.0,0.0,0.0,0.0,0.24570024570024568,0.0,0.0,0.24570024570024568,0.0,0.0,0.0,0.0,0.24570024570024568,0.0,0.0,0.0,0.0,0.0,0.0,0.0,0.0,0.0,0.0,0.0,0.0,0.0,0.0,0.0,0.0,0.0,0.0,0.0,0.0,0.0,0.0,0.24570024570024568,0.0,0.0,0.0,0.0,0.0,0.0,0.0,0.0,0.0,0.0,0.0,0.0,0.0,0.0,0.0,0.0,0.0,0.0,0.0171990171990172,0.0,0.0,0.0,0.0,0.0,0.0,0.0,0.0,0.0,0.0,0.0,0.0,0.0
CoCuFeNiSn0.1,5,5,0.0460820926844327,5.09220701963117,1.46714758573451,9.36585365853659,1.39259535840197,0.0328499554289426,1.8819512195122,1637.87268292683,3.9235760670230055,SS+IM,FCC+IM,True,False,True,False,0,,Co+Cu+Fe+Ni+Sn,Co+Cu+Fe+Ni+Sn,0.0,0.0,0.0,0.0,0.0,0.0,0.0,0.0,0.0,0.0,0.0,0.0,0.0,0.0,0.24390243902439027,0.0,0.0,0.24390243902439027,0.0,0.0,0.0,0.0,0.24390243902439027,0.0,0.0,0.0,0.0,0.0,0.0,0.0,0.0,0.0,0.0,0.0,0.0,0.0,0.0,0.0,0.0,0.0,0.0,0.0,0.0,0.0,0.0,0.24390243902439027,0.0,0.0,0.0,0.0,0.0,0.0,0.0,0.0,0.0,0.0,0.0,0.0,0.0,0.0,0.0,0.0,0.0,0.0,0.02439024390243903,0.0,0.0,0.0,0.0,0.0,0.0,0.0,0.0,0.0,0.0,0.0,0.0,0.0
CoCuFeNiSn0.2,5,5,0.0622783491293171,5.17006802721089,1.51172442588142,9.23809523809524,1.60073679180682,0.0345689360245362,1.88380952380952,1610.90142857143,3.9163322096759496,SS+IM,FCC+IM,True,False,True,False,0,,Co+Cu+Fe+Ni+Sn,Co+Cu+Fe+Ni+Sn,0.0,0.0,0.0,0.0,0.0,0.0,0.0,0.0,0.0,0.0,0.0,0.0,0.0,0.0,0.23809523809523808,0.0,0.0,0.23809523809523808,0.0,0.0,0.0,0.0,0.23809523809523808,0.0,0.0,0.0,0.0,0.0,0.0,0.0,0.0,0.0,0.0,0.0,0.0,0.0,0.0,0.0,0.0,0.0,0.0,0.0,0.0,0.0,0.0,0.23809523809523808,0.0,0.0,0.0,0.0,0.0,0.0,0.0,0.0,0.0,0.0,0.0,0.0,0.0,0.0,0.0,0.0,0.0,0.0,0.047619047619047616,0.0,0.0,0.0,0.0,0.0,0.0,0.0,0.0,0.0,0.0,0.0,0.0,0.0
CoCuFeNiSn0.5,5,5,0.0894517426887957,5.33333333333333,1.58109375017182,8.88888888888889,2.0245407953654,0.0384258143684235,1.88888888888889,1537.18,3.788940666135827,SS+IM,FCC+IM,True,False,True,False,0,,Co+Cu+Fe+Ni+Sn,Co+Cu+Fe+Ni+Sn,0.0,0.0,0.0,0.0,0.0,0.0,0.0,0.0,0.0,0.0,0.0,0.0,0.0,0.0,0.2222222222222222,0.0,0.0,0.2222222222222222,0.0,0.0,0.0,0.0,0.2222222222222222,0.0,0.0,0.0,0.0,0.0,0.0,0.0,0.0,0.0,0.0,0.0,0.0,0.0,0.0,0.0,0.0,0.0,0.0,0.0,0.0,0.0,0.0,0.2222222222222222,0.0,0.0,0.0,0.0,0.0,0.0,0.0,0.0,0.0,0.0,0.0,0.0,0.0,0.0,0.0,0.0,0.0,0.0,0.1111111111111111,0.0,0.0,0.0,0.0,0.0,0.0,0.0,0.0,0.0,0.0,0.0,0.0,0.0
CoCuFeNiTi,5,5,0.0649717749728378,-11.04,1.6094379124341,8.4,2.41660919471891,0.138765990069613,1.812,1721.154,2.0862150287010586,SS,FCC,True,False,False,False,1,FCC,Co+Cu+Fe+Ni+Ti,Co+Cu+Fe+Ni+Ti,0.0,0.0,0.0,0.0,0.0,0.0,0.0,0.0,0.0,0.0,0.0,0.0,0.0,0.0,0.2,0.0,0.0,0.2,0.0,0.0,0.0,0.0,0.2,0.0,0.0,0.0,0.0,0.0,0.0,0.0,0.0,0.0,0.0,0.0,0.0,0.0,0.0,0.0,0.0,0.0,0.0,0.0,0.0,0.0,0.0,0.2,0.0,0.0,0.0,0.0,0.0,0.0,0.0,0.0,0.0,0.0,0.0,0.0,0.0,0.0,0.0,0.0,0.0,0.0,0.0,0.0,0.0,0.0,0.0,0.2,0.0,0.0,0.0,0.0,0.0,0.0,0.0,0.0
CoCuFeNiV,5,5,0.0220342084328556,-2.24,1.6094379124341,8.6,2.0591260281974,0.10373041983912,1.83,1769.554,10.571198172603424,SS,FCC,True,False,False,False,1,FCC,Co+Cu+Fe+Ni+V,Co+Cu+Fe+Ni+V,0.0,0.0,0.0,0.0,0.0,0.0,0.0,0.0,0.0,0.0,0.0,0.0,0.0,0.0,0.2,0.0,0.0,0.2,0.0,0.0,0.0,0.0,0.2,0.0,0.0,0.0,0.0,0.0,0.0,0.0,0.0,0.0,0.0,0.0,0.0,0.0,0.0,0.0,0.0,0.0,0.0,0.0,0.0,0.0,0.0,0.2,0.0,0.0,0.0,0.0,0.0,0.0,0.0,0.0,0.0,0.0,0.0,0.0,0.0,0.0,0.0,0.0,0.0,0.0,0.0,0.0,0.0,0.0,0.0,0.0,0.0,0.0,0.2,0.0,0.0,0.0,0.0,0.0
CoCuHfTiZr,5,5,0.102415551572787,-23.52,1.6094379124341,6.4,3.00665927567458,0.258611678003914,1.59,1940.154,1.103842976380286,SS,AM,False,False,False,False,1,,Co+Cu+Hf+Ti+Zr,Co+Cu+Hf+Ti+Zr,0.0,0.0,0.0,0.0,0.0,0.0,0.0,0.0,0.0,0.0,0.0,0.0,0.0,0.0,0.2,0.0,0.0,0.2,0.0,0.0,0.0,0.0,0.0,0.0,0.0,0.0,0.0,0.2,0.0,0.0,0.0,0.0,0.0,0.0,0.0,0.0,0.0,0.0,0.0,0.0,0.0,0.0,0.0,0.0,0.0,0.0,0.0,0.0,0.0,0.0,0.0,0.0,0.0,0.0,0.0,0.0,0.0,0.0,0.0,0.0,0.0,0.0,0.0,0.0,0.0,0.0,0.0,0.0,0.0,0.2,0.0,0.0,0.0,0.0,0.0,0.0,0.0,0.2
CoFeMnMoNi,5,5,0.042149755495435,-4.0,1.6094379124341,8.0,1.4142135623731,0.194792196968975,1.866,1944.4,6.504801281573581,SS+IM,FCC+D85,True,False,True,False,0,,Co+Fe+Mn+Mo+Ni,Co+Fe+Mn+Mo+Ni,0.0,0.0,0.0,0.0,0.0,0.0,0.0,0.0,0.0,0.0,0.0,0.0,0.0,0.0,0.2,0.0,0.0,0.0,0.0,0.0,0.0,0.0,0.2,0.0,0.0,0.0,0.0,0.0,0.0,0.0,0.0,0.0,0.0,0.0,0.0,0.0,0.0,0.0,0.2,0.2,0.0,0.0,0.0,0.0,0.0,0.2,0.0,0.0,0.0,0.0,0.0,0.0,0.0,0.0,0.0,0.0,0.0,0.0,0.0,0.0,0.0,0.0,0.0,0.0,0.0,0.0,0.0,0.0,0.0,0.0,0.0,0.0,0.0,0.0,0.0,0.0,0.0,0.0
CoFeMo0.2NiV,5,5,0.0288194361918999,-10.1587301587302,1.51172442588142,7.9047619047619,1.87476377952662,0.129721487807892,1.82904761904762,1921.2380952381,2.377106175389669,SS+IM,FCC+IM,True,False,True,False,0,,Co+Fe+Mo+Ni+V,Co+Fe+Mo+Ni+V,0.0,0.0,0.0,0.0,0.0,0.0,0.0,0.0,0.0,0.0,0.0,0.0,0.0,0.0,0.23809523809523808,0.0,0.0,0.0,0.0,0.0,0.0,0.0,0.23809523809523808,0.0,0.0,0.0,0.0,0.0,0.0,0.0,0.0,0.0,0.0,0.0,0.0,0.0,0.0,0.0,0.0,0.047619047619047616,0.0,0.0,0.0,0.0,0.0,0.23809523809523808,0.0,0.0,0.0,0.0,0.0,0.0,0.0,0.0,0.0,0.0,0.0,0.0,0.0,0.0,0.0,0.0,0.0,0.0,0.0,0.0,0.0,0.0,0.0,0.0,0.0,0.0,0.23809523809523808,0.0,0.0,0.0,0.0,0.0
CoFeMo0.4NiV,5,5,0.0320632002347154,-9.83471074380165,1.56490369836732,7.81818181818182,1.8741389207353,0.144274331204924,1.84409090909091,1965.54545454545,2.60041883216241,SS+IM,FCC+IM,True,False,True,False,0,,Co+Fe+Mo+Ni+V,Co+Fe+Mo+Ni+V,0.0,0.0,0.0,0.0,0.0,0.0,0.0,0.0,0.0,0.0,0.0,0.0,0.0,0.0,0.22727272727272727,0.0,0.0,0.0,0.0,0.0,0.0,0.0,0.22727272727272727,0.0,0.0,0.0,0.0,0.0,0.0,0.0,0.0,0.0,0.0,0.0,0.0,0.0,0.0,0.0,0.0,0.09090909090909091,0.0,0.0,0.0,0.0,0.0,0.22727272727272727,0.0,0.0,0.0,0.0,0.0,0.0,0.0,0.0,0.0,0.0,0.0,0.0,0.0,0.0,0.0,0.0,0.0,0.0,0.0,0.0,0.0,0.0,0.0,0.0,0.0,0.0,0.22727272727272727,0.0,0.0,0.0,0.0,0.0
CoFeMo0.6NiV,5,5,0.0344403088608432,-9.52741020793951,1.59268573268192,7.73913043478261,1.87007071022666,0.155114446436764,1.85782608695652,2006.0,2.788176991371108,SS+IM,FCC+IM,True,False,True,False,0,,Co+Fe+Mo+Ni+V,Co+Fe+Mo+Ni+V,0.0,0.0,0.0,0.0,0.0,0.0,0.0,0.0,0.0,0.0,0.0,0.0,0.0,0.0,0.2173913043478261,0.0,0.0,0.0,0.0,0.0,0.0,0.0,0.2173913043478261,0.0,0.0,0.0,0.0,0.0,0.0,0.0,0.0,0.0,0.0,0.0,0.0,0.0,0.0,0.0,0.0,0.13043478260869565,0.0,0.0,0.0,0.0,0.0,0.2173913043478261,0.0,0.0,0.0,0.0,0.0,0.0,0.0,0.0,0.0,0.0,0.0,0.0,0.0,0.0,0.0,0.0,0.0,0.0,0.0,0.0,0.0,0.0,0.0,0.0,0.0,0.0,0.2173913043478261,0.0,0.0,0.0,0.0,0.0
CoFeMo0.8NiV,5,5,0.0362317802421608,-9.23611111111111,1.60580650979955,7.66666666666667,1.86338998124982,0.163413564478459,1.87041666666667,2043.08333333333,2.953414014562619,SS+IM,FCC+IM,True,False,True,False,0,,Co+Fe+Mo+Ni+V,Co+Fe+Mo+Ni+V,0.0,0.0,0.0,0.0,0.0,0.0,0.0,0.0,0.0,0.0,0.0,0.0,0.0,0.0,0.20833333333333334,0.0,0.0,0.0,0.0,0.0,0.0,0.0,0.20833333333333334,0.0,0.0,0.0,0.0,0.0,0.0,0.0,0.0,0.0,0.0,0.0,0.0,0.0,0.0,0.0,0.0,0.16666666666666669,0.0,0.0,0.0,0.0,0.0,0.20833333333333334,0.0,0.0,0.0,0.0,0.0,0.0,0.0,0.0,0.0,0.0,0.0,0.0,0.0,0.0,0.0,0.0,0.0,0.0,0.0,0.0,0.0,0.0,0.0,0.0,0.0,0.0,0.20833333333333334,0.0,0.0,0.0,0.0,0.0
CoFeMoNi1.2V,5,5,0.0373383941133404,-9.08284023668639,1.60658442017339,7.69230769230769,1.87635552579238,0.166658776933572,1.88307692307692,2063.76923076923,3.035129278020893,SS+IM,FCC+IM,True,False,True,False,0,,Co+Fe+Mo+Ni+V,Co+Fe+Mo+Ni+V,0.0,0.0,0.0,0.0,0.0,0.0,0.0,0.0,0.0,0.0,0.0,0.0,0.0,0.0,0.1923076923076923,0.0,0.0,0.0,0.0,0.0,0.0,0.0,0.1923076923076923,0.0,0.0,0.0,0.0,0.0,0.0,0.0,0.0,0.0,0.0,0.0,0.0,0.0,0.0,0.0,0.0,0.1923076923076923,0.0,0.0,0.0,0.0,0.0,0.23076923076923075,0.0,0.0,0.0,0.0,0.0,0.0,0.0,0.0,0.0,0.0,0.0,0.0,0.0,0.0,0.0,0.0,0.0,0.0,0.0,0.0,0.0,0.0,0.0,0.0,0.0,0.0,0.1923076923076923,0.0,0.0,0.0,0.0,0.0
CoFeMoNi1.4V,5,5,0.0370599267182912,-9.16323731138546,1.59916541074251,7.77777777777778,1.89215404065849,0.163622403140059,1.88407407407407,2051.33333333333,2.976561606754694,SS+IM,FCC+IM,True,False,True,False,0,,Co+Fe+Mo+Ni+V,Co+Fe+Mo+Ni+V,0.0,0.0,0.0,0.0,0.0,0.0,0.0,0.0,0.0,0.0,0.0,0.0,0.0,0.0,0.18518518518518517,0.0,0.0,0.0,0.0,0.0,0.0,0.0,0.18518518518518517,0.0,0.0,0.0,0.0,0.0,0.0,0.0,0.0,0.0,0.0,0.0,0.0,0.0,0.0,0.0,0.0,0.18518518518518517,0.0,0.0,0.0,0.0,0.0,0.25925925925925924,0.0,0.0,0.0,0.0,0.0,0.0,0.0,0.0,0.0,0.0,0.0,0.0,0.0,0.0,0.0,0.0,0.0,0.0,0.0,0.0,0.0,0.0,0.0,0.0,0.0,0.0,0.18518518518518517,0.0,0.0,0.0,0.0,0.0
CoFeMoNi1.6V,5,5,0.0367719953379574,-9.20918367346939,1.58847984652804,7.85714285714286,1.90327322778203,0.16074602861124,1.885,2039.78571428571,2.9253599088023305,SS+IM,FCC+IM,True,False,True,False,0,,Co+Fe+Mo+Ni+V,Co+Fe+Mo+Ni+V,0.0,0.0,0.0,0.0,0.0,0.0,0.0,0.0,0.0,0.0,0.0,0.0,0.0,0.0,0.17857142857142858,0.0,0.0,0.0,0.0,0.0,0.0,0.0,0.17857142857142858,0.0,0.0,0.0,0.0,0.0,0.0,0.0,0.0,0.0,0.0,0.0,0.0,0.0,0.0,0.0,0.0,0.17857142857142858,0.0,0.0,0.0,0.0,0.0,0.28571428571428575,0.0,0.0,0.0,0.0,0.0,0.0,0.0,0.0,0.0,0.0,0.0,0.0,0.0,0.0,0.0,0.0,0.0,0.0,0.0,0.0,0.0,0.0,0.0,0.0,0.0,0.0,0.17857142857142858,0.0,0.0,0.0,0.0,0.0
CoFeMoNi1.8V,5,5,0.0364777715243175,-9.22711058263972,1.57544136637585,7.93103448275862,1.91060623133725,0.158016089127992,1.88586206896552,2029.03448275862,2.8804486135806195,SS+IM,FCC+IM,True,False,True,False,0,,Co+Fe+Mo+Ni+V,Co+Fe+Mo+Ni+V,0.0,0.0,0.0,0.0,0.0,0.0,0.0,0.0,0.0,0.0,0.0,0.0,0.0,0.0,0.1724137931034483,0.0,0.0,0.0,0.0,0.0,0.0,0.0,0.1724137931034483,0.0,0.0,0.0,0.0,0.0,0.0,0.0,0.0,0.0,0.0,0.0,0.0,0.0,0.0,0.0,0.0,0.1724137931034483,0.0,0.0,0.0,0.0,0.0,0.3103448275862069,0.0,0.0,0.0,0.0,0.0,0.0,0.0,0.0,0.0,0.0,0.0,0.0,0.0,0.0,0.0,0.0,0.0,0.0,0.0,0.0,0.0,0.0,0.0,0.0,0.0,0.0,0.1724137931034483,0.0,0.0,0.0,0.0,0.0
CoFeMoNi2V,5,5,0.0361797440533802,-9.22222222222222,1.56071040904141,8.0,1.91485421551268,0.15542057635833,1.88666666666667,2019.0,2.840908511462862,SS+IM,FCC+IM,True,False,True,False,0,,Co+Fe+Mo+Ni+V,Co+Fe+Mo+Ni+V,0.0,0.0,0.0,0.0,0.0,0.0,0.0,0.0,0.0,0.0,0.0,0.0,0.0,0.0,0.16666666666666666,0.0,0.0,0.0,0.0,0.0,0.0,0.0,0.16666666666666666,0.0,0.0,0.0,0.0,0.0,0.0,0.0,0.0,0.0,0.0,0.0,0.0,0.0,0.0,0.0,0.0,0.16666666666666666,0.0,0.0,0.0,0.0,0.0,0.3333333333333333,0.0,0.0,0.0,0.0,0.0,0.0,0.0,0.0,0.0,0.0,0.0,0.0,0.0,0.0,0.0,0.0,0.0,0.0,0.0,0.0,0.0,0.0,0.0,0.0,0.0,0.0,0.16666666666666666,0.0,0.0,0.0,0.0,0.0
CoFeMoNiV,5,5,0.0376033414918282,-8.96,1.6094379124341,7.6,1.85472369909914,0.169870538940689,1.882,2077.2,3.102263740486562,SS+IM,FCC+IM,True,False,True,False,0,,Co+Fe+Mo+Ni+V,Co+Fe+Mo+Ni+V,0.0,0.0,0.0,0.0,0.0,0.0,0.0,0.0,0.0,0.0,0.0,0.0,0.0,0.0,0.2,0.0,0.0,0.0,0.0,0.0,0.0,0.0,0.2,0.0,0.0,0.0,0.0,0.0,0.0,0.0,0.0,0.0,0.0,0.0,0.0,0.0,0.0,0.0,0.0,0.2,0.0,0.0,0.0,0.0,0.0,0.2,0.0,0.0,0.0,0.0,0.0,0.0,0.0,0.0,0.0,0.0,0.0,0.0,0.0,0.0,0.0,0.0,0.0,0.0,0.0,0.0,0.0,0.0,0.0,0.0,0.0,0.0,0.2,0.0,0.0,0.0,0.0,0.0
CoFeNb0.75Ni2V0.5,5,5,0.0505805037195753,-15.9092970521542,1.50128346393666,8.23809523809524,1.9494751895675,0.118908490129777,1.81809523809524,1940.7619047619,1.5227133455080146,IM,IM,False,False,True,False,0,,Co+Fe+Nb+Ni+V,Co+Fe+Nb+Ni+V,0.0,0.0,0.0,0.0,0.0,0.0,0.0,0.0,0.0,0.0,0.0,0.0,0.0,0.0,0.19047619047619047,0.0,0.0,0.0,0.0,0.0,0.0,0.0,0.19047619047619047,0.0,0.0,0.0,0.0,0.0,0.0,0.0,0.0,0.0,0.0,0.0,0.0,0.0,0.0,0.0,0.0,0.0,0.0,0.0,0.14285714285714285,0.0,0.0,0.38095238095238093,0.0,0.0,0.0,0.0,0.0,0.0,0.0,0.0,0.0,0.0,0.0,0.0,0.0,0.0,0.0,0.0,0.0,0.0,0.0,0.0,0.0,0.0,0.0,0.0,0.0,0.0,0.09523809523809523,0.0,0.0,0.0,0.0,0.0
Co25Fe25Ni10Ti30V10,5,5,0.0733530718929023,-21.21,1.51485604045654,6.95,2.29074223779106,0.151699538562251,1.7435,1868.15,1.1093705273314092,IM,IM,False,False,True,False,0,,Co+Fe+Ni+Ti+V,Co+Fe+Ni+Ti+V,0.0,0.0,0.0,0.0,0.0,0.0,0.0,0.0,0.0,0.0,0.0,0.0,0.0,0.0,0.25,0.0,0.0,0.0,0.0,0.0,0.0,0.0,0.25,0.0,0.0,0.0,0.0,0.0,0.0,0.0,0.0,0.0,0.0,0.0,0.0,0.0,0.0,0.0,0.0,0.0,0.0,0.0,0.0,0.0,0.0,0.1,0.0,0.0,0.0,0.0,0.0,0.0,0.0,0.0,0.0,0.0,0.0,0.0,0.0,0.0,0.0,0.0,0.0,0.0,0.0,0.0,0.0,0.0,0.0,0.3,0.0,0.0,0.1,0.0,0.0,0.0,0.0,0.0
Co28.75Fe31.25Ni7.5Ti30V2.5,5,5,0.0751283319731062,-20.548125,1.36954656351245,7.1625,2.21609876810579,0.1493271890012,1.758375,1840.7125,1.0200577272894824,IM,IM,False,False,True,False,0,,Co+Fe+Ni+Ti+V,Co+Fe+Ni+Ti+V,0.0,0.0,0.0,0.0,0.0,0.0,0.0,0.0,0.0,0.0,0.0,0.0,0.0,0.0,0.2875,0.0,0.0,0.0,0.0,0.0,0.0,0.0,0.3125,0.0,0.0,0.0,0.0,0.0,0.0,0.0,0.0,0.0,0.0,0.0,0.0,0.0,0.0,0.0,0.0,0.0,0.0,0.0,0.0,0.0,0.0,0.075,0.0,0.0,0.0,0.0,0.0,0.0,0.0,0.0,0.0,0.0,0.0,0.0,0.0,0.0,0.0,0.0,0.0,0.0,0.0,0.0,0.0,0.0,0.0,0.3,0.0,0.0,0.025,0.0,0.0,0.0,0.0,0.0
CoFeNi1.4VMo,5,5,0.0370599267182912,-9.16323731138546,1.59916541074251,7.77777777777778,1.89215404065849,0.163622403140059,1.88407407407407,2051.33333333333,2.976561606754694,SS+IM,FCC+IM,True,False,True,False,0,,Co+Fe+Mo+Ni+V,Co+Fe+Mo+Ni+V,0.0,0.0,0.0,0.0,0.0,0.0,0.0,0.0,0.0,0.0,0.0,0.0,0.0,0.0,0.18518518518518517,0.0,0.0,0.0,0.0,0.0,0.0,0.0,0.18518518518518517,0.0,0.0,0.0,0.0,0.0,0.0,0.0,0.0,0.0,0.0,0.0,0.0,0.0,0.0,0.0,0.0,0.18518518518518517,0.0,0.0,0.0,0.0,0.0,0.25925925925925924,0.0,0.0,0.0,0.0,0.0,0.0,0.0,0.0,0.0,0.0,0.0,0.0,0.0,0.0,0.0,0.0,0.0,0.0,0.0,0.0,0.0,0.0,0.0,0.0,0.0,0.0,0.18518518518518517,0.0,0.0,0.0,0.0,0.0
CoFeNiVMo0.6,5,5,0.0344403088608432,-9.52741020793951,1.59268573268192,7.73913043478261,1.87007071022666,0.155114446436764,1.85782608695652,2006.0,2.788176991371108,SS+IM,FCC+IM,True,False,True,False,0,,Co+Fe+Mo+Ni+V,Co+Fe+Mo+Ni+V,0.0,0.0,0.0,0.0,0.0,0.0,0.0,0.0,0.0,0.0,0.0,0.0,0.0,0.0,0.2173913043478261,0.0,0.0,0.0,0.0,0.0,0.0,0.0,0.2173913043478261,0.0,0.0,0.0,0.0,0.0,0.0,0.0,0.0,0.0,0.0,0.0,0.0,0.0,0.0,0.0,0.0,0.13043478260869565,0.0,0.0,0.0,0.0,0.0,0.2173913043478261,0.0,0.0,0.0,0.0,0.0,0.0,0.0,0.0,0.0,0.0,0.0,0.0,0.0,0.0,0.0,0.0,0.0,0.0,0.0,0.0,0.0,0.0,0.0,0.0,0.0,0.0,0.2173913043478261,0.0,0.0,0.0,0.0,0.0
Co2Mo0.5Ni2VW0.5,5,5,0.0357034164952295,-8.94444444444445,1.44518587894808,8.16666666666667,1.95078331845327,0.188274327039621,1.91166666666667,2078.41666666667,2.792139675189638,SS+IM,FCC+Co7Mo6,True,False,True,False,0,,Co+Mo+Ni+V+W,Co+Mo+Ni+V+W,0.0,0.0,0.0,0.0,0.0,0.0,0.0,0.0,0.0,0.0,0.0,0.0,0.0,0.0,0.3333333333333333,0.0,0.0,0.0,0.0,0.0,0.0,0.0,0.0,0.0,0.0,0.0,0.0,0.0,0.0,0.0,0.0,0.0,0.0,0.0,0.0,0.0,0.0,0.0,0.0,0.08333333333333333,0.0,0.0,0.0,0.0,0.0,0.3333333333333333,0.0,0.0,0.0,0.0,0.0,0.0,0.0,0.0,0.0,0.0,0.0,0.0,0.0,0.0,0.0,0.0,0.0,0.0,0.0,0.0,0.0,0.0,0.0,0.0,0.0,0.0,0.16666666666666666,0.08333333333333333,0.0,0.0,0.0,0.0
Co2Mo0.8Ni2VW0.8,5,5,0.0388930710480429,-8.30119375573921,1.52107585507222,7.96969696969697,1.96152149487058,0.20775373922415,1.94333333333333,2189.06060606061,3.3350495631036163,SS+IM,FCC+Co7Mo6,True,False,True,False,0,,Co+Mo+Ni+V+W,Co+Mo+Ni+V+W,0.0,0.0,0.0,0.0,0.0,0.0,0.0,0.0,0.0,0.0,0.0,0.0,0.0,0.0,0.30303030303030304,0.0,0.0,0.0,0.0,0.0,0.0,0.0,0.0,0.0,0.0,0.0,0.0,0.0,0.0,0.0,0.0,0.0,0.0,0.0,0.0,0.0,0.0,0.0,0.0,0.12121212121212123,0.0,0.0,0.0,0.0,0.0,0.30303030303030304,0.0,0.0,0.0,0.0,0.0,0.0,0.0,0.0,0.0,0.0,0.0,0.0,0.0,0.0,0.0,0.0,0.0,0.0,0.0,0.0,0.0,0.0,0.0,0.0,0.0,0.0,0.15151515151515152,0.12121212121212123,0.0,0.0,0.0,0.0
Cr0.5CuFeMn0.5Ni,5,5,0.0274777131253091,3.875,1.55958115625988,8.875,1.76334199745824,0.126039428354781,1.81125,1686.5675,5.643833390506544,SS,2FCC,True,False,False,False,1,,Cr+Cu+Fe+Mn+Ni,Cr+Cu+Fe+Mn+Ni,0.0,0.0,0.0,0.0,0.0,0.0,0.0,0.0,0.0,0.0,0.0,0.0,0.0,0.0,0.0,0.125,0.0,0.25,0.0,0.0,0.0,0.0,0.25,0.0,0.0,0.0,0.0,0.0,0.0,0.0,0.0,0.0,0.0,0.0,0.0,0.0,0.0,0.0,0.125,0.0,0.0,0.0,0.0,0.0,0.0,0.25,0.0,0.0,0.0,0.0,0.0,0.0,0.0,0.0,0.0,0.0,0.0,0.0,0.0,0.0,0.0,0.0,0.0,0.0,0.0,0.0,0.0,0.0,0.0,0.0,0.0,0.0,0.0,0.0,0.0,0.0,0.0,0.0
Cr0.5CuFeMnNi0.5,5,5,0.0338080807140939,4.6875,1.55958115625988,8.5,1.80277563773199,0.145510953195971,1.76625,1660.4425,4.5932990812799925,SS,BCC+2FCC,True,True,False,False,1,,Cr+Cu+Fe+Mn+Ni,Cr+Cu+Fe+Mn+Ni,0.0,0.0,0.0,0.0,0.0,0.0,0.0,0.0,0.0,0.0,0.0,0.0,0.0,0.0,0.0,0.125,0.0,0.25,0.0,0.0,0.0,0.0,0.25,0.0,0.0,0.0,0.0,0.0,0.0,0.0,0.0,0.0,0.0,0.0,0.0,0.0,0.0,0.0,0.25,0.0,0.0,0.0,0.0,0.0,0.0,0.125,0.0,0.0,0.0,0.0,0.0,0.0,0.0,0.0,0.0,0.0,0.0,0.0,0.0,0.0,0.0,0.0,0.0,0.0,0.0,0.0,0.0,0.0,0.0,0.0,0.0,0.0,0.0,0.0,0.0,0.0,0.0,0.0
Cr2CuFe2MnNi,5,5,0.0290007084534002,2.61224489795918,1.5498260458782,8.0,1.77281052085584,0.12869835005206,1.76285714285714,1798.11,8.869916000057417,SS,BCC+2FCC,True,True,False,False,1,,Cr+Cu+Fe+Mn+Ni,Cr+Cu+Fe+Mn+Ni,0.0,0.0,0.0,0.0,0.0,0.0,0.0,0.0,0.0,0.0,0.0,0.0,0.0,0.0,0.0,0.2857142857142857,0.0,0.14285714285714285,0.0,0.0,0.0,0.0,0.2857142857142857,0.0,0.0,0.0,0.0,0.0,0.0,0.0,0.0,0.0,0.0,0.0,0.0,0.0,0.0,0.0,0.14285714285714285,0.0,0.0,0.0,0.0,0.0,0.0,0.14285714285714285,0.0,0.0,0.0,0.0,0.0,0.0,0.0,0.0,0.0,0.0,0.0,0.0,0.0,0.0,0.0,0.0,0.0,0.0,0.0,0.0,0.0,0.0,0.0,0.0,0.0,0.0,0.0,0.0,0.0,0.0,0.0,0.0
CrCu0.5FeMnNi,5,5,0.0336918736559869,0.0987654320987654,1.58109375017182,8.11111111111111,1.72848324290045,0.142369715187146,1.75555555555556,1759.30777777778,234.16860114459544,SS,2FCC,True,False,False,False,1,,Cr+Cu+Fe+Mn+Ni,Cr+Cu+Fe+Mn+Ni,0.0,0.0,0.0,0.0,0.0,0.0,0.0,0.0,0.0,0.0,0.0,0.0,0.0,0.0,0.0,0.2222222222222222,0.0,0.1111111111111111,0.0,0.0,0.0,0.0,0.2222222222222222,0.0,0.0,0.0,0.0,0.0,0.0,0.0,0.0,0.0,0.0,0.0,0.0,0.0,0.0,0.0,0.2222222222222222,0.0,0.0,0.0,0.0,0.0,0.0,0.2222222222222222,0.0,0.0,0.0,0.0,0.0,0.0,0.0,0.0,0.0,0.0,0.0,0.0,0.0,0.0,0.0,0.0,0.0,0.0,0.0,0.0,0.0,0.0,0.0,0.0,0.0,0.0,0.0,0.0,0.0,0.0,0.0,0.0
CrCuFe0.5Mn0.5Ni,5,5,0.0269610200453384,3.25,1.55958115625988,8.625,1.99608992783391,0.135092560861063,1.79,1732.6925,6.913218743813831,SS,BCC+2FCC,True,True,False,False,1,,Cr+Cu+Fe+Mn+Ni,Cr+Cu+Fe+Mn+Ni,0.0,0.0,0.0,0.0,0.0,0.0,0.0,0.0,0.0,0.0,0.0,0.0,0.0,0.0,0.0,0.25,0.0,0.25,0.0,0.0,0.0,0.0,0.125,0.0,0.0,0.0,0.0,0.0,0.0,0.0,0.0,0.0,0.0,0.0,0.0,0.0,0.0,0.0,0.125,0.0,0.0,0.0,0.0,0.0,0.0,0.25,0.0,0.0,0.0,0.0,0.0,0.0,0.0,0.0,0.0,0.0,0.0,0.0,0.0,0.0,0.0,0.0,0.0,0.0,0.0,0.0,0.0,0.0,0.0,0.0,0.0,0.0,0.0,0.0,0.0,0.0,0.0,0.0
CrCuFe0.5MnNi0.5,5,5,0.033150304457884,4.5,1.55958115625988,8.25,1.98431348329844,0.147054411698527,1.745,1706.5675,4.917599105040457,SS,BCC+FCC,True,True,False,False,1,,Cr+Cu+Fe+Mn+Ni,Cr+Cu+Fe+Mn+Ni,0.0,0.0,0.0,0.0,0.0,0.0,0.0,0.0,0.0,0.0,0.0,0.0,0.0,0.0,0.0,0.25,0.0,0.25,0.0,0.0,0.0,0.0,0.125,0.0,0.0,0.0,0.0,0.0,0.0,0.0,0.0,0.0,0.0,0.0,0.0,0.0,0.0,0.0,0.25,0.0,0.0,0.0,0.0,0.0,0.0,0.125,0.0,0.0,0.0,0.0,0.0,0.0,0.0,0.0,0.0,0.0,0.0,0.0,0.0,0.0,0.0,0.0,0.0,0.0,0.0,0.0,0.0,0.0,0.0,0.0,0.0,0.0,0.0,0.0,0.0,0.0,0.0,0.0
CrCuFeMnNi,5,5,0.0319774198159767,2.72,1.6094379124341,8.4,1.85472369909914,0.141844985811977,1.77,1719.154,8.457739225787439,SS,FCC+BCC,True,True,False,False,1,,Cr+Cu+Fe+Mn+Ni,Cr+Cu+Fe+Mn+Ni,0.0,0.0,0.0,0.0,0.0,0.0,0.0,0.0,0.0,0.0,0.0,0.0,0.0,0.0,0.0,0.2,0.0,0.2,0.0,0.0,0.0,0.0,0.2,0.0,0.0,0.0,0.0,0.0,0.0,0.0,0.0,0.0,0.0,0.0,0.0,0.0,0.0,0.0,0.2,0.0,0.0,0.0,0.0,0.0,0.0,0.2,0.0,0.0,0.0,0.0,0.0,0.0,0.0,0.0,0.0,0.0,0.0,0.0,0.0,0.0,0.0,0.0,0.0,0.0,0.0,0.0,0.0,0.0,0.0,0.0,0.0,0.0,0.0,0.0,0.0,0.0,0.0,0.0
CrCuFeMoNi,5,5,0.0358022880885233,4.64,1.6094379124341,8.2,2.03960780543711,0.161170716943246,1.892,1994.554,5.752229841032298,SS,FCC,True,False,False,False,1,FCC,Cr+Cu+Fe+Mo+Ni,Cr+Cu+Fe+Mo+Ni,0.0,0.0,0.0,0.0,0.0,0.0,0.0,0.0,0.0,0.0,0.0,0.0,0.0,0.0,0.0,0.2,0.0,0.2,0.0,0.0,0.0,0.0,0.2,0.0,0.0,0.0,0.0,0.0,0.0,0.0,0.0,0.0,0.0,0.0,0.0,0.0,0.0,0.0,0.0,0.2,0.0,0.0,0.0,0.0,0.0,0.2,0.0,0.0,0.0,0.0,0.0,0.0,0.0,0.0,0.0,0.0,0.0,0.0,0.0,0.0,0.0,0.0,0.0,0.0,0.0,0.0,0.0,0.0,0.0,0.0,0.0,0.0,0.0,0.0,0.0,0.0,0.0,0.0
CrCuFeNiZr,5,5,0.106086282900281,-14.4,1.6094379124341,7.8,2.56124969497314,0.217310837281531,1.726,1840.954,1.7107590942818707,SS,BCC,False,True,False,False,1,BCC,Cr+Cu+Fe+Ni+Zr,Cr+Cu+Fe+Ni+Zr,0.0,0.0,0.0,0.0,0.0,0.0,0.0,0.0,0.0,0.0,0.0,0.0,0.0,0.0,0.0,0.2,0.0,0.2,0.0,0.0,0.0,0.0,0.2,0.0,0.0,0.0,0.0,0.0,0.0,0.0,0.0,0.0,0.0,0.0,0.0,0.0,0.0,0.0,0.0,0.0,0.0,0.0,0.0,0.0,0.0,0.2,0.0,0.0,0.0,0.0,0.0,0.0,0.0,0.0,0.0,0.0,0.0,0.0,0.0,0.0,0.0,0.0,0.0,0.0,0.0,0.0,0.0,0.0,0.0,0.0,0.0,0.0,0.0,0.0,0.0,0.0,0.0,0.2
CrFeNiV0.5W,5,5,0.0400917570883896,-5.1358024691358,1.58109375017182,7.22222222222222,1.74977952755818,0.262683210608905,1.90555555555556,2334.55555555556,5.975685170960911,IM,IM,False,False,True,False,0,,Cr+Fe+Ni+V+W,Cr+Fe+Ni+V+W,0.0,0.0,0.0,0.0,0.0,0.0,0.0,0.0,0.0,0.0,0.0,0.0,0.0,0.0,0.0,0.2222222222222222,0.0,0.0,0.0,0.0,0.0,0.0,0.2222222222222222,0.0,0.0,0.0,0.0,0.0,0.0,0.0,0.0,0.0,0.0,0.0,0.0,0.0,0.0,0.0,0.0,0.0,0.0,0.0,0.0,0.0,0.0,0.2222222222222222,0.0,0.0,0.0,0.0,0.0,0.0,0.0,0.0,0.0,0.0,0.0,0.0,0.0,0.0,0.0,0.0,0.0,0.0,0.0,0.0,0.0,0.0,0.0,0.0,0.0,0.0,0.1111111111111111,0.2222222222222222,0.0,0.0,0.0,0.0
CrHfNbTiZr,5,5,0.0862653858264762,-4.0,1.6094379124341,4.6,0.8,0.144996551683135,1.486,2301.0,7.69777193422177,SS+IM,BCC+IM,False,True,True,False,0,,Cr+Hf+Nb+Ti+Zr,Cr+Hf+Nb+Ti+Zr,0.0,0.0,0.0,0.0,0.0,0.0,0.0,0.0,0.0,0.0,0.0,0.0,0.0,0.0,0.0,0.2,0.0,0.0,0.0,0.0,0.0,0.0,0.0,0.0,0.0,0.0,0.0,0.2,0.0,0.0,0.0,0.0,0.0,0.0,0.0,0.0,0.0,0.0,0.0,0.0,0.0,0.0,0.2,0.0,0.0,0.0,0.0,0.0,0.0,0.0,0.0,0.0,0.0,0.0,0.0,0.0,0.0,0.0,0.0,0.0,0.0,0.0,0.0,0.0,0.0,0.0,0.0,0.0,0.0,0.2,0.0,0.0,0.0,0.0,0.0,0.0,0.0,0.2
CrMnFe1.5Ni0.5Al0.5 ,5,5,0.0516325227881397,-7.25925925925926,1.52295506753132,7.0,1.82574185835055,0.128764307607272,1.71444444444444,1721.38555555556,3.0026666653050125,SS+IM,BCC+IM,False,True,True,False,0,,Al+Cr+Fe+Mn+Ni,Al+Cr+Fe+Mn+Ni,0.0,0.1111111111111111,0.0,0.0,0.0,0.0,0.0,0.0,0.0,0.0,0.0,0.0,0.0,0.0,0.0,0.2222222222222222,0.0,0.0,0.0,0.0,0.0,0.0,0.3333333333333333,0.0,0.0,0.0,0.0,0.0,0.0,0.0,0.0,0.0,0.0,0.0,0.0,0.0,0.0,0.0,0.2222222222222222,0.0,0.0,0.0,0.0,0.0,0.0,0.1111111111111111,0.0,0.0,0.0,0.0,0.0,0.0,0.0,0.0,0.0,0.0,0.0,0.0,0.0,0.0,0.0,0.0,0.0,0.0,0.0,0.0,0.0,0.0,0.0,0.0,0.0,0.0,0.0,0.0,0.0,0.0,0.0,0.0
CrMnFe1.5Ni0.5Al1.2,5,5,0.0603003546277074,-11.2869822485207,1.55627209865757,6.46153846153846,2.1791100729562,0.124976329119704,1.70038461538462,1615.32,1.851827139809225,SS,BCC,False,True,False,False,1,BCC,Al+Cr+Fe+Mn+Ni,Al+Cr+Fe+Mn+Ni,0.0,0.23076923076923075,0.0,0.0,0.0,0.0,0.0,0.0,0.0,0.0,0.0,0.0,0.0,0.0,0.0,0.1923076923076923,0.0,0.0,0.0,0.0,0.0,0.0,0.28846153846153844,0.0,0.0,0.0,0.0,0.0,0.0,0.0,0.0,0.0,0.0,0.0,0.0,0.0,0.0,0.0,0.1923076923076923,0.0,0.0,0.0,0.0,0.0,0.0,0.09615384615384615,0.0,0.0,0.0,0.0,0.0,0.0,0.0,0.0,0.0,0.0,0.0,0.0,0.0,0.0,0.0,0.0,0.0,0.0,0.0,0.0,0.0,0.0,0.0,0.0,0.0,0.0,0.0,0.0,0.0,0.0,0.0,0.0
CrNbTaTiZr,5,5,0.0786220092035229,-3.68,1.6094379124341,4.8,0.748331477354788,0.112,1.526,2457.8,8.937316412490913,IM,IM,False,False,True,False,0,,Cr+Nb+Ta+Ti+Zr,Cr+Nb+Ta+Ti+Zr,0.0,0.0,0.0,0.0,0.0,0.0,0.0,0.0,0.0,0.0,0.0,0.0,0.0,0.0,0.0,0.2,0.0,0.0,0.0,0.0,0.0,0.0,0.0,0.0,0.0,0.0,0.0,0.0,0.0,0.0,0.0,0.0,0.0,0.0,0.0,0.0,0.0,0.0,0.0,0.0,0.0,0.0,0.2,0.0,0.0,0.0,0.0,0.0,0.0,0.0,0.0,0.0,0.0,0.0,0.0,0.0,0.0,0.0,0.0,0.0,0.0,0.0,0.0,0.0,0.0,0.0,0.2,0.0,0.0,0.2,0.0,0.0,0.0,0.0,0.0,0.0,0.0,0.2
CrNbTiVZr,5,5,0.0867822800549219,-4.64,1.6094379124341,4.8,0.748331477354788,0.117881296226331,1.552,2236.4,6.449705957564764,SS+IM,BCC+IM,False,True,True,False,0,,Cr+Nb+Ti+V+Zr,Cr+Nb+Ti+V+Zr,0.0,0.0,0.0,0.0,0.0,0.0,0.0,0.0,0.0,0.0,0.0,0.0,0.0,0.0,0.0,0.2,0.0,0.0,0.0,0.0,0.0,0.0,0.0,0.0,0.0,0.0,0.0,0.0,0.0,0.0,0.0,0.0,0.0,0.0,0.0,0.0,0.0,0.0,0.0,0.0,0.0,0.0,0.2,0.0,0.0,0.0,0.0,0.0,0.0,0.0,0.0,0.0,0.0,0.0,0.0,0.0,0.0,0.0,0.0,0.0,0.0,0.0,0.0,0.0,0.0,0.0,0.0,0.0,0.0,0.2,0.0,0.0,0.2,0.0,0.0,0.0,0.0,0.2
CuFeHfTiZr,5,5,0.104324490591561,-15.84,1.6094379124341,6.2,2.85657137141714,0.247951608181919,1.58,1948.754,1.6463048397822653,SS,AM,False,False,False,False,1,,Cu+Fe+Hf+Ti+Zr,Cu+Fe+Hf+Ti+Zr,0.0,0.0,0.0,0.0,0.0,0.0,0.0,0.0,0.0,0.0,0.0,0.0,0.0,0.0,0.0,0.0,0.0,0.2,0.0,0.0,0.0,0.0,0.2,0.0,0.0,0.0,0.0,0.2,0.0,0.0,0.0,0.0,0.0,0.0,0.0,0.0,0.0,0.0,0.0,0.0,0.0,0.0,0.0,0.0,0.0,0.0,0.0,0.0,0.0,0.0,0.0,0.0,0.0,0.0,0.0,0.0,0.0,0.0,0.0,0.0,0.0,0.0,0.0,0.0,0.0,0.0,0.0,0.0,0.0,0.2,0.0,0.0,0.0,0.0,0.0,0.0,0.0,0.2
CuFeMnNiPt,5,5,0.0447726334089915,-7.52,1.6094379124341,9.2,1.46969384566991,0.233117995873334,1.894,1691.434,3.009855375967078,IM,IM,False,False,True,False,0,,Cu+Fe+Mn+Ni+Pt,Cu+Fe+Mn+Ni+Pt,0.0,0.0,0.0,0.0,0.0,0.0,0.0,0.0,0.0,0.0,0.0,0.0,0.0,0.0,0.0,0.0,0.0,0.2,0.0,0.0,0.0,0.0,0.2,0.0,0.0,0.0,0.0,0.0,0.0,0.0,0.0,0.0,0.0,0.0,0.0,0.0,0.0,0.0,0.2,0.0,0.0,0.0,0.0,0.0,0.0,0.2,0.0,0.0,0.0,0.0,0.0,0.0,0.0,0.2,0.0,0.0,0.0,0.0,0.0,0.0,0.0,0.0,0.0,0.0,0.0,0.0,0.0,0.0,0.0,0.0,0.0,0.0,0.0,0.0,0.0,0.0,0.0,0.0
CuNbNiTiZr,5,5,0.092580170311226,-21.28,1.6094379124341,6.8,3.05941170815567,0.222225111092334,1.656,1980.954,1.2456934468002103,AM,AM,False,False,False,False,0,,Cu+Nb+Ni+Ti+Zr,Cu+Nb+Ni+Ti+Zr,0.0,0.0,0.0,0.0,0.0,0.0,0.0,0.0,0.0,0.0,0.0,0.0,0.0,0.0,0.0,0.0,0.0,0.2,0.0,0.0,0.0,0.0,0.0,0.0,0.0,0.0,0.0,0.0,0.0,0.0,0.0,0.0,0.0,0.0,0.0,0.0,0.0,0.0,0.0,0.0,0.0,0.0,0.2,0.0,0.0,0.2,0.0,0.0,0.0,0.0,0.0,0.0,0.0,0.0,0.0,0.0,0.0,0.0,0.0,0.0,0.0,0.0,0.0,0.0,0.0,0.0,0.0,0.0,0.0,0.2,0.0,0.0,0.0,0.0,0.0,0.0,0.0,0.2
CuNiCoFeMn,5,5,0.0317893412710279,1.76,1.6094379124341,9.0,1.4142135623731,0.134848062648301,1.814,1636.754,12.444548817139994,SS,FCC,True,False,False,False,1,FCC,Co+Cu+Fe+Mn+Ni,Co+Cu+Fe+Mn+Ni,0.0,0.0,0.0,0.0,0.0,0.0,0.0,0.0,0.0,0.0,0.0,0.0,0.0,0.0,0.2,0.0,0.0,0.2,0.0,0.0,0.0,0.0,0.2,0.0,0.0,0.0,0.0,0.0,0.0,0.0,0.0,0.0,0.0,0.0,0.0,0.0,0.0,0.0,0.2,0.0,0.0,0.0,0.0,0.0,0.0,0.2,0.0,0.0,0.0,0.0,0.0,0.0,0.0,0.0,0.0,0.0,0.0,0.0,0.0,0.0,0.0,0.0,0.0,0.0,0.0,0.0,0.0,0.0,0.0,0.0,0.0,0.0,0.0,0.0,0.0,0.0,0.0,0.0
CuNi2FeCrAl0.4,5,5,0.0385942300676328,-1.70096021947874,1.4975511631313,8.55555555555555,2.330686329267,0.11039895230214,1.82481481481481,1699.65888888889,12.441807191629005,SS,FCC,True,False,False,False,1,FCC,Al+Cr+Cu+Fe+Ni,Al+Cr+Cu+Fe+Ni,0.0,0.07407407407407407,0.0,0.0,0.0,0.0,0.0,0.0,0.0,0.0,0.0,0.0,0.0,0.0,0.0,0.18518518518518517,0.0,0.18518518518518517,0.0,0.0,0.0,0.0,0.18518518518518517,0.0,0.0,0.0,0.0,0.0,0.0,0.0,0.0,0.0,0.0,0.0,0.0,0.0,0.0,0.0,0.0,0.0,0.0,0.0,0.0,0.0,0.0,0.37037037037037035,0.0,0.0,0.0,0.0,0.0,0.0,0.0,0.0,0.0,0.0,0.0,0.0,0.0,0.0,0.0,0.0,0.0,0.0,0.0,0.0,0.0,0.0,0.0,0.0,0.0,0.0,0.0,0.0,0.0,0.0,0.0,0.0
CuNi2FeCrAl0.9,5,5,0.051473307917968,-5.21689169778799,1.5560591480256,8.08474576271187,2.71398222389805,0.121384808608772,1.80661016949153,1634.72762711864,4.054094498293701,SS,FCC+BCC,True,True,False,False,1,,Al+Cr+Cu+Fe+Ni,Al+Cr+Cu+Fe+Ni,0.0,0.15254237288135591,0.0,0.0,0.0,0.0,0.0,0.0,0.0,0.0,0.0,0.0,0.0,0.0,0.0,0.1694915254237288,0.0,0.1694915254237288,0.0,0.0,0.0,0.0,0.1694915254237288,0.0,0.0,0.0,0.0,0.0,0.0,0.0,0.0,0.0,0.0,0.0,0.0,0.0,0.0,0.0,0.0,0.0,0.0,0.0,0.0,0.0,0.0,0.3389830508474576,0.0,0.0,0.0,0.0,0.0,0.0,0.0,0.0,0.0,0.0,0.0,0.0,0.0,0.0,0.0,0.0,0.0,0.0,0.0,0.0,0.0,0.0,0.0,0.0,0.0,0.0,0.0,0.0,0.0,0.0,0.0,0.0
CuNi2FeCrAl1.5,5,5,0.0593131926514714,-8.04733727810651,1.5649572502428,7.61538461538462,2.97524301627903,0.128891496040194,1.78846153846154,1569.99615384615,2.5385343724882476,SS,FCC+BCC,True,True,False,False,1,,Al+Cr+Cu+Fe+Ni,Al+Cr+Cu+Fe+Ni,0.0,0.23076923076923078,0.0,0.0,0.0,0.0,0.0,0.0,0.0,0.0,0.0,0.0,0.0,0.0,0.0,0.15384615384615385,0.0,0.15384615384615385,0.0,0.0,0.0,0.0,0.15384615384615385,0.0,0.0,0.0,0.0,0.0,0.0,0.0,0.0,0.0,0.0,0.0,0.0,0.0,0.0,0.0,0.0,0.0,0.0,0.0,0.0,0.0,0.0,0.3076923076923077,0.0,0.0,0.0,0.0,0.0,0.0,0.0,0.0,0.0,0.0,0.0,0.0,0.0,0.0,0.0,0.0,0.0,0.0,0.0,0.0,0.0,0.0,0.0,0.0,0.0,0.0,0.0,0.0,0.0,0.0,0.0,0.0
CuNi2FeMn2Cr,5,5,0.035676947557962,-0.489795918367347,1.5498260458782,8.42857142857143,1.76126114370542,0.154774358473283,1.75857142857143,1691.82428571429,44.509963020112956,SS,FCC,True,False,False,False,1,FCC,Cr+Cu+Fe+Mn+Ni,Cr+Cu+Fe+Mn+Ni,0.0,0.0,0.0,0.0,0.0,0.0,0.0,0.0,0.0,0.0,0.0,0.0,0.0,0.0,0.0,0.14285714285714285,0.0,0.14285714285714285,0.0,0.0,0.0,0.0,0.14285714285714285,0.0,0.0,0.0,0.0,0.0,0.0,0.0,0.0,0.0,0.0,0.0,0.0,0.0,0.0,0.0,0.2857142857142857,0.0,0.0,0.0,0.0,0.0,0.0,0.2857142857142857,0.0,0.0,0.0,0.0,0.0,0.0,0.0,0.0,0.0,0.0,0.0,0.0,0.0,0.0,0.0,0.0,0.0,0.0,0.0,0.0,0.0,0.0,0.0,0.0,0.0,0.0,0.0,0.0,0.0,0.0,0.0,0.0
Cu47Ti33Zr11Ni8Si,5,5,0.0876812738667941,-16.8852,1.21162951455822,7.77,3.42010233765015,0.21415534081596,1.7193,1667.8719,0.9950857607995526,AM,AM,False,False,False,False,0,,Cu+Ni+Si+Ti+Zr,Cu+Ni+Si+Ti+Zr,0.0,0.0,0.0,0.0,0.0,0.0,0.0,0.0,0.0,0.0,0.0,0.0,0.0,0.0,0.0,0.0,0.0,0.47,0.0,0.0,0.0,0.0,0.0,0.0,0.0,0.0,0.0,0.0,0.0,0.0,0.0,0.0,0.0,0.0,0.0,0.0,0.0,0.0,0.0,0.0,0.0,0.0,0.0,0.0,0.0,0.08,0.0,0.0,0.0,0.0,0.0,0.0,0.0,0.0,0.0,0.0,0.0,0.0,0.0,0.0,0.0,0.0,0.01,0.0,0.0,0.0,0.0,0.0,0.0,0.33,0.0,0.0,0.0,0.0,0.0,0.0,0.0,0.11
FeCoNiCrTi,5,5,0.066805618329424,-16.32,1.6094379124341,7.4,2.1540659228538,0.14150618361047,1.764,1885.6,1.5461008810287693,SS+IM,FCC+BCC+Co2Ti,True,True,True,False,0,,Co+Cr+Fe+Ni+Ti,Co+Cr+Fe+Ni+Ti,0.0,0.0,0.0,0.0,0.0,0.0,0.0,0.0,0.0,0.0,0.0,0.0,0.0,0.0,0.2,0.2,0.0,0.0,0.0,0.0,0.0,0.0,0.2,0.0,0.0,0.0,0.0,0.0,0.0,0.0,0.0,0.0,0.0,0.0,0.0,0.0,0.0,0.0,0.0,0.0,0.0,0.0,0.0,0.0,0.0,0.2,0.0,0.0,0.0,0.0,0.0,0.0,0.0,0.0,0.0,0.0,0.0,0.0,0.0,0.0,0.0,0.0,0.0,0.0,0.0,0.0,0.0,0.0,0.0,0.2,0.0,0.0,0.0,0.0,0.0,0.0,0.0,0.0
FeCoNiCuAl,5,5,0.0560947223474803,-5.28,1.6094379124341,8.2,2.78567765543682,0.111462998344742,1.826,1519.648,3.8513899504485014,SS,FCC+BCC,True,True,False,False,1,,Al+Co+Cu+Fe+Ni,Al+Co+Cu+Fe+Ni,0.0,0.2,0.0,0.0,0.0,0.0,0.0,0.0,0.0,0.0,0.0,0.0,0.0,0.0,0.2,0.0,0.0,0.2,0.0,0.0,0.0,0.0,0.2,0.0,0.0,0.0,0.0,0.0,0.0,0.0,0.0,0.0,0.0,0.0,0.0,0.0,0.0,0.0,0.0,0.0,0.0,0.0,0.0,0.0,0.0,0.2,0.0,0.0,0.0,0.0,0.0,0.0,0.0,0.0,0.0,0.0,0.0,0.0,0.0,0.0,0.0,0.0,0.0,0.0,0.0,0.0,0.0,0.0,0.0,0.0,0.0,0.0,0.0,0.0,0.0,0.0,0.0,0.0
FeCoNiMnV,5,5,0.0344081389807861,-8.96,1.6094379124341,7.8,1.72046505340853,0.143387586631479,1.76,1801.8,2.690958409208881,SS+IM,FCC+IM,True,False,True,False,0,,Co+Fe+Mn+Ni+V,Co+Fe+Mn+Ni+V,0.0,0.0,0.0,0.0,0.0,0.0,0.0,0.0,0.0,0.0,0.0,0.0,0.0,0.0,0.2,0.0,0.0,0.0,0.0,0.0,0.0,0.0,0.2,0.0,0.0,0.0,0.0,0.0,0.0,0.0,0.0,0.0,0.0,0.0,0.0,0.0,0.0,0.0,0.2,0.0,0.0,0.0,0.0,0.0,0.0,0.2,0.0,0.0,0.0,0.0,0.0,0.0,0.0,0.0,0.0,0.0,0.0,0.0,0.0,0.0,0.0,0.0,0.0,0.0,0.0,0.0,0.0,0.0,0.0,0.0,0.0,0.0,0.2,0.0,0.0,0.0,0.0,0.0
FeCrMnNiCo,5,5,0.03269463576718,-4.16,1.6094379124341,8.0,1.4142135623731,0.138361844451424,1.766,1801.2,5.793980379734669,SS,FCC,True,False,False,False,1,FCC,Co+Cr+Fe+Mn+Ni,Co+Cr+Fe+Mn+Ni,0.0,0.0,0.0,0.0,0.0,0.0,0.0,0.0,0.0,0.0,0.0,0.0,0.0,0.0,0.2,0.2,0.0,0.0,0.0,0.0,0.0,0.0,0.2,0.0,0.0,0.0,0.0,0.0,0.0,0.0,0.0,0.0,0.0,0.0,0.0,0.0,0.0,0.0,0.2,0.0,0.0,0.0,0.0,0.0,0.0,0.2,0.0,0.0,0.0,0.0,0.0,0.0,0.0,0.0,0.0,0.0,0.0,0.0,0.0,0.0,0.0,0.0,0.0,0.0,0.0,0.0,0.0,0.0,0.0,0.0,0.0,0.0,0.0,0.0,0.0,0.0,0.0,0.0
FeNi2CrCuAl,5,5,0.053170060747619,-5.77777777777778,1.56071040904141,8.0,2.76887462097269,0.122972444971311,1.80333333333333,1623.04,3.6452297070799373,SS,FCC+BCC,True,True,False,False,1,,Al+Cr+Cu+Fe+Ni,Al+Cr+Cu+Fe+Ni,0.0,0.16666666666666666,0.0,0.0,0.0,0.0,0.0,0.0,0.0,0.0,0.0,0.0,0.0,0.0,0.0,0.16666666666666666,0.0,0.16666666666666666,0.0,0.0,0.0,0.0,0.16666666666666666,0.0,0.0,0.0,0.0,0.0,0.0,0.0,0.0,0.0,0.0,0.0,0.0,0.0,0.0,0.0,0.0,0.0,0.0,0.0,0.0,0.0,0.0,0.3333333333333333,0.0,0.0,0.0,0.0,0.0,0.0,0.0,0.0,0.0,0.0,0.0,0.0,0.0,0.0,0.0,0.0,0.0,0.0,0.0,0.0,0.0,0.0,0.0,0.0,0.0,0.0,0.0,0.0,0.0,0.0,0.0,0.0
FeNi2CrCuAl0.2,5,5,0.0293694857144617,0.118343195266272,1.44396501431179,8.76923076923077,2.0995913944548,0.103988506419967,1.83307692307692,1729.12769230769,175.41819221642947,SS,FCC,True,False,False,False,1,FCC,Al+Cr+Cu+Fe+Ni,Al+Cr+Cu+Fe+Ni,0.0,0.038461538461538464,0.0,0.0,0.0,0.0,0.0,0.0,0.0,0.0,0.0,0.0,0.0,0.0,0.0,0.1923076923076923,0.0,0.1923076923076923,0.0,0.0,0.0,0.0,0.1923076923076923,0.0,0.0,0.0,0.0,0.0,0.0,0.0,0.0,0.0,0.0,0.0,0.0,0.0,0.0,0.0,0.0,0.0,0.0,0.0,0.0,0.0,0.0,0.3846153846153846,0.0,0.0,0.0,0.0,0.0,0.0,0.0,0.0,0.0,0.0,0.0,0.0,0.0,0.0,0.0,0.0,0.0,0.0,0.0,0.0,0.0,0.0,0.0,0.0,0.0,0.0,0.0,0.0,0.0,0.0,0.0,0.0
FeNi2CrCuAl0.6,5,5,0.0448866717649362,-3.26530612244898,1.52994535008748,8.35714285714286,2.51018334154365,0.115506868777116,1.81714285714286,1672.295,6.5147700585036725,SS,FCC,True,False,False,False,1,FCC,Al+Cr+Cu+Fe+Ni,Al+Cr+Cu+Fe+Ni,0.0,0.10714285714285715,0.0,0.0,0.0,0.0,0.0,0.0,0.0,0.0,0.0,0.0,0.0,0.0,0.0,0.17857142857142858,0.0,0.17857142857142858,0.0,0.0,0.0,0.0,0.17857142857142858,0.0,0.0,0.0,0.0,0.0,0.0,0.0,0.0,0.0,0.0,0.0,0.0,0.0,0.0,0.0,0.0,0.0,0.0,0.0,0.0,0.0,0.0,0.35714285714285715,0.0,0.0,0.0,0.0,0.0,0.0,0.0,0.0,0.0,0.0,0.0,0.0,0.0,0.0,0.0,0.0,0.0,0.0,0.0,0.0,0.0,0.0,0.0,0.0,0.0,0.0,0.0,0.0,0.0,0.0,0.0,0.0
FeNi2CrCuAl0.8,5,5,0.0495577174197035,-4.61355529131986,1.5496200692647,8.17241379310345,2.6531564222995,0.119625853508287,1.81,1646.81827586207,4.599063072357661,SS,SS,False,False,False,False,1,,Al+Cr+Cu+Fe+Ni,Al+Cr+Cu+Fe+Ni,0.0,0.13793103448275862,0.0,0.0,0.0,0.0,0.0,0.0,0.0,0.0,0.0,0.0,0.0,0.0,0.0,0.1724137931034483,0.0,0.1724137931034483,0.0,0.0,0.0,0.0,0.1724137931034483,0.0,0.0,0.0,0.0,0.0,0.0,0.0,0.0,0.0,0.0,0.0,0.0,0.0,0.0,0.0,0.0,0.0,0.0,0.0,0.0,0.0,0.0,0.3448275862068966,0.0,0.0,0.0,0.0,0.0,0.0,0.0,0.0,0.0,0.0,0.0,0.0,0.0,0.0,0.0,0.0,0.0,0.0,0.0,0.0,0.0,0.0,0.0,0.0,0.0,0.0,0.0,0.0,0.0,0.0,0.0,0.0
FeNiCrMnTi,5,5,0.0659357989398841,-13.28,1.6094379124341,7.0,2.0,0.148781719307178,1.698,1835.8,1.8498465461381803,SS+IM,FCC+BCC+IM,True,True,True,False,0,,Cr+Fe+Mn+Ni+Ti,Cr+Fe+Mn+Ni+Ti,0.0,0.0,0.0,0.0,0.0,0.0,0.0,0.0,0.0,0.0,0.0,0.0,0.0,0.0,0.0,0.2,0.0,0.0,0.0,0.0,0.0,0.0,0.2,0.0,0.0,0.0,0.0,0.0,0.0,0.0,0.0,0.0,0.0,0.0,0.0,0.0,0.0,0.0,0.2,0.0,0.0,0.0,0.0,0.0,0.0,0.2,0.0,0.0,0.0,0.0,0.0,0.0,0.0,0.0,0.0,0.0,0.0,0.0,0.0,0.0,0.0,0.0,0.0,0.0,0.0,0.0,0.0,0.0,0.0,0.2,0.0,0.0,0.0,0.0,0.0,0.0,0.0,0.0
Fe73.5Si13.5B9Nb3Cu,5,5,0.106166725924006,-24.0699,0.864593724261985,6.95,1.91507180022056,0.0759991940746742,1.85215,1866.3177,0.5573879207599292,SS,BCC,False,True,False,False,1,BCC,B+Cu+Fe+Nb+Si,B+Cu+Fe+Nb+Si,0.0,0.0,0.0,0.0,0.09,0.0,0.0,0.0,0.0,0.0,0.0,0.0,0.0,0.0,0.0,0.0,0.0,0.01,0.0,0.0,0.0,0.0,0.735,0.0,0.0,0.0,0.0,0.0,0.0,0.0,0.0,0.0,0.0,0.0,0.0,0.0,0.0,0.0,0.0,0.0,0.0,0.0,0.03,0.0,0.0,0.0,0.0,0.0,0.0,0.0,0.0,0.0,0.0,0.0,0.0,0.0,0.0,0.0,0.0,0.0,0.0,0.0,0.135,0.0,0.0,0.0,0.0,0.0,0.0,0.0,0.0,0.0,0.0,0.0,0.0,0.0,0.0,0.0
Fe81Si2B13Nb3Cu1,5,5,0.123797850765621,-15.4872,0.665401641962174,7.21,1.81821340881647,0.0834311093058219,1.8525,1902.0977,0.6794820163430593,SS,BCC,False,True,False,False,1,BCC,B+Cu+Fe+Nb+Si,B+Cu+Fe+Nb+Si,0.0,0.0,0.0,0.0,0.13,0.0,0.0,0.0,0.0,0.0,0.0,0.0,0.0,0.0,0.0,0.0,0.0,0.01,0.0,0.0,0.0,0.0,0.81,0.0,0.0,0.0,0.0,0.0,0.0,0.0,0.0,0.0,0.0,0.0,0.0,0.0,0.0,0.0,0.0,0.0,0.0,0.0,0.03,0.0,0.0,0.0,0.0,0.0,0.0,0.0,0.0,0.0,0.0,0.0,0.0,0.0,0.0,0.0,0.0,0.0,0.0,0.0,0.02,0.0,0.0,0.0,0.0,0.0,0.0,0.0,0.0,0.0,0.0,0.0,0.0,0.0,0.0,0.0
GdHoLaTbY,5,5,0.0215825879822938,0.0,1.6094379124341,3.0,4.44089209850063e-16,0.0579655069847577,1.17,1588.0,,SS,HCP,False,False,False,True,1,,Gd+Ho+La+Tb+Y,Gd+Ho+La+Tb+Y,0.0,0.0,0.0,0.0,0.0,0.0,0.0,0.0,0.0,0.0,0.0,0.0,0.0,0.0,0.0,0.0,0.0,0.0,0.0,0.0,0.0,0.0,0.0,0.0,0.2,0.0,0.0,0.0,0.0,0.2,0.0,0.0,0.0,0.0,0.2,0.0,0.0,0.0,0.0,0.0,0.0,0.0,0.0,0.0,0.0,0.0,0.0,0.0,0.0,0.0,0.0,0.0,0.0,0.0,0.0,0.0,0.0,0.0,0.0,0.0,0.0,0.0,0.0,0.0,0.0,0.0,0.0,0.2,0.0,0.0,0.0,0.0,0.0,0.0,0.2,0.0,0.0,0.0
GdTbDyTmLu,5,5,0.0507183185250536,0.0,1.6094379124341,3.0,4.44089209850063e-16,0.0591269819963779,1.208,1727.4,,SS,HCP,False,False,False,True,1,,Dy+Gd+Lu+Tb+Tm,Dy+Gd+Lu+Tb+Tm,0.0,0.0,0.0,0.0,0.0,0.0,0.0,0.0,0.0,0.0,0.0,0.0,0.0,0.0,0.0,0.0,0.0,0.0,0.2,0.0,0.0,0.0,0.0,0.0,0.2,0.0,0.0,0.0,0.0,0.0,0.0,0.0,0.0,0.0,0.0,0.0,0.2,0.0,0.0,0.0,0.0,0.0,0.0,0.0,0.0,0.0,0.0,0.0,0.0,0.0,0.0,0.0,0.0,0.0,0.0,0.0,0.0,0.0,0.0,0.0,0.0,0.0,0.0,0.0,0.0,0.0,0.0,0.2,0.0,0.0,0.0,0.2,0.0,0.0,0.0,0.0,0.0,0.0
Hf0.5Mo0.5NbTiZr,5,5,0.0573043790583219,-0.25,1.55958115625988,4.5,0.707106781186548,0.258988416729397,1.55,2380.0,123.4465942073391,SS+IM,BCC+IM,False,True,True,False,0,,Hf+Mo+Nb+Ti+Zr,Hf+Mo+Nb+Ti+Zr,0.0,0.0,0.0,0.0,0.0,0.0,0.0,0.0,0.0,0.0,0.0,0.0,0.0,0.0,0.0,0.0,0.0,0.0,0.0,0.0,0.0,0.0,0.0,0.0,0.0,0.0,0.0,0.125,0.0,0.0,0.0,0.0,0.0,0.0,0.0,0.0,0.0,0.0,0.0,0.125,0.0,0.0,0.25,0.0,0.0,0.0,0.0,0.0,0.0,0.0,0.0,0.0,0.0,0.0,0.0,0.0,0.0,0.0,0.0,0.0,0.0,0.0,0.0,0.0,0.0,0.0,0.0,0.0,0.0,0.25,0.0,0.0,0.0,0.0,0.0,0.0,0.0,0.25
HfMoNbTiZr,5,5,0.0609727112093451,-1.6,1.6094379124341,4.6,0.8,0.309554518623134,1.586,2444.2,20.442084052178235,SS,BCC,False,True,False,False,1,BCC,Hf+Mo+Nb+Ti+Zr,Hf+Mo+Nb+Ti+Zr,0.0,0.0,0.0,0.0,0.0,0.0,0.0,0.0,0.0,0.0,0.0,0.0,0.0,0.0,0.0,0.0,0.0,0.0,0.0,0.0,0.0,0.0,0.0,0.0,0.0,0.0,0.0,0.2,0.0,0.0,0.0,0.0,0.0,0.0,0.0,0.0,0.0,0.0,0.0,0.2,0.0,0.0,0.2,0.0,0.0,0.0,0.0,0.0,0.0,0.0,0.0,0.0,0.0,0.0,0.0,0.0,0.0,0.0,0.0,0.0,0.0,0.0,0.0,0.0,0.0,0.0,0.0,0.0,0.0,0.2,0.0,0.0,0.0,0.0,0.0,0.0,0.0,0.2
HfMoNbZrTi,5,5,0.0609727112093451,-1.6,1.6094379124341,4.6,0.8,0.309554518623134,1.586,2444.2,20.442084052178235,SS,BCC,False,True,False,False,1,BCC,Hf+Mo+Nb+Ti+Zr,Hf+Mo+Nb+Ti+Zr,0.0,0.0,0.0,0.0,0.0,0.0,0.0,0.0,0.0,0.0,0.0,0.0,0.0,0.0,0.0,0.0,0.0,0.0,0.0,0.0,0.0,0.0,0.0,0.0,0.0,0.0,0.0,0.2,0.0,0.0,0.0,0.0,0.0,0.0,0.0,0.0,0.0,0.0,0.0,0.2,0.0,0.0,0.2,0.0,0.0,0.0,0.0,0.0,0.0,0.0,0.0,0.0,0.0,0.0,0.0,0.0,0.0,0.0,0.0,0.0,0.0,0.0,0.0,0.0,0.0,0.0,0.0,0.0,0.0,0.2,0.0,0.0,0.0,0.0,0.0,0.0,0.0,0.2
HfMoTaTiZr,5,5,0.0608790164379207,-1.92,1.6094379124341,4.6,0.8,0.311229818622831,1.566,2552.2,17.78778568242141,SS,BCC,False,True,False,False,1,BCC,Hf+Mo+Ta+Ti+Zr,Hf+Mo+Ta+Ti+Zr,0.0,0.0,0.0,0.0,0.0,0.0,0.0,0.0,0.0,0.0,0.0,0.0,0.0,0.0,0.0,0.0,0.0,0.0,0.0,0.0,0.0,0.0,0.0,0.0,0.0,0.0,0.0,0.2,0.0,0.0,0.0,0.0,0.0,0.0,0.0,0.0,0.0,0.0,0.0,0.2,0.0,0.0,0.0,0.0,0.0,0.0,0.0,0.0,0.0,0.0,0.0,0.0,0.0,0.0,0.0,0.0,0.0,0.0,0.0,0.0,0.0,0.0,0.0,0.0,0.0,0.0,0.2,0.0,0.0,0.2,0.0,0.0,0.0,0.0,0.0,0.0,0.0,0.2
HfNbSi0.5TiV,5,5,0.0901514539461924,-24.1975308641975,1.58109375017182,4.44444444444445,0.496903994999953,0.171464281994822,1.56,2271.88888888889,1.2342633749499843,SS+IM,BCC+IM,False,True,True,False,0,,Hf+Nb+Si+Ti+V,Hf+Nb+Si+Ti+V,0.0,0.0,0.0,0.0,0.0,0.0,0.0,0.0,0.0,0.0,0.0,0.0,0.0,0.0,0.0,0.0,0.0,0.0,0.0,0.0,0.0,0.0,0.0,0.0,0.0,0.0,0.0,0.2222222222222222,0.0,0.0,0.0,0.0,0.0,0.0,0.0,0.0,0.0,0.0,0.0,0.0,0.0,0.0,0.2222222222222222,0.0,0.0,0.0,0.0,0.0,0.0,0.0,0.0,0.0,0.0,0.0,0.0,0.0,0.0,0.0,0.0,0.0,0.0,0.0,0.1111111111111111,0.0,0.0,0.0,0.0,0.0,0.0,0.2222222222222222,0.0,0.0,0.2222222222222222,0.0,0.0,0.0,0.0,0.0
Hf0.5Nb0.5Ta0.5Ti1.5Zr,5,5,0.0478830528611286,1.875,1.49417513828931,4.25,0.433012701892219,0.111691539518443,1.46,2328.125,15.42555197063055,SS,BCC,False,True,False,False,1,BCC,Hf+Nb+Ta+Ti+Zr,Hf+Nb+Ta+Ti+Zr,0.0,0.0,0.0,0.0,0.0,0.0,0.0,0.0,0.0,0.0,0.0,0.0,0.0,0.0,0.0,0.0,0.0,0.0,0.0,0.0,0.0,0.0,0.0,0.0,0.0,0.0,0.0,0.125,0.0,0.0,0.0,0.0,0.0,0.0,0.0,0.0,0.0,0.0,0.0,0.0,0.0,0.0,0.125,0.0,0.0,0.0,0.0,0.0,0.0,0.0,0.0,0.0,0.0,0.0,0.0,0.0,0.0,0.0,0.0,0.0,0.0,0.0,0.0,0.0,0.0,0.0,0.125,0.0,0.0,0.375,0.0,0.0,0.0,0.0,0.0,0.0,0.0,0.25
HfNbTaTiZr,5,5,0.0499441745961379,2.72,1.6094379124341,4.4,0.489897948556636,0.118253963992756,1.454,2523.0,12.412428477414885,SS,BCC,False,True,False,False,1,BCC,Hf+Nb+Ta+Ti+Zr,Hf+Nb+Ta+Ti+Zr,0.0,0.0,0.0,0.0,0.0,0.0,0.0,0.0,0.0,0.0,0.0,0.0,0.0,0.0,0.0,0.0,0.0,0.0,0.0,0.0,0.0,0.0,0.0,0.0,0.0,0.0,0.0,0.2,0.0,0.0,0.0,0.0,0.0,0.0,0.0,0.0,0.0,0.0,0.0,0.0,0.0,0.0,0.2,0.0,0.0,0.0,0.0,0.0,0.0,0.0,0.0,0.0,0.0,0.0,0.0,0.0,0.0,0.0,0.0,0.0,0.0,0.0,0.0,0.0,0.0,0.0,0.2,0.0,0.0,0.2,0.0,0.0,0.0,0.0,0.0,0.0,0.0,0.2
HfNbTiVZr,5,5,0.0706735243110204,0.16,1.6094379124341,4.4,0.489897948556636,0.138130373198656,1.48,2301.6,192.4944793981402,SS+IM,BCC+IM,False,True,True,False,0,,Hf+Nb+Ti+V+Zr,Hf+Nb+Ti+V+Zr,0.0,0.0,0.0,0.0,0.0,0.0,0.0,0.0,0.0,0.0,0.0,0.0,0.0,0.0,0.0,0.0,0.0,0.0,0.0,0.0,0.0,0.0,0.0,0.0,0.0,0.0,0.0,0.2,0.0,0.0,0.0,0.0,0.0,0.0,0.0,0.0,0.0,0.0,0.0,0.0,0.0,0.0,0.2,0.0,0.0,0.0,0.0,0.0,0.0,0.0,0.0,0.0,0.0,0.0,0.0,0.0,0.0,0.0,0.0,0.0,0.0,0.0,0.0,0.0,0.0,0.0,0.0,0.0,0.0,0.2,0.0,0.0,0.2,0.0,0.0,0.0,0.0,0.2
HoDyYGdTb,5,5,0.00809144249149965,0.0,1.6094379124341,3.0,4.44089209850063e-16,0.048,1.194,1685.4,,SS,HCP,False,False,False,True,1,,Dy+Gd+Ho+Tb+Y,Dy+Gd+Ho+Tb+Y,0.0,0.0,0.0,0.0,0.0,0.0,0.0,0.0,0.0,0.0,0.0,0.0,0.0,0.0,0.0,0.0,0.0,0.0,0.2,0.0,0.0,0.0,0.0,0.0,0.2,0.0,0.0,0.0,0.0,0.2,0.0,0.0,0.0,0.0,0.0,0.0,0.0,0.0,0.0,0.0,0.0,0.0,0.0,0.0,0.0,0.0,0.0,0.0,0.0,0.0,0.0,0.0,0.0,0.0,0.0,0.0,0.0,0.0,0.0,0.0,0.0,0.0,0.0,0.0,0.0,0.0,0.0,0.2,0.0,0.0,0.0,0.0,0.0,0.0,0.2,0.0,0.0,0.0
La55Al25Ni5Cu10Co5,5,5,0.161667110360931,-32.31,1.20521567735037,4.45,2.92361078120874,0.331483031239911,1.387,1200.0945,0.37220092210629546,AM,AM,False,False,False,False,0,,Al+Co+Cu+La+Ni,Al+Co+Cu+La+Ni,0.0,0.25,0.0,0.0,0.0,0.0,0.0,0.0,0.0,0.0,0.0,0.0,0.0,0.0,0.05,0.0,0.0,0.1,0.0,0.0,0.0,0.0,0.0,0.0,0.0,0.0,0.0,0.0,0.0,0.0,0.0,0.0,0.0,0.0,0.55,0.0,0.0,0.0,0.0,0.0,0.0,0.0,0.0,0.0,0.0,0.05,0.0,0.0,0.0,0.0,0.0,0.0,0.0,0.0,0.0,0.0,0.0,0.0,0.0,0.0,0.0,0.0,0.0,0.0,0.0,0.0,0.0,0.0,0.0,0.0,0.0,0.0,0.0,0.0,0.0,0.0,0.0,0.0
Mg65Cu15Ag5Pd5Gd10,5,5,0.0936374872756571,-13.24,1.09440862984778,4.3,3.76961536499415,0.298062074071828,1.463,1115.2645,0.76648487137274,AM,AM,False,False,False,False,0,,Ag+Cu+Gd+Mg+Pd,Ag+Cu+Gd+Mg+Pd,0.05,0.0,0.0,0.0,0.0,0.0,0.0,0.0,0.0,0.0,0.0,0.0,0.0,0.0,0.0,0.0,0.0,0.15,0.0,0.0,0.0,0.0,0.0,0.0,0.1,0.0,0.0,0.0,0.0,0.0,0.0,0.0,0.0,0.0,0.0,0.0,0.0,0.65,0.0,0.0,0.0,0.0,0.0,0.0,0.0,0.0,0.0,0.0,0.0,0.0,0.0,0.05,0.0,0.0,0.0,0.0,0.0,0.0,0.0,0.0,0.0,0.0,0.0,0.0,0.0,0.0,0.0,0.0,0.0,0.0,0.0,0.0,0.0,0.0,0.0,0.0,0.0,0.0
MnCrFe1.5Ni0.5Al0.3,5,5,0.0470274866499347,-5.50567874526771,1.48177031791243,7.18604651162791,1.64607798783129,0.129693652438983,1.7193023255814,1758.03279069767,3.9339712382806193,SS,FCC+BCC,True,True,False,False,1,,Al+Cr+Fe+Mn+Ni,Al+Cr+Fe+Mn+Ni,0.0,0.06976744186046512,0.0,0.0,0.0,0.0,0.0,0.0,0.0,0.0,0.0,0.0,0.0,0.0,0.0,0.23255813953488372,0.0,0.0,0.0,0.0,0.0,0.0,0.3488372093023256,0.0,0.0,0.0,0.0,0.0,0.0,0.0,0.0,0.0,0.0,0.0,0.0,0.0,0.0,0.0,0.23255813953488372,0.0,0.0,0.0,0.0,0.0,0.0,0.11627906976744186,0.0,0.0,0.0,0.0,0.0,0.0,0.0,0.0,0.0,0.0,0.0,0.0,0.0,0.0,0.0,0.0,0.0,0.0,0.0,0.0,0.0,0.0,0.0,0.0,0.0,0.0,0.0,0.0,0.0,0.0,0.0,0.0
MoNbTaVW,5,5,0.0314801812009908,-4.64,1.6094379124341,5.4,0.489897948556636,0.343394816501356,1.85,2962.8,8.54462028754824,SS,BCC,False,True,False,False,1,BCC,Mo+Nb+Ta+V+W,Mo+Nb+Ta+V+W,0.0,0.0,0.0,0.0,0.0,0.0,0.0,0.0,0.0,0.0,0.0,0.0,0.0,0.0,0.0,0.0,0.0,0.0,0.0,0.0,0.0,0.0,0.0,0.0,0.0,0.0,0.0,0.0,0.0,0.0,0.0,0.0,0.0,0.0,0.0,0.0,0.0,0.0,0.0,0.2,0.0,0.0,0.2,0.0,0.0,0.0,0.0,0.0,0.0,0.0,0.0,0.0,0.0,0.0,0.0,0.0,0.0,0.0,0.0,0.0,0.0,0.0,0.0,0.0,0.0,0.0,0.2,0.0,0.0,0.0,0.0,0.0,0.2,0.2,0.0,0.0,0.0,0.0
Mo0.3NbTiVZr,5,5,0.070070827308723,-1.25473228772309,1.54261312532691,4.6046511627907,0.615291002573161,0.197323902639116,1.5693023255814,2295.53488372093,23.465187585366582,SS,BCC,False,True,False,False,1,BCC,Mo+Nb+Ti+V+Zr,Mo+Nb+Ti+V+Zr,0.0,0.0,0.0,0.0,0.0,0.0,0.0,0.0,0.0,0.0,0.0,0.0,0.0,0.0,0.0,0.0,0.0,0.0,0.0,0.0,0.0,0.0,0.0,0.0,0.0,0.0,0.0,0.0,0.0,0.0,0.0,0.0,0.0,0.0,0.0,0.0,0.0,0.0,0.0,0.06976744186046512,0.0,0.0,0.23255813953488372,0.0,0.0,0.0,0.0,0.0,0.0,0.0,0.0,0.0,0.0,0.0,0.0,0.0,0.0,0.0,0.0,0.0,0.0,0.0,0.0,0.0,0.0,0.0,0.0,0.0,0.0,0.23255813953488372,0.0,0.0,0.23255813953488372,0.0,0.0,0.0,0.0,0.23255813953488372
Mo0.5NbTiVZr,5,5,0.0696940697116747,-1.77777777777778,1.58109375017182,4.66666666666667,0.666666666666667,0.228089217978458,1.59555555555556,2322.22222222222,17.171890501272582,SS,BCC,False,True,False,False,1,BCC,Mo+Nb+Ti+V+Zr,Mo+Nb+Ti+V+Zr,0.0,0.0,0.0,0.0,0.0,0.0,0.0,0.0,0.0,0.0,0.0,0.0,0.0,0.0,0.0,0.0,0.0,0.0,0.0,0.0,0.0,0.0,0.0,0.0,0.0,0.0,0.0,0.0,0.0,0.0,0.0,0.0,0.0,0.0,0.0,0.0,0.0,0.0,0.0,0.1111111111111111,0.0,0.0,0.2222222222222222,0.0,0.0,0.0,0.0,0.0,0.0,0.0,0.0,0.0,0.0,0.0,0.0,0.0,0.0,0.0,0.0,0.0,0.0,0.0,0.0,0.0,0.0,0.0,0.0,0.0,0.0,0.2222222222222222,0.0,0.0,0.2222222222222222,0.0,0.0,0.0,0.0,0.2222222222222222
Mo0.7NbTiVZr,5,5,0.06926019286399,-2.20914440923495,1.6006843088771,4.72340425531915,0.705664849011787,0.250581939261974,1.61957446808511,2346.63829787234,14.137151783224605,SS,BCC,False,True,False,False,1,BCC,Mo+Nb+Ti+V+Zr,Mo+Nb+Ti+V+Zr,0.0,0.0,0.0,0.0,0.0,0.0,0.0,0.0,0.0,0.0,0.0,0.0,0.0,0.0,0.0,0.0,0.0,0.0,0.0,0.0,0.0,0.0,0.0,0.0,0.0,0.0,0.0,0.0,0.0,0.0,0.0,0.0,0.0,0.0,0.0,0.0,0.0,0.0,0.0,0.14893617021276595,0.0,0.0,0.2127659574468085,0.0,0.0,0.0,0.0,0.0,0.0,0.0,0.0,0.0,0.0,0.0,0.0,0.0,0.0,0.0,0.0,0.0,0.0,0.0,0.0,0.0,0.0,0.0,0.0,0.0,0.0,0.2127659574468085,0.0,0.0,0.2127659574468085,0.0,0.0,0.0,0.0,0.2127659574468085
Mo1.3NbTiVZr,5,5,0.067749371469547,-3.10430758276967,1.60335332172643,4.86792452830189,0.77794445766371,0.291553089483175,1.68075471698113,2408.83018867925,10.344389398743989,SS,BCC,False,True,False,False,1,BCC,Mo+Nb+Ti+V+Zr,Mo+Nb+Ti+V+Zr,0.0,0.0,0.0,0.0,0.0,0.0,0.0,0.0,0.0,0.0,0.0,0.0,0.0,0.0,0.0,0.0,0.0,0.0,0.0,0.0,0.0,0.0,0.0,0.0,0.0,0.0,0.0,0.0,0.0,0.0,0.0,0.0,0.0,0.0,0.0,0.0,0.0,0.0,0.0,0.24528301886792456,0.0,0.0,0.18867924528301888,0.0,0.0,0.0,0.0,0.0,0.0,0.0,0.0,0.0,0.0,0.0,0.0,0.0,0.0,0.0,0.0,0.0,0.0,0.0,0.0,0.0,0.0,0.0,0.0,0.0,0.0,0.18867924528301888,0.0,0.0,0.18867924528301888,0.0,0.0,0.0,0.0,0.18867924528301888
Mo1.5NbTiVZr,5,5,0.0672063331352158,-3.30578512396694,1.59416669911802,4.90909090909091,0.792527080643759,0.299933877010438,1.69818181818182,2426.54545454545,9.729302978363876,SS,BCC,False,True,False,False,1,BCC,Mo+Nb+Ti+V+Zr,Mo+Nb+Ti+V+Zr,0.0,0.0,0.0,0.0,0.0,0.0,0.0,0.0,0.0,0.0,0.0,0.0,0.0,0.0,0.0,0.0,0.0,0.0,0.0,0.0,0.0,0.0,0.0,0.0,0.0,0.0,0.0,0.0,0.0,0.0,0.0,0.0,0.0,0.0,0.0,0.0,0.0,0.0,0.0,0.2727272727272727,0.0,0.0,0.18181818181818182,0.0,0.0,0.0,0.0,0.0,0.0,0.0,0.0,0.0,0.0,0.0,0.0,0.0,0.0,0.0,0.0,0.0,0.0,0.0,0.0,0.0,0.0,0.0,0.0,0.0,0.0,0.18181818181818182,0.0,0.0,0.18181818181818182,0.0,0.0,0.0,0.0,0.18181818181818182
Mo1.7NbTiVZr,5,5,0.0666539177797723,-3.47183748845799,1.5822086262781,4.94736842105263,0.803960648237867,0.306634347327417,1.71438596491228,2443.01754385965,9.256890585332055,SS,BCC,False,True,False,False,1,BCC,Mo+Nb+Ti+V+Zr,Mo+Nb+Ti+V+Zr,0.0,0.0,0.0,0.0,0.0,0.0,0.0,0.0,0.0,0.0,0.0,0.0,0.0,0.0,0.0,0.0,0.0,0.0,0.0,0.0,0.0,0.0,0.0,0.0,0.0,0.0,0.0,0.0,0.0,0.0,0.0,0.0,0.0,0.0,0.0,0.0,0.0,0.0,0.0,0.2982456140350877,0.0,0.0,0.17543859649122806,0.0,0.0,0.0,0.0,0.0,0.0,0.0,0.0,0.0,0.0,0.0,0.0,0.0,0.0,0.0,0.0,0.0,0.0,0.0,0.0,0.0,0.0,0.0,0.0,0.0,0.0,0.17543859649122806,0.0,0.0,0.17543859649122806,0.0,0.0,0.0,0.0,0.17543859649122806
Mo2NbTiVZr,5,5,0.0658167005904167,-3.66666666666667,1.56071040904141,5.0,0.816496580927726,0.314253966650471,1.73666666666667,2465.66666666667,8.726085128256992,SS,BCC,False,True,False,False,1,BCC,Mo+Nb+Ti+V+Zr,Mo+Nb+Ti+V+Zr,0.0,0.0,0.0,0.0,0.0,0.0,0.0,0.0,0.0,0.0,0.0,0.0,0.0,0.0,0.0,0.0,0.0,0.0,0.0,0.0,0.0,0.0,0.0,0.0,0.0,0.0,0.0,0.0,0.0,0.0,0.0,0.0,0.0,0.0,0.0,0.0,0.0,0.0,0.0,0.3333333333333333,0.0,0.0,0.16666666666666666,0.0,0.0,0.0,0.0,0.0,0.0,0.0,0.0,0.0,0.0,0.0,0.0,0.0,0.0,0.0,0.0,0.0,0.0,0.0,0.0,0.0,0.0,0.0,0.0,0.0,0.0,0.16666666666666666,0.0,0.0,0.16666666666666666,0.0,0.0,0.0,0.0,0.16666666666666666
MoNbTiV0.25Zr,5,5,0.0631633505159961,-2.60207612456747,1.52846571006102,4.76470588235294,0.806547600047182,0.297856238981738,1.65588235294118,2414.29411764706,11.791255867843317,SS,BCC,False,True,False,False,1,BCC,Mo+Nb+Ti+V+Zr,Mo+Nb+Ti+V+Zr,0.0,0.0,0.0,0.0,0.0,0.0,0.0,0.0,0.0,0.0,0.0,0.0,0.0,0.0,0.0,0.0,0.0,0.0,0.0,0.0,0.0,0.0,0.0,0.0,0.0,0.0,0.0,0.0,0.0,0.0,0.0,0.0,0.0,0.0,0.0,0.0,0.0,0.0,0.0,0.23529411764705882,0.0,0.0,0.23529411764705882,0.0,0.0,0.0,0.0,0.0,0.0,0.0,0.0,0.0,0.0,0.0,0.0,0.0,0.0,0.0,0.0,0.0,0.0,0.0,0.0,0.0,0.0,0.0,0.0,0.0,0.0,0.23529411764705882,0.0,0.0,0.058823529411764705,0.0,0.0,0.0,0.0,0.23529411764705882
MoNbTiV0.50Zr,5,5,0.0655420476181831,-2.66666666666667,1.58109375017182,4.77777777777778,0.785674201318386,0.289524940822073,1.65444444444444,2401.44444444444,11.838471113365358,SS,BCC,False,True,False,False,1,BCC,Mo+Nb+Ti+V+Zr,Mo+Nb+Ti+V+Zr,0.0,0.0,0.0,0.0,0.0,0.0,0.0,0.0,0.0,0.0,0.0,0.0,0.0,0.0,0.0,0.0,0.0,0.0,0.0,0.0,0.0,0.0,0.0,0.0,0.0,0.0,0.0,0.0,0.0,0.0,0.0,0.0,0.0,0.0,0.0,0.0,0.0,0.0,0.0,0.2222222222222222,0.0,0.0,0.2222222222222222,0.0,0.0,0.0,0.0,0.0,0.0,0.0,0.0,0.0,0.0,0.0,0.0,0.0,0.0,0.0,0.0,0.0,0.0,0.0,0.0,0.0,0.0,0.0,0.0,0.0,0.0,0.2222222222222222,0.0,0.0,0.1111111111111111,0.0,0.0,0.0,0.0,0.2222222222222222
MoNbTiV0.75Zr,5,5,0.0672756938649073,-2.70360110803324,1.60356810317052,4.78947368421053,0.76632735676637,0.281855741967018,1.65315789473684,2389.94736842105,11.786023842899464,SS,BCC,False,True,False,False,1,BCC,Mo+Nb+Ti+V+Zr,Mo+Nb+Ti+V+Zr,0.0,0.0,0.0,0.0,0.0,0.0,0.0,0.0,0.0,0.0,0.0,0.0,0.0,0.0,0.0,0.0,0.0,0.0,0.0,0.0,0.0,0.0,0.0,0.0,0.0,0.0,0.0,0.0,0.0,0.0,0.0,0.0,0.0,0.0,0.0,0.0,0.0,0.0,0.0,0.21052631578947367,0.0,0.0,0.21052631578947367,0.0,0.0,0.0,0.0,0.0,0.0,0.0,0.0,0.0,0.0,0.0,0.0,0.0,0.0,0.0,0.0,0.0,0.0,0.0,0.0,0.0,0.0,0.0,0.0,0.0,0.0,0.21052631578947367,0.0,0.0,0.15789473684210525,0.0,0.0,0.0,0.0,0.21052631578947367
MoNbTiV1.0Zr,5,5,0.0685341366319693,-2.72,1.6094379124341,4.8,0.748331477354788,0.27476535443902,1.652,2379.6,11.70694205503625,SS,BCC,False,True,False,False,1,BCC,Mo+Nb+Ti+V+Zr,Mo+Nb+Ti+V+Zr,0.0,0.0,0.0,0.0,0.0,0.0,0.0,0.0,0.0,0.0,0.0,0.0,0.0,0.0,0.0,0.0,0.0,0.0,0.0,0.0,0.0,0.0,0.0,0.0,0.0,0.0,0.0,0.0,0.0,0.0,0.0,0.0,0.0,0.0,0.0,0.0,0.0,0.0,0.0,0.2,0.0,0.0,0.2,0.0,0.0,0.0,0.0,0.0,0.0,0.0,0.0,0.0,0.0,0.0,0.0,0.0,0.0,0.0,0.0,0.0,0.0,0.0,0.0,0.0,0.0,0.0,0.0,0.0,0.0,0.2,0.0,0.0,0.2,0.0,0.0,0.0,0.0,0.2
MoNbTiV1.5Zr,5,5,0.070059046173656,-2.71074380165289,1.59416669911802,4.81818181818182,0.715818897637437,0.262054817304943,1.65,2361.72727272727,11.548064190006475,SS,BCC,False,True,False,False,1,BCC,Mo+Nb+Ti+V+Zr,Mo+Nb+Ti+V+Zr,0.0,0.0,0.0,0.0,0.0,0.0,0.0,0.0,0.0,0.0,0.0,0.0,0.0,0.0,0.0,0.0,0.0,0.0,0.0,0.0,0.0,0.0,0.0,0.0,0.0,0.0,0.0,0.0,0.0,0.0,0.0,0.0,0.0,0.0,0.0,0.0,0.0,0.0,0.0,0.18181818181818182,0.0,0.0,0.18181818181818182,0.0,0.0,0.0,0.0,0.0,0.0,0.0,0.0,0.0,0.0,0.0,0.0,0.0,0.0,0.0,0.0,0.0,0.0,0.0,0.0,0.0,0.0,0.0,0.0,0.0,0.0,0.18181818181818182,0.0,0.0,0.2727272727272727,0.0,0.0,0.0,0.0,0.18181818181818182
MoNbTiV2.0Zr,5,5,0.0707119924674055,-2.66666666666667,1.56071040904141,4.83333333333333,0.687184270936277,0.250959270710519,1.64833333333333,2346.83333333333,11.420103180350559,SS,BCC,False,True,False,False,1,BCC,Mo+Nb+Ti+V+Zr,Mo+Nb+Ti+V+Zr,0.0,0.0,0.0,0.0,0.0,0.0,0.0,0.0,0.0,0.0,0.0,0.0,0.0,0.0,0.0,0.0,0.0,0.0,0.0,0.0,0.0,0.0,0.0,0.0,0.0,0.0,0.0,0.0,0.0,0.0,0.0,0.0,0.0,0.0,0.0,0.0,0.0,0.0,0.0,0.16666666666666666,0.0,0.0,0.16666666666666666,0.0,0.0,0.0,0.0,0.0,0.0,0.0,0.0,0.0,0.0,0.0,0.0,0.0,0.0,0.0,0.0,0.0,0.0,0.0,0.0,0.0,0.0,0.0,0.0,0.0,0.0,0.16666666666666666,0.0,0.0,0.3333333333333333,0.0,0.0,0.0,0.0,0.16666666666666666
MoNbTiV3.0Zr,5,5,0.0705856684721702,-2.53061224489796,1.47507631105469,4.85714285714286,0.63887656499994,0.232431688450431,1.64571428571429,2323.42857142857,11.260363077361923,SS,BCC,False,True,False,False,1,BCC,Mo+Nb+Ti+V+Zr,Mo+Nb+Ti+V+Zr,0.0,0.0,0.0,0.0,0.0,0.0,0.0,0.0,0.0,0.0,0.0,0.0,0.0,0.0,0.0,0.0,0.0,0.0,0.0,0.0,0.0,0.0,0.0,0.0,0.0,0.0,0.0,0.0,0.0,0.0,0.0,0.0,0.0,0.0,0.0,0.0,0.0,0.0,0.0,0.14285714285714285,0.0,0.0,0.14285714285714285,0.0,0.0,0.0,0.0,0.0,0.0,0.0,0.0,0.0,0.0,0.0,0.0,0.0,0.0,0.0,0.0,0.0,0.0,0.0,0.0,0.0,0.0,0.0,0.0,0.0,0.0,0.14285714285714285,0.0,0.0,0.42857142857142855,0.0,0.0,0.0,0.0,0.14285714285714285
MoNbTiV3Zr,5,5,0.0705856684721702,-2.53061224489796,1.47507631105469,4.85714285714286,0.63887656499994,0.232431688450431,1.64571428571429,2323.42857142857,11.260363077361923,SS,2BCC,False,True,False,False,1,,Mo+Nb+Ti+V+Zr,Mo+Nb+Ti+V+Zr,0.0,0.0,0.0,0.0,0.0,0.0,0.0,0.0,0.0,0.0,0.0,0.0,0.0,0.0,0.0,0.0,0.0,0.0,0.0,0.0,0.0,0.0,0.0,0.0,0.0,0.0,0.0,0.0,0.0,0.0,0.0,0.0,0.0,0.0,0.0,0.0,0.0,0.0,0.0,0.14285714285714285,0.0,0.0,0.14285714285714285,0.0,0.0,0.0,0.0,0.0,0.0,0.0,0.0,0.0,0.0,0.0,0.0,0.0,0.0,0.0,0.0,0.0,0.0,0.0,0.0,0.0,0.0,0.0,0.0,0.0,0.0,0.14285714285714285,0.0,0.0,0.42857142857142855,0.0,0.0,0.0,0.0,0.14285714285714285
MoNbTiVZr,5,5,0.0685341366319693,-2.72,1.6094379124341,4.8,0.748331477354788,0.27476535443902,1.652,2379.6,11.70694205503625,SS,BCC,False,True,False,False,1,BCC,Mo+Nb+Ti+V+Zr,Mo+Nb+Ti+V+Zr,0.0,0.0,0.0,0.0,0.0,0.0,0.0,0.0,0.0,0.0,0.0,0.0,0.0,0.0,0.0,0.0,0.0,0.0,0.0,0.0,0.0,0.0,0.0,0.0,0.0,0.0,0.0,0.0,0.0,0.0,0.0,0.0,0.0,0.0,0.0,0.0,0.0,0.0,0.0,0.2,0.0,0.0,0.2,0.0,0.0,0.0,0.0,0.0,0.0,0.0,0.0,0.0,0.0,0.0,0.0,0.0,0.0,0.0,0.0,0.0,0.0,0.0,0.0,0.0,0.0,0.0,0.0,0.0,0.0,0.2,0.0,0.0,0.2,0.0,0.0,0.0,0.0,0.2
MoTaVWZr,5,5,0.0708956775286293,-4.8,1.6094379124341,5.2,0.748331477354788,0.395706962283961,1.796,2838.4,7.912992850244485,IM,IM,False,False,True,False,0,,Mo+Ta+V+W+Zr,Mo+Ta+V+W+Zr,0.0,0.0,0.0,0.0,0.0,0.0,0.0,0.0,0.0,0.0,0.0,0.0,0.0,0.0,0.0,0.0,0.0,0.0,0.0,0.0,0.0,0.0,0.0,0.0,0.0,0.0,0.0,0.0,0.0,0.0,0.0,0.0,0.0,0.0,0.0,0.0,0.0,0.0,0.0,0.2,0.0,0.0,0.0,0.0,0.0,0.0,0.0,0.0,0.0,0.0,0.0,0.0,0.0,0.0,0.0,0.0,0.0,0.0,0.0,0.0,0.0,0.0,0.0,0.0,0.0,0.0,0.2,0.0,0.0,0.0,0.0,0.0,0.2,0.2,0.0,0.0,0.0,0.2
NbSnTaTiZr,5,5,0.056243920493665,-9.28,1.6094379124341,4.4,0.489897948556636,0.207422274599427,1.586,2122.816,3.0610666700978806,IM,IM,False,False,True,False,0,,Nb+Sn+Ta+Ti+Zr,Nb+Sn+Ta+Ti+Zr,0.0,0.0,0.0,0.0,0.0,0.0,0.0,0.0,0.0,0.0,0.0,0.0,0.0,0.0,0.0,0.0,0.0,0.0,0.0,0.0,0.0,0.0,0.0,0.0,0.0,0.0,0.0,0.0,0.0,0.0,0.0,0.0,0.0,0.0,0.0,0.0,0.0,0.0,0.0,0.0,0.0,0.0,0.2,0.0,0.0,0.0,0.0,0.0,0.0,0.0,0.0,0.0,0.0,0.0,0.0,0.0,0.0,0.0,0.0,0.0,0.0,0.0,0.0,0.0,0.2,0.0,0.2,0.0,0.0,0.2,0.0,0.0,0.0,0.0,0.0,0.0,0.0,0.2
NbTaTiVW,5,5,0.037404471064456,-3.68,1.6094379124341,5.0,0.632455532033676,0.320224920954007,1.726,2771.8,10.079116946920953,SS,BCC+HCP,False,True,False,True,1,,Nb+Ta+Ti+V+W,Nb+Ta+Ti+V+W,0.0,0.0,0.0,0.0,0.0,0.0,0.0,0.0,0.0,0.0,0.0,0.0,0.0,0.0,0.0,0.0,0.0,0.0,0.0,0.0,0.0,0.0,0.0,0.0,0.0,0.0,0.0,0.0,0.0,0.0,0.0,0.0,0.0,0.0,0.0,0.0,0.0,0.0,0.0,0.0,0.0,0.0,0.2,0.0,0.0,0.0,0.0,0.0,0.0,0.0,0.0,0.0,0.0,0.0,0.0,0.0,0.0,0.0,0.0,0.0,0.0,0.0,0.0,0.0,0.0,0.0,0.2,0.0,0.0,0.2,0.0,0.0,0.2,0.2,0.0,0.0,0.0,0.0
Ni61Al11Ni8Co5Cu15,5,5,0.110637097416217,-22.5536,1.18073389971313,5.06,3.32812259389584,0.340435764866149,1.4043,1324.1572,0.5763813102987478,AM,AM,False,False,False,False,0,,Al+Co+Cu+Nd+Ni,Al+Co+Cu+Nd+Ni,0.0,0.11,0.0,0.0,0.0,0.0,0.0,0.0,0.0,0.0,0.0,0.0,0.0,0.0,0.05,0.0,0.0,0.15,0.0,0.0,0.0,0.0,0.0,0.0,0.0,0.0,0.0,0.0,0.0,0.0,0.0,0.0,0.0,0.0,0.0,0.0,0.0,0.0,0.0,0.0,0.0,0.0,0.0,0.61,0.0,0.08,0.0,0.0,0.0,0.0,0.0,0.0,0.0,0.0,0.0,0.0,0.0,0.0,0.0,0.0,0.0,0.0,0.0,0.0,0.0,0.0,0.0,0.0,0.0,0.0,0.0,0.0,0.0,0.0,0.0,0.0,0.0,0.0
Nd60Al10Ni10Cu10Fe10,5,5,0.11575433170082,-22.12,1.22752941145721,5.0,3.13049516849971,0.338214429023955,1.409,1361.224,0.6280736399791783,AM,AM,False,False,False,False,0,,Al+Cu+Fe+Nd+Ni,Al+Cu+Fe+Nd+Ni,0.0,0.1,0.0,0.0,0.0,0.0,0.0,0.0,0.0,0.0,0.0,0.0,0.0,0.0,0.0,0.0,0.0,0.1,0.0,0.0,0.0,0.0,0.1,0.0,0.0,0.0,0.0,0.0,0.0,0.0,0.0,0.0,0.0,0.0,0.0,0.0,0.0,0.0,0.0,0.0,0.0,0.0,0.0,0.6,0.0,0.1,0.0,0.0,0.0,0.0,0.0,0.0,0.0,0.0,0.0,0.0,0.0,0.0,0.0,0.0,0.0,0.0,0.0,0.0,0.0,0.0,0.0,0.0,0.0,0.0,0.0,0.0,0.0,0.0,0.0,0.0,0.0,0.0
Nd60Al10Ni10Cu16Fe4,5,5,0.113487044185128,-25.2352,1.18898046005286,5.18,3.37455182209431,0.343804828354693,1.4132,1334.0302,0.5225980834866667,AM,AM,False,False,False,False,0,,Al+Cu+Fe+Nd+Ni,Al+Cu+Fe+Nd+Ni,0.0,0.1,0.0,0.0,0.0,0.0,0.0,0.0,0.0,0.0,0.0,0.0,0.0,0.0,0.0,0.0,0.0,0.16,0.0,0.0,0.0,0.0,0.04,0.0,0.0,0.0,0.0,0.0,0.0,0.0,0.0,0.0,0.0,0.0,0.0,0.0,0.0,0.0,0.0,0.0,0.0,0.0,0.0,0.6,0.0,0.1,0.0,0.0,0.0,0.0,0.0,0.0,0.0,0.0,0.0,0.0,0.0,0.0,0.0,0.0,0.0,0.0,0.0,0.0,0.0,0.0,0.0,0.0,0.0,0.0,0.0,0.0,0.0,0.0,0.0,0.0,0.0,0.0
Nd60Al10Ni10Cu18Fe2,5,5,0.112719829165263,-26.3568,1.15391657002351,5.24,3.44998550721594,0.345636861460117,1.4146,1324.9656,0.48230361446653697,AM,AM,False,False,False,False,0,,Al+Cu+Fe+Nd+Ni,Al+Cu+Fe+Nd+Ni,0.0,0.1,0.0,0.0,0.0,0.0,0.0,0.0,0.0,0.0,0.0,0.0,0.0,0.0,0.0,0.0,0.0,0.18,0.0,0.0,0.0,0.0,0.02,0.0,0.0,0.0,0.0,0.0,0.0,0.0,0.0,0.0,0.0,0.0,0.0,0.0,0.0,0.0,0.0,0.0,0.0,0.0,0.0,0.6,0.0,0.1,0.0,0.0,0.0,0.0,0.0,0.0,0.0,0.0,0.0,0.0,0.0,0.0,0.0,0.0,0.0,0.0,0.0,0.0,0.0,0.0,0.0,0.0,0.0,0.0,0.0,0.0,0.0,0.0,0.0,0.0,0.0,0.0
Nd60Al15Ni10Cu10Fe5,5,5,0.108609644293456,-27.37,1.20136700426899,4.75,3.08017856625229,0.327759057845851,1.398,1317.3475,0.4807678735883267,AM,AM,False,False,False,False,0,,Al+Cu+Fe+Nd+Ni,Al+Cu+Fe+Nd+Ni,0.0,0.15,0.0,0.0,0.0,0.0,0.0,0.0,0.0,0.0,0.0,0.0,0.0,0.0,0.0,0.0,0.0,0.1,0.0,0.0,0.0,0.0,0.05,0.0,0.0,0.0,0.0,0.0,0.0,0.0,0.0,0.0,0.0,0.0,0.0,0.0,0.0,0.0,0.0,0.0,0.0,0.0,0.0,0.6,0.0,0.1,0.0,0.0,0.0,0.0,0.0,0.0,0.0,0.0,0.0,0.0,0.0,0.0,0.0,0.0,0.0,0.0,0.0,0.0,0.0,0.0,0.0,0.0,0.0,0.0,0.0,0.0,0.0,0.0,0.0,0.0,0.0,0.0
NiCoCrMnV,5,5,0.0333129186592414,-9.12,1.6094379124341,7.4,1.85472369909914,0.142912560679599,1.726,1875.6,2.7520340202631868,SS+IM,FCC+IM,True,False,True,False,0,,Co+Cr+Mn+Ni+V,Co+Cr+Mn+Ni+V,0.0,0.0,0.0,0.0,0.0,0.0,0.0,0.0,0.0,0.0,0.0,0.0,0.0,0.0,0.2,0.2,0.0,0.0,0.0,0.0,0.0,0.0,0.0,0.0,0.0,0.0,0.0,0.0,0.0,0.0,0.0,0.0,0.0,0.0,0.0,0.0,0.0,0.0,0.2,0.0,0.0,0.0,0.0,0.0,0.0,0.2,0.0,0.0,0.0,0.0,0.0,0.0,0.0,0.0,0.0,0.0,0.0,0.0,0.0,0.0,0.0,0.0,0.0,0.0,0.0,0.0,0.0,0.0,0.0,0.0,0.0,0.0,0.2,0.0,0.0,0.0,0.0,0.0
NiCoFeCrAl0.375,5,5,0.041171340312208,-7.9934693877551,1.55997759863915,7.8,2.03960780543711,0.109565375135448,1.802,1791.326,2.9066441126260956,SS,FCC,True,False,False,False,1,FCC,Al+Co+Cr+Fe+Ni,Al+Co+Cr+Fe+Ni,0.0,0.9894459102902374,0.0,0.0,0.0,0.0,0.0,0.0,0.0,0.0,0.0,0.0,0.0,0.0,0.002638522427440633,0.002638522427440633,0.0,0.0,0.0,0.0,0.0,0.0,0.002638522427440633,0.0,0.0,0.0,0.0,0.0,0.0,0.0,0.0,0.0,0.0,0.0,0.0,0.0,0.0,0.0,0.0,0.0,0.0,0.0,0.0,0.0,0.0,0.002638522427440633,0.0,0.0,0.0,0.0,0.0,0.0,0.0,0.0,0.0,0.0,0.0,0.0,0.0,0.0,0.0,0.0,0.0,0.0,0.0,0.0,0.0,0.0,0.0,0.0,0.0,0.0,0.0,0.0,0.0,0.0,0.0,0.0
NiCoFeCrMo0.3,5,5,0.0237773196262265,-4.15359653866955,1.54261312532691,8.09302325581395,1.53734826800357,0.127279645531312,1.84372093023256,1943.20930232558,6.000486724256939,SS,FCC,True,False,False,False,1,FCC,Co+Cr+Fe+Mo+Ni,Co+Cr+Fe+Mo+Ni,0.0,0.0,0.0,0.0,0.0,0.0,0.0,0.0,0.0,0.0,0.0,0.0,0.0,0.0,0.23255813953488372,0.23255813953488372,0.0,0.0,0.0,0.0,0.0,0.0,0.23255813953488372,0.0,0.0,0.0,0.0,0.0,0.0,0.0,0.0,0.0,0.0,0.0,0.0,0.0,0.0,0.0,0.0,0.06976744186046512,0.0,0.0,0.0,0.0,0.0,0.23255813953488372,0.0,0.0,0.0,0.0,0.0,0.0,0.0,0.0,0.0,0.0,0.0,0.0,0.0,0.0,0.0,0.0,0.0,0.0,0.0,0.0,0.0,0.0,0.0,0.0,0.0,0.0,0.0,0.0,0.0,0.0,0.0,0.0
NiCoFeCrMo0.1Al0.3,6,5,0.0146562985413085,-3.90243902439024,1.46714758573451,8.19512195121951,1.50153599723135,0.108961896204633,1.82829268292683,1896.73170731707,5.92894971113664,SS,FCC,True,False,False,False,1,FCC,Al+Co+Cr+Fe+Mo+Ni,Al+Co+Cr+Fe+Mo+Ni,0.0,0.06818181818181818,0.0,0.0,0.0,0.0,0.0,0.0,0.0,0.0,0.0,0.0,0.0,0.0,0.22727272727272727,0.22727272727272727,0.0,0.0,0.0,0.0,0.0,0.0,0.22727272727272727,0.0,0.0,0.0,0.0,0.0,0.0,0.0,0.0,0.0,0.0,0.0,0.0,0.0,0.0,0.0,0.0,0.022727272727272728,0.0,0.0,0.0,0.0,0.0,0.22727272727272727,0.0,0.0,0.0,0.0,0.0,0.0,0.0,0.0,0.0,0.0,0.0,0.0,0.0,0.0,0.0,0.0,0.0,0.0,0.0,0.0,0.0,0.0,0.0,0.0,0.0,0.0,0.0,0.0,0.0,0.0,0.0,0.0
Ni40Cu5Ti17Zr28Al10,5,5,0.106962587677478,-43.254,1.40422446808279,6.65,3.15079355083763,0.247055378407352,1.6542,1778.2455,0.47999439238060265,AM,AM,False,False,False,False,0,,Al+Cu+Ni+Ti+Zr,Al+Cu+Ni+Ti+Zr,0.0,0.1,0.0,0.0,0.0,0.0,0.0,0.0,0.0,0.0,0.0,0.0,0.0,0.0,0.0,0.0,0.0,0.05,0.0,0.0,0.0,0.0,0.0,0.0,0.0,0.0,0.0,0.0,0.0,0.0,0.0,0.0,0.0,0.0,0.0,0.0,0.0,0.0,0.0,0.0,0.0,0.0,0.0,0.0,0.0,0.4,0.0,0.0,0.0,0.0,0.0,0.0,0.0,0.0,0.0,0.0,0.0,0.0,0.0,0.0,0.0,0.0,0.0,0.0,0.0,0.0,0.0,0.0,0.0,0.17,0.0,0.0,0.0,0.0,0.0,0.0,0.0,0.28
Ni40Cu6Ti16Zr28Al10,5,5,0.107382417194274,-42.8112,1.41522286848201,6.72,3.16884837125414,0.247986209293985,1.6578,1772.4132,0.4871543638177362,AM,AM,False,False,False,False,0,,Al+Cu+Ni+Ti+Zr,Al+Cu+Ni+Ti+Zr,0.0,0.1,0.0,0.0,0.0,0.0,0.0,0.0,0.0,0.0,0.0,0.0,0.0,0.0,0.0,0.0,0.0,0.06,0.0,0.0,0.0,0.0,0.0,0.0,0.0,0.0,0.0,0.0,0.0,0.0,0.0,0.0,0.0,0.0,0.0,0.0,0.0,0.0,0.0,0.0,0.0,0.0,0.0,0.0,0.0,0.4,0.0,0.0,0.0,0.0,0.0,0.0,0.0,0.0,0.0,0.0,0.0,0.0,0.0,0.0,0.0,0.0,0.0,0.0,0.0,0.0,0.0,0.0,0.0,0.16,0.0,0.0,0.0,0.0,0.0,0.0,0.0,0.28
Ni70Mo5Nb5P14B6,5,5,0.107017502748104,-27.8392,0.993306131010311,8.43,2.45460791166329,0.134104436913922,1.954,1677.262,0.4975783296235652,AM,AM,False,False,False,False,0,,B+Mo+Nb+Ni+P,B+Mo+Nb+Ni+P,0.0,0.0,0.0,0.0,0.06,0.0,0.0,0.0,0.0,0.0,0.0,0.0,0.0,0.0,0.0,0.0,0.0,0.0,0.0,0.0,0.0,0.0,0.0,0.0,0.0,0.0,0.0,0.0,0.0,0.0,0.0,0.0,0.0,0.0,0.0,0.0,0.0,0.0,0.0,0.05,0.0,0.0,0.05,0.0,0.0,0.7,0.0,0.0,0.0,0.14,0.0,0.0,0.0,0.0,0.0,0.0,0.0,0.0,0.0,0.0,0.0,0.0,0.0,0.0,0.0,0.0,0.0,0.0,0.0,0.0,0.0,0.0,0.0,0.0,0.0,0.0,0.0,0.0
SrCaYbMgZn,5,5,0.152531711281572,-13.12,1.6094379124341,4.2,3.91918358845309,0.255765517613301,1.202,975.536,0.9949880806890651,AM,AM,False,False,False,False,0,,Ca+Mg+Sr+Yb+Zn,Ca+Mg+Sr+Yb+Zn,0.0,0.0,0.0,0.0,0.0,0.0,0.0,0.0,0.0,0.0,0.2,0.0,0.0,0.0,0.0,0.0,0.0,0.0,0.0,0.0,0.0,0.0,0.0,0.0,0.0,0.0,0.0,0.0,0.0,0.0,0.0,0.0,0.0,0.0,0.0,0.0,0.0,0.2,0.0,0.0,0.0,0.0,0.0,0.0,0.0,0.0,0.0,0.0,0.0,0.0,0.0,0.0,0.0,0.0,0.0,0.0,0.0,0.0,0.0,0.0,0.0,0.0,0.0,0.0,0.0,0.2,0.0,0.0,0.0,0.0,0.0,0.0,0.0,0.0,0.0,0.2,0.2,0.0
TaNbVTiAl0.25,5,5,0.0383243970909152,-4.81660899653979,1.52846571006102,4.64705882352941,0.588235294117647,0.0501761602638497,1.57,2446.43941176471,6.454802480035854,SS,BCC,False,True,False,False,1,BCC,Al+Nb+Ta+Ti+V,Al+Nb+Ta+Ti+V,0.0,0.058823529411764705,0.0,0.0,0.0,0.0,0.0,0.0,0.0,0.0,0.0,0.0,0.0,0.0,0.0,0.0,0.0,0.0,0.0,0.0,0.0,0.0,0.0,0.0,0.0,0.0,0.0,0.0,0.0,0.0,0.0,0.0,0.0,0.0,0.0,0.0,0.0,0.0,0.0,0.0,0.0,0.0,0.23529411764705882,0.0,0.0,0.0,0.0,0.0,0.0,0.0,0.0,0.0,0.0,0.0,0.0,0.0,0.0,0.0,0.0,0.0,0.0,0.0,0.0,0.0,0.0,0.0,0.23529411764705882,0.0,0.0,0.23529411764705882,0.0,0.0,0.23529411764705882,0.0,0.0,0.0,0.0,0.0
TaNbVTiAl0.5,5,5,0.0373750476203632,-8.39506172839506,1.58109375017182,4.55555555555556,0.684934889218775,0.0496158079150358,1.57222222222222,2362.38555555556,3.699292668308294,SS,BCC,False,True,False,False,1,BCC,Al+Nb+Ta+Ti+V,Al+Nb+Ta+Ti+V,0.0,0.1111111111111111,0.0,0.0,0.0,0.0,0.0,0.0,0.0,0.0,0.0,0.0,0.0,0.0,0.0,0.0,0.0,0.0,0.0,0.0,0.0,0.0,0.0,0.0,0.0,0.0,0.0,0.0,0.0,0.0,0.0,0.0,0.0,0.0,0.0,0.0,0.0,0.0,0.0,0.0,0.0,0.0,0.2222222222222222,0.0,0.0,0.0,0.0,0.0,0.0,0.0,0.0,0.0,0.0,0.0,0.0,0.0,0.0,0.0,0.0,0.0,0.0,0.0,0.0,0.0,0.0,0.0,0.2222222222222222,0.0,0.0,0.2222222222222222,0.0,0.0,0.2222222222222222,0.0,0.0,0.0,0.0,0.0
Ti50Cu20Ni24Si4B2,5,5,0.0969160842727338,-29.8816,1.21796459122372,6.82,3.24154284253656,0.186174541761219,1.7252,1771.234,0.6002621230683254,AM,AM,False,False,False,False,0,,B+Cu+Ni+Si+Ti,B+Cu+Ni+Si+Ti,0.0,0.0,0.0,0.0,0.02,0.0,0.0,0.0,0.0,0.0,0.0,0.0,0.0,0.0,0.0,0.0,0.0,0.2,0.0,0.0,0.0,0.0,0.0,0.0,0.0,0.0,0.0,0.0,0.0,0.0,0.0,0.0,0.0,0.0,0.0,0.0,0.0,0.0,0.0,0.0,0.0,0.0,0.0,0.0,0.0,0.24,0.0,0.0,0.0,0.0,0.0,0.0,0.0,0.0,0.0,0.0,0.0,0.0,0.0,0.0,0.0,0.0,0.04,0.0,0.0,0.0,0.0,0.0,0.0,0.5,0.0,0.0,0.0,0.0,0.0,0.0,0.0,0.0
Ti50Ni20Cu25Sn3Be7,5,5,0.0887392368752944,-20.9922902494331,1.29296130945673,6.67619047619048,3.41005582441455,0.181847560190926,1.71019047619048,1695.138,0.8680903958227555,AM,AM,False,False,False,False,0,,Be+Cu+Ni+Sn+Ti,Be+Cu+Ni+Sn+Ti,0.0,0.0,0.0,0.0,0.0,0.0,0.06666666666666667,0.0,0.0,0.0,0.0,0.0,0.0,0.0,0.0,0.0,0.0,0.23809523809523808,0.0,0.0,0.0,0.0,0.0,0.0,0.0,0.0,0.0,0.0,0.0,0.0,0.0,0.0,0.0,0.0,0.0,0.0,0.0,0.0,0.0,0.0,0.0,0.0,0.0,0.0,0.0,0.19047619047619047,0.0,0.0,0.0,0.0,0.0,0.0,0.0,0.0,0.0,0.0,0.0,0.0,0.0,0.0,0.0,0.0,0.0,0.0,0.02857142857142857,0.0,0.0,0.0,0.0,0.47619047619047616,0.0,0.0,0.0,0.0,0.0,0.0,0.0,0.0
Ti1Zr1Cu1Ni1Be1,5,5,0.125276820412014,-30.24,1.6094379124341,6.2,3.6,0.224053565024081,1.65,1742.954,0.7712808546456434,AM,AM,False,False,False,False,0,,Be+Cu+Ni+Ti+Zr,Be+Cu+Ni+Ti+Zr,0.0,0.0,0.0,0.0,0.0,0.0,0.2,0.0,0.0,0.0,0.0,0.0,0.0,0.0,0.0,0.0,0.0,0.2,0.0,0.0,0.0,0.0,0.0,0.0,0.0,0.0,0.0,0.0,0.0,0.0,0.0,0.0,0.0,0.0,0.0,0.0,0.0,0.0,0.0,0.0,0.0,0.0,0.0,0.0,0.0,0.2,0.0,0.0,0.0,0.0,0.0,0.0,0.0,0.0,0.0,0.0,0.0,0.0,0.0,0.0,0.0,0.0,0.0,0.0,0.0,0.0,0.0,0.0,0.0,0.2,0.0,0.0,0.0,0.0,0.0,0.0,0.0,0.2
TiZrHfCuNi,5,5,0.103363704108683,-27.36,1.6094379124341,6.6,3.2,0.265525893275967,1.596,1932.154,0.9450048945026653,AM,AM,False,False,False,False,0,,Cu+Hf+Ni+Ti+Zr,Cu+Hf+Ni+Ti+Zr,0.0,0.0,0.0,0.0,0.0,0.0,0.0,0.0,0.0,0.0,0.0,0.0,0.0,0.0,0.0,0.0,0.0,0.2,0.0,0.0,0.0,0.0,0.0,0.0,0.0,0.0,0.0,0.2,0.0,0.0,0.0,0.0,0.0,0.0,0.0,0.0,0.0,0.0,0.0,0.0,0.0,0.0,0.0,0.0,0.0,0.2,0.0,0.0,0.0,0.0,0.0,0.0,0.0,0.0,0.0,0.0,0.0,0.0,0.0,0.0,0.0,0.0,0.0,0.0,0.0,0.0,0.0,0.0,0.0,0.2,0.0,0.0,0.0,0.0,0.0,0.0,0.0,0.2
TiZrNbMoV0.25,5,5,0.0631633505159961,-2.60207612456747,1.52846571006102,4.76470588235294,0.806547600047182,0.297856238981738,1.65588235294118,2414.29411764706,11.791255867843317,SS,BCC,False,True,False,False,1,BCC,Mo+Nb+Ti+V+Zr,Mo+Nb+Ti+V+Zr,0.0,0.0,0.0,0.0,0.0,0.0,0.0,0.0,0.0,0.0,0.0,0.0,0.0,0.0,0.0,0.0,0.0,0.0,0.0,0.0,0.0,0.0,0.0,0.0,0.0,0.0,0.0,0.0,0.0,0.0,0.0,0.0,0.0,0.0,0.0,0.0,0.0,0.0,0.0,0.23529411764705882,0.0,0.0,0.23529411764705882,0.0,0.0,0.0,0.0,0.0,0.0,0.0,0.0,0.0,0.0,0.0,0.0,0.0,0.0,0.0,0.0,0.0,0.0,0.0,0.0,0.0,0.0,0.0,0.0,0.0,0.0,0.23529411764705882,0.0,0.0,0.058823529411764705,0.0,0.0,0.0,0.0,0.23529411764705882
TiZrNbMoV0.5,5,5,0.0655420476181831,-2.66666666666667,1.58109375017182,4.77777777777778,0.785674201318386,0.289524940822073,1.65444444444444,2401.44444444444,11.838471113365358,SS,BCC,False,True,False,False,1,BCC,Mo+Nb+Ti+V+Zr,Mo+Nb+Ti+V+Zr,0.0,0.0,0.0,0.0,0.0,0.0,0.0,0.0,0.0,0.0,0.0,0.0,0.0,0.0,0.0,0.0,0.0,0.0,0.0,0.0,0.0,0.0,0.0,0.0,0.0,0.0,0.0,0.0,0.0,0.0,0.0,0.0,0.0,0.0,0.0,0.0,0.0,0.0,0.0,0.2222222222222222,0.0,0.0,0.2222222222222222,0.0,0.0,0.0,0.0,0.0,0.0,0.0,0.0,0.0,0.0,0.0,0.0,0.0,0.0,0.0,0.0,0.0,0.0,0.0,0.0,0.0,0.0,0.0,0.0,0.0,0.0,0.2222222222222222,0.0,0.0,0.1111111111111111,0.0,0.0,0.0,0.0,0.2222222222222222
TiZrNbMoV0.75,5,5,0.0672756938649072,-2.70360110803324,1.60356810317052,4.78947368421053,0.76632735676637,0.281855741967018,1.65315789473684,2389.94736842105,11.786023842899464,SS,BCC,False,True,False,False,1,BCC,Mo+Nb+Ti+V+Zr,Mo+Nb+Ti+V+Zr,0.0,0.0,0.0,0.0,0.0,0.0,0.0,0.0,0.0,0.0,0.0,0.0,0.0,0.0,0.0,0.0,0.0,0.0,0.0,0.0,0.0,0.0,0.0,0.0,0.0,0.0,0.0,0.0,0.0,0.0,0.0,0.0,0.0,0.0,0.0,0.0,0.0,0.0,0.0,0.21052631578947367,0.0,0.0,0.21052631578947367,0.0,0.0,0.0,0.0,0.0,0.0,0.0,0.0,0.0,0.0,0.0,0.0,0.0,0.0,0.0,0.0,0.0,0.0,0.0,0.0,0.0,0.0,0.0,0.0,0.0,0.0,0.21052631578947367,0.0,0.0,0.15789473684210525,0.0,0.0,0.0,0.0,0.21052631578947367
TiZrNbMoV1.5,5,5,0.070059046173656,-2.71074380165289,1.59416669911802,4.81818181818182,0.715818897637437,0.262054817304943,1.65,2361.72727272727,11.548064190006475,SS,BCC,False,True,False,False,1,BCC,Mo+Nb+Ti+V+Zr,Mo+Nb+Ti+V+Zr,0.0,0.0,0.0,0.0,0.0,0.0,0.0,0.0,0.0,0.0,0.0,0.0,0.0,0.0,0.0,0.0,0.0,0.0,0.0,0.0,0.0,0.0,0.0,0.0,0.0,0.0,0.0,0.0,0.0,0.0,0.0,0.0,0.0,0.0,0.0,0.0,0.0,0.0,0.0,0.18181818181818182,0.0,0.0,0.18181818181818182,0.0,0.0,0.0,0.0,0.0,0.0,0.0,0.0,0.0,0.0,0.0,0.0,0.0,0.0,0.0,0.0,0.0,0.0,0.0,0.0,0.0,0.0,0.0,0.0,0.0,0.0,0.18181818181818182,0.0,0.0,0.2727272727272727,0.0,0.0,0.0,0.0,0.18181818181818182
TiZrNbMoV2,5,5,0.0707119924674055,-2.66666666666667,1.56071040904141,4.83333333333333,0.687184270936277,0.250959270710519,1.64833333333333,2346.83333333333,11.420103180350559,SS,BCC,False,True,False,False,1,BCC,Mo+Nb+Ti+V+Zr,Mo+Nb+Ti+V+Zr,0.0,0.0,0.0,0.0,0.0,0.0,0.0,0.0,0.0,0.0,0.0,0.0,0.0,0.0,0.0,0.0,0.0,0.0,0.0,0.0,0.0,0.0,0.0,0.0,0.0,0.0,0.0,0.0,0.0,0.0,0.0,0.0,0.0,0.0,0.0,0.0,0.0,0.0,0.0,0.16666666666666666,0.0,0.0,0.16666666666666666,0.0,0.0,0.0,0.0,0.0,0.0,0.0,0.0,0.0,0.0,0.0,0.0,0.0,0.0,0.0,0.0,0.0,0.0,0.0,0.0,0.0,0.0,0.0,0.0,0.0,0.0,0.16666666666666666,0.0,0.0,0.3333333333333333,0.0,0.0,0.0,0.0,0.16666666666666666
TiZrNbMoV3,5,5,0.0705856684721702,-2.53061224489796,1.47507631105469,4.85714285714286,0.63887656499994,0.232431688450431,1.64571428571429,2323.42857142857,11.260363077361923,SS,BCC,False,True,False,False,1,BCC,Mo+Nb+Ti+V+Zr,Mo+Nb+Ti+V+Zr,0.0,0.0,0.0,0.0,0.0,0.0,0.0,0.0,0.0,0.0,0.0,0.0,0.0,0.0,0.0,0.0,0.0,0.0,0.0,0.0,0.0,0.0,0.0,0.0,0.0,0.0,0.0,0.0,0.0,0.0,0.0,0.0,0.0,0.0,0.0,0.0,0.0,0.0,0.0,0.14285714285714285,0.0,0.0,0.14285714285714285,0.0,0.0,0.0,0.0,0.0,0.0,0.0,0.0,0.0,0.0,0.0,0.0,0.0,0.0,0.0,0.0,0.0,0.0,0.0,0.0,0.0,0.0,0.0,0.0,0.0,0.0,0.14285714285714285,0.0,0.0,0.42857142857142855,0.0,0.0,0.0,0.0,0.14285714285714285
Ti40Zr25Ni3Cu12Be20,5,5,0.121747782453146,-25.8764,1.39460582678007,4.62,2.71580558950747,0.175508290402476,1.5478,1835.1724,0.8223537432404816,AM,AM,False,False,False,False,0,,Be+Cu+Ni+Ti+Zr,Be+Cu+Ni+Ti+Zr,0.0,0.0,0.0,0.0,0.0,0.0,0.2,0.0,0.0,0.0,0.0,0.0,0.0,0.0,0.0,0.0,0.0,0.12,0.0,0.0,0.0,0.0,0.0,0.0,0.0,0.0,0.0,0.0,0.0,0.0,0.0,0.0,0.0,0.0,0.0,0.0,0.0,0.0,0.0,0.0,0.0,0.0,0.0,0.0,0.0,0.03,0.0,0.0,0.0,0.0,0.0,0.0,0.0,0.0,0.0,0.0,0.0,0.0,0.0,0.0,0.0,0.0,0.0,0.0,0.0,0.0,0.0,0.0,0.0,0.4,0.0,0.0,0.0,0.0,0.0,0.0,0.0,0.25
Ti40Zr25Ni8Cu9Be18,5,5,0.120055375472095,-28.2612,1.44052699640951,4.75,2.72901080979904,0.183251166435578,1.5549,1849.6393,0.7838844198256835,AM,AM,False,False,False,False,0,,Be+Cu+Ni+Ti+Zr,Be+Cu+Ni+Ti+Zr,0.0,0.0,0.0,0.0,0.0,0.0,0.18,0.0,0.0,0.0,0.0,0.0,0.0,0.0,0.0,0.0,0.0,0.09,0.0,0.0,0.0,0.0,0.0,0.0,0.0,0.0,0.0,0.0,0.0,0.0,0.0,0.0,0.0,0.0,0.0,0.0,0.0,0.0,0.0,0.0,0.0,0.0,0.0,0.0,0.0,0.08,0.0,0.0,0.0,0.0,0.0,0.0,0.0,0.0,0.0,0.0,0.0,0.0,0.0,0.0,0.0,0.0,0.0,0.0,0.0,0.0,0.0,0.0,0.0,0.4,0.0,0.0,0.0,0.0,0.0,0.0,0.0,0.25
YGdTbDyLu,5,5,0.0137195767959042,0.0,1.6094379124341,3.0,4.44089209850063e-16,0.056,1.202,1723.6,,SS,HCP,False,False,False,True,1,,Dy+Gd+Lu+Tb+Y,Dy+Gd+Lu+Tb+Y,0.0,0.0,0.0,0.0,0.0,0.0,0.0,0.0,0.0,0.0,0.0,0.0,0.0,0.0,0.0,0.0,0.0,0.0,0.2,0.0,0.0,0.0,0.0,0.0,0.2,0.0,0.0,0.0,0.0,0.0,0.0,0.0,0.0,0.0,0.0,0.0,0.2,0.0,0.0,0.0,0.0,0.0,0.0,0.0,0.0,0.0,0.0,0.0,0.0,0.0,0.0,0.0,0.0,0.0,0.0,0.0,0.0,0.0,0.0,0.0,0.0,0.0,0.0,0.0,0.0,0.0,0.0,0.2,0.0,0.0,0.0,0.0,0.0,0.0,0.2,0.0,0.0,0.0
ZrHfTiCuCo,5,5,0.102415551572787,-23.52,1.6094379124341,6.4,3.00665927567458,0.258611678003914,1.59,1940.154,1.103842976380286,AM,AM,False,False,False,False,0,,Co+Cu+Hf+Ti+Zr,Co+Cu+Hf+Ti+Zr,0.0,0.0,0.0,0.0,0.0,0.0,0.0,0.0,0.0,0.0,0.0,0.0,0.0,0.0,0.2,0.0,0.0,0.2,0.0,0.0,0.0,0.0,0.0,0.0,0.0,0.0,0.0,0.2,0.0,0.0,0.0,0.0,0.0,0.0,0.0,0.0,0.0,0.0,0.0,0.0,0.0,0.0,0.0,0.0,0.0,0.0,0.0,0.0,0.0,0.0,0.0,0.0,0.0,0.0,0.0,0.0,0.0,0.0,0.0,0.0,0.0,0.0,0.0,0.0,0.0,0.0,0.0,0.0,0.0,0.2,0.0,0.0,0.0,0.0,0.0,0.0,0.0,0.2
ZrHfTiCuFe,5,5,0.104324490591561,-15.84,1.6094379124341,6.2,2.85657137141714,0.247951608181919,1.58,1948.754,1.6463048397822653,AM,AM,False,False,False,False,0,,Cu+Fe+Hf+Ti+Zr,Cu+Fe+Hf+Ti+Zr,0.0,0.0,0.0,0.0,0.0,0.0,0.0,0.0,0.0,0.0,0.0,0.0,0.0,0.0,0.0,0.0,0.0,0.2,0.0,0.0,0.0,0.0,0.2,0.0,0.0,0.0,0.0,0.2,0.0,0.0,0.0,0.0,0.0,0.0,0.0,0.0,0.0,0.0,0.0,0.0,0.0,0.0,0.0,0.0,0.0,0.0,0.0,0.0,0.0,0.0,0.0,0.0,0.0,0.0,0.0,0.0,0.0,0.0,0.0,0.0,0.0,0.0,0.0,0.0,0.0,0.0,0.0,0.0,0.0,0.2,0.0,0.0,0.0,0.0,0.0,0.0,0.0,0.2
Zr57Nb5Cu15.4Ni12.6Al10,5,5,0.100440875447956,-33.612016,1.24956216339204,5.784,3.00821275843315,0.250911200228288,1.53236,1870.63158,0.5782102039769501,AM,AM,False,False,False,False,0,,Al+Cu+Nb+Ni+Zr,Al+Cu+Nb+Ni+Zr,0.0,0.1,0.0,0.0,0.0,0.0,0.0,0.0,0.0,0.0,0.0,0.0,0.0,0.0,0.0,0.0,0.0,0.154,0.0,0.0,0.0,0.0,0.0,0.0,0.0,0.0,0.0,0.0,0.0,0.0,0.0,0.0,0.0,0.0,0.0,0.0,0.0,0.0,0.0,0.0,0.0,0.0,0.05,0.0,0.0,0.126,0.0,0.0,0.0,0.0,0.0,0.0,0.0,0.0,0.0,0.0,0.0,0.0,0.0,0.0,0.0,0.0,0.0,0.0,0.0,0.0,0.0,0.0,0.0,0.0,0.0,0.0,0.0,0.0,0.0,0.0,0.0,0.57
Zr58.5Nb2.8Cu15.6Ni12.8Al10.3,5,5,0.101110102599018,-34.905488,1.2008461253663,5.785,3.03261850551631,0.253052971529678,1.52956,1851.02353,0.529468066129843,AM,AM,False,False,False,False,0,,Al+Cu+Nb+Ni+Zr,Al+Cu+Nb+Ni+Zr,0.0,0.10300000000000001,0.0,0.0,0.0,0.0,0.0,0.0,0.0,0.0,0.0,0.0,0.0,0.0,0.0,0.0,0.0,0.156,0.0,0.0,0.0,0.0,0.0,0.0,0.0,0.0,0.0,0.0,0.0,0.0,0.0,0.0,0.0,0.0,0.0,0.0,0.0,0.0,0.0,0.0,0.0,0.0,0.027999999999999997,0.0,0.0,0.128,0.0,0.0,0.0,0.0,0.0,0.0,0.0,0.0,0.0,0.0,0.0,0.0,0.0,0.0,0.0,0.0,0.0,0.0,0.0,0.0,0.0,0.0,0.0,0.0,0.0,0.0,0.0,0.0,0.0,0.0,0.0,0.585
Zr17Ta16Ti19Nb22Si26,5,5,0.110918363631983,-48.6432,1.59333187627413,4.38,0.485386443980464,0.195076677232313,1.6047,2300.57,0.6265471295421999,AM,AM,False,False,False,False,0,,Nb+Si+Ta+Ti+Zr,Nb+Si+Ta+Ti+Zr,0.0,0.0,0.0,0.0,0.0,0.0,0.0,0.0,0.0,0.0,0.0,0.0,0.0,0.0,0.0,0.0,0.0,0.0,0.0,0.0,0.0,0.0,0.0,0.0,0.0,0.0,0.0,0.0,0.0,0.0,0.0,0.0,0.0,0.0,0.0,0.0,0.0,0.0,0.0,0.0,0.0,0.0,0.22,0.0,0.0,0.0,0.0,0.0,0.0,0.0,0.0,0.0,0.0,0.0,0.0,0.0,0.0,0.0,0.0,0.0,0.0,0.0,0.26,0.0,0.0,0.0,0.16,0.0,0.0,0.19,0.0,0.0,0.0,0.0,0.0,0.0,0.0,0.17
Zr52.5Ti5Al10Cu17.9Ni14.6,5,5,0.104067478150443,-35.791556,1.30720439623641,6.029,3.16388353135826,0.258063860119932,1.55521,1802.92583,0.5474884559501471,AM,AM,False,False,False,False,0,,Al+Cu+Ni+Ti+Zr,Al+Cu+Ni+Ti+Zr,0.0,0.1,0.0,0.0,0.0,0.0,0.0,0.0,0.0,0.0,0.0,0.0,0.0,0.0,0.0,0.0,0.0,0.179,0.0,0.0,0.0,0.0,0.0,0.0,0.0,0.0,0.0,0.0,0.0,0.0,0.0,0.0,0.0,0.0,0.0,0.0,0.0,0.0,0.0,0.0,0.0,0.0,0.0,0.0,0.0,0.146,0.0,0.0,0.0,0.0,0.0,0.0,0.0,0.0,0.0,0.0,0.0,0.0,0.0,0.0,0.0,0.0,0.0,0.0,0.0,0.0,0.0,0.0,0.0,0.05,0.0,0.0,0.0,0.0,0.0,0.0,0.0,0.525
Zr55Ti5Al10Cu20Ni10,5,5,0.100800605094945,-32.88,1.26100156517892,5.9,3.14483703870328,0.25368238015282,1.5405,1805.151,0.575614251637364,AM,AM,False,False,False,False,0,,Al+Cu+Ni+Ti+Zr,Al+Cu+Ni+Ti+Zr,0.0,0.1,0.0,0.0,0.0,0.0,0.0,0.0,0.0,0.0,0.0,0.0,0.0,0.0,0.0,0.0,0.0,0.2,0.0,0.0,0.0,0.0,0.0,0.0,0.0,0.0,0.0,0.0,0.0,0.0,0.0,0.0,0.0,0.0,0.0,0.0,0.0,0.0,0.0,0.0,0.0,0.0,0.0,0.0,0.0,0.1,0.0,0.0,0.0,0.0,0.0,0.0,0.0,0.0,0.0,0.0,0.0,0.0,0.0,0.0,0.0,0.0,0.0,0.0,0.0,0.0,0.0,0.0,0.0,0.05,0.0,0.0,0.0,0.0,0.0,0.0,0.0,0.55
Zr41.2Ti13.8Cu12.5Ni10Be22.5,5,5,0.139912901355279,-35.1966,1.46445382424085,5.025,3.09424869717998,0.219674138441465,1.54223,1838.11525,0.6358898504464501,AM,AM,False,False,False,False,0,,Be+Cu+Ni+Ti+Zr,Be+Cu+Ni+Ti+Zr,0.0,0.0,0.0,0.0,0.0,0.0,0.225,0.0,0.0,0.0,0.0,0.0,0.0,0.0,0.0,0.0,0.0,0.125,0.0,0.0,0.0,0.0,0.0,0.0,0.0,0.0,0.0,0.0,0.0,0.0,0.0,0.0,0.0,0.0,0.0,0.0,0.0,0.0,0.0,0.0,0.0,0.0,0.0,0.0,0.0,0.1,0.0,0.0,0.0,0.0,0.0,0.0,0.0,0.0,0.0,0.0,0.0,0.0,0.0,0.0,0.0,0.0,0.0,0.0,0.0,0.0,0.0,0.0,0.0,0.138,0.0,0.0,0.0,0.0,0.0,0.0,0.0,0.41200000000000003
Zr41Ti14Cu12.5Ni10Be22.5,5,5,0.139805007602957,-35.148,1.46662207808292,5.025,3.09424869717998,0.21946862532034,1.54265,1837.74125,0.6375821492976039,AM,AM,False,False,False,False,0,,Be+Cu+Ni+Ti+Zr,Be+Cu+Ni+Ti+Zr,0.0,0.0,0.0,0.0,0.0,0.0,0.225,0.0,0.0,0.0,0.0,0.0,0.0,0.0,0.0,0.0,0.0,0.125,0.0,0.0,0.0,0.0,0.0,0.0,0.0,0.0,0.0,0.0,0.0,0.0,0.0,0.0,0.0,0.0,0.0,0.0,0.0,0.0,0.0,0.0,0.0,0.0,0.0,0.0,0.0,0.1,0.0,0.0,0.0,0.0,0.0,0.0,0.0,0.0,0.0,0.0,0.0,0.0,0.0,0.0,0.0,0.0,0.0,0.0,0.0,0.0,0.0,0.0,0.0,0.14,0.0,0.0,0.0,0.0,0.0,0.0,0.0,0.41
Zr42.63Ti12.37Cu11.25Ni10Be23.75,5,5,0.142199464239239,-36.140275,1.43946442058785,4.9125,3.03806579092685,0.21739270824018,1.535102,1843.317225,0.6104410748937732,AM,AM,False,False,False,False,0,,Be+Cu+Ni+Ti+Zr,Be+Cu+Ni+Ti+Zr,0.0,0.0,0.0,0.0,0.0,0.0,0.2375,0.0,0.0,0.0,0.0,0.0,0.0,0.0,0.0,0.0,0.0,0.1125,0.0,0.0,0.0,0.0,0.0,0.0,0.0,0.0,0.0,0.0,0.0,0.0,0.0,0.0,0.0,0.0,0.0,0.0,0.0,0.0,0.0,0.0,0.0,0.0,0.0,0.0,0.0,0.1,0.0,0.0,0.0,0.0,0.0,0.0,0.0,0.0,0.0,0.0,0.0,0.0,0.0,0.0,0.0,0.0,0.0,0.0,0.0,0.0,0.0,0.0,0.0,0.12369999999999999,0.0,0.0,0.0,0.0,0.0,0.0,0.0,0.4263
Zr44Ti11Cu10Ni10Be25,5,5,0.144418197866488,-37.068,1.41112229224038,4.8,2.97657521322744,0.214796159183538,1.5281,1848.407,0.5850557984155331,AM,AM,False,False,False,False,0,,Be+Cu+Ni+Ti+Zr,Be+Cu+Ni+Ti+Zr,0.0,0.0,0.0,0.0,0.0,0.0,0.25,0.0,0.0,0.0,0.0,0.0,0.0,0.0,0.0,0.0,0.0,0.1,0.0,0.0,0.0,0.0,0.0,0.0,0.0,0.0,0.0,0.0,0.0,0.0,0.0,0.0,0.0,0.0,0.0,0.0,0.0,0.0,0.0,0.0,0.0,0.0,0.0,0.0,0.0,0.1,0.0,0.0,0.0,0.0,0.0,0.0,0.0,0.0,0.0,0.0,0.0,0.0,0.0,0.0,0.0,0.0,0.0,0.0,0.0,0.0,0.0,0.0,0.0,0.11,0.0,0.0,0.0,0.0,0.0,0.0,0.0,0.44
Zr45.38Ti9.62Cu8.75Ni10Be26.25,5,5,0.146607984467836,-37.99677,1.37829590019219,4.6875,2.90944045307685,0.211945158168334,1.521077,1853.515475,0.559018506596989,AM,AM,False,False,False,False,0,,Be+Cu+Ni+Ti+Zr,Be+Cu+Ni+Ti+Zr,0.0,0.0,0.0,0.0,0.0,0.0,0.2625,0.0,0.0,0.0,0.0,0.0,0.0,0.0,0.0,0.0,0.0,0.0875,0.0,0.0,0.0,0.0,0.0,0.0,0.0,0.0,0.0,0.0,0.0,0.0,0.0,0.0,0.0,0.0,0.0,0.0,0.0,0.0,0.0,0.0,0.0,0.0,0.0,0.0,0.0,0.1,0.0,0.0,0.0,0.0,0.0,0.0,0.0,0.0,0.0,0.0,0.0,0.0,0.0,0.0,0.0,0.0,0.0,0.0,0.0,0.0,0.0,0.0,0.0,0.0962,0.0,0.0,0.0,0.0,0.0,0.0,0.0,0.45380000000000004
Zr46.75Ti8.25Cu7.5Ni10Be27.5,5,5,0.148760219775464,-38.92175,1.34084954527851,4.575,2.83626074259755,0.208811264961927,1.514075,1858.60525,0.5323644355872699,AM,AM,False,False,False,False,0,,Be+Cu+Ni+Ti+Zr,Be+Cu+Ni+Ti+Zr,0.0,0.0,0.0,0.0,0.0,0.0,0.275,0.0,0.0,0.0,0.0,0.0,0.0,0.0,0.0,0.0,0.0,0.075,0.0,0.0,0.0,0.0,0.0,0.0,0.0,0.0,0.0,0.0,0.0,0.0,0.0,0.0,0.0,0.0,0.0,0.0,0.0,0.0,0.0,0.0,0.0,0.0,0.0,0.0,0.0,0.1,0.0,0.0,0.0,0.0,0.0,0.0,0.0,0.0,0.0,0.0,0.0,0.0,0.0,0.0,0.0,0.0,0.0,0.0,0.0,0.0,0.0,0.0,0.0,0.0825,0.0,0.0,0.0,0.0,0.0,0.0,0.0,0.4675
Zr57Ti5Cu20Ni8Be10,5,5,0.124749139225914,-30.6216,1.2243987803561,5.68,3.20274881937376,0.248738798742778,1.5249,1875.804,0.6236151421439218,AM,AM,False,False,False,False,0,,Be+Cu+Ni+Ti+Zr,Be+Cu+Ni+Ti+Zr,0.0,0.0,0.0,0.0,0.0,0.0,0.1,0.0,0.0,0.0,0.0,0.0,0.0,0.0,0.0,0.0,0.0,0.2,0.0,0.0,0.0,0.0,0.0,0.0,0.0,0.0,0.0,0.0,0.0,0.0,0.0,0.0,0.0,0.0,0.0,0.0,0.0,0.0,0.0,0.0,0.0,0.0,0.0,0.0,0.0,0.08,0.0,0.0,0.0,0.0,0.0,0.0,0.0,0.0,0.0,0.0,0.0,0.0,0.0,0.0,0.0,0.0,0.0,0.0,0.0,0.0,0.0,0.0,0.0,0.05,0.0,0.0,0.0,0.0,0.0,0.0,0.0,0.57
Zr47Ti8Cu7.5Ni10Be27.5,5,5,0.148881683507193,-38.982,1.33646810272496,4.575,2.83626074259755,0.209009323954698,1.51355,1859.07275,0.5299379861018,AM,AM,False,False,False,False,0,,Be+Cu+Ni+Ti+Zr,Be+Cu+Ni+Ti+Zr,0.0,0.0,0.0,0.0,0.0,0.0,0.275,0.0,0.0,0.0,0.0,0.0,0.0,0.0,0.0,0.0,0.0,0.075,0.0,0.0,0.0,0.0,0.0,0.0,0.0,0.0,0.0,0.0,0.0,0.0,0.0,0.0,0.0,0.0,0.0,0.0,0.0,0.0,0.0,0.0,0.0,0.0,0.0,0.0,0.0,0.1,0.0,0.0,0.0,0.0,0.0,0.0,0.0,0.0,0.0,0.0,0.0,0.0,0.0,0.0,0.0,0.0,0.0,0.0,0.0,0.0,0.0,0.0,0.0,0.08,0.0,0.0,0.0,0.0,0.0,0.0,0.0,0.47
Zr38.5Ti16.5Ni9.75Cu15.15Be20,5,5,0.135289627576632,-33.2217101986872,1.50005058521591,5.24674674674675,3.19231386218862,0.223476638149919,1.55578078078078,1827.55470970971,0.686101693357385,AM,AM,False,False,False,False,0,,Be+Cu+Ni+Ti+Zr,Be+Cu+Ni+Ti+Zr,0.0,0.0,0.0,0.0,0.0,0.0,0.20020020020020018,0.0,0.0,0.0,0.0,0.0,0.0,0.0,0.0,0.0,0.0,0.15165165165165165,0.0,0.0,0.0,0.0,0.0,0.0,0.0,0.0,0.0,0.0,0.0,0.0,0.0,0.0,0.0,0.0,0.0,0.0,0.0,0.0,0.0,0.0,0.0,0.0,0.0,0.0,0.0,0.09759759759759759,0.0,0.0,0.0,0.0,0.0,0.0,0.0,0.0,0.0,0.0,0.0,0.0,0.0,0.0,0.0,0.0,0.0,0.0,0.0,0.0,0.0,0.0,0.0,0.16516516516516516,0.0,0.0,0.0,0.0,0.0,0.0,0.0,0.38538538538538536
Zr39.88Ti15.12Ni9.98Cu13.77Be21.25,5,5,0.137644168824405,-34.26628064,1.48439005608228,5.1377,3.14574930819352,0.221818854868111,1.549125,1833.044929,0.6602195251447371,AM,AM,False,False,False,False,0,,Be+Cu+Ni+Ti+Zr,Be+Cu+Ni+Ti+Zr,0.0,0.0,0.0,0.0,0.0,0.0,0.2125,0.0,0.0,0.0,0.0,0.0,0.0,0.0,0.0,0.0,0.0,0.1377,0.0,0.0,0.0,0.0,0.0,0.0,0.0,0.0,0.0,0.0,0.0,0.0,0.0,0.0,0.0,0.0,0.0,0.0,0.0,0.0,0.0,0.0,0.0,0.0,0.0,0.0,0.0,0.0998,0.0,0.0,0.0,0.0,0.0,0.0,0.0,0.0,0.0,0.0,0.0,0.0,0.0,0.0,0.0,0.0,0.0,0.0,0.0,0.0,0.0,0.0,0.0,0.1512,0.0,0.0,0.0,0.0,0.0,0.0,0.0,0.39880000000000004
AgAlCoCrCuNi,6,6,0.0658758828525809,-2.22222222222222,1.79175946922805,8.33333333333333,2.92498812913071,0.128937969582276,1.815,1533.695,10.281711388779945,SS+IM,2FCC+B2,True,False,True,False,0,,Ag+Al+Co+Cr+Cu+Ni,Ag+Al+Co+Cr+Cu+Ni,0.16666666666666666,0.16666666666666666,0.0,0.0,0.0,0.0,0.0,0.0,0.0,0.0,0.0,0.0,0.0,0.0,0.16666666666666666,0.16666666666666666,0.0,0.16666666666666666,0.0,0.0,0.0,0.0,0.0,0.0,0.0,0.0,0.0,0.0,0.0,0.0,0.0,0.0,0.0,0.0,0.0,0.0,0.0,0.0,0.0,0.0,0.0,0.0,0.0,0.0,0.0,0.16666666666666666,0.0,0.0,0.0,0.0,0.0,0.0,0.0,0.0,0.0,0.0,0.0,0.0,0.0,0.0,0.0,0.0,0.0,0.0,0.0,0.0,0.0,0.0,0.0,0.0,0.0,0.0,0.0,0.0,0.0,0.0,0.0,0.0
AlAuCoCrCuNi,6,6,0.0653428100225118,-6.44444444444444,1.79175946922805,8.33333333333333,2.92498812913071,0.30280173197802,1.91666666666667,1550.76166666667,3.584870455282058,SS+IM,FCC+L10,True,False,True,False,0,,Al+Au+Co+Cr+Cu+Ni,Al+Au+Co+Cr+Cu+Ni,0.0,0.16666666666666666,0.0,0.16666666666666666,0.0,0.0,0.0,0.0,0.0,0.0,0.0,0.0,0.0,0.0,0.16666666666666666,0.16666666666666666,0.0,0.16666666666666666,0.0,0.0,0.0,0.0,0.0,0.0,0.0,0.0,0.0,0.0,0.0,0.0,0.0,0.0,0.0,0.0,0.0,0.0,0.0,0.0,0.0,0.0,0.0,0.0,0.0,0.0,0.0,0.16666666666666666,0.0,0.0,0.0,0.0,0.0,0.0,0.0,0.0,0.0,0.0,0.0,0.0,0.0,0.0,0.0,0.0,0.0,0.0,0.0,0.0,0.0,0.0,0.0,0.0,0.0,0.0,0.0,0.0,0.0,0.0,0.0,0.0
Al0.3C0.1CoCrFeNi,6,6,0.0691280527257256,-11.1322314049587,1.61602507515085,7.79545454545455,2.01786954996133,0.153665274310514,1.82227272727273,1852.12295454545,2.2354752665036157,IM,IM,False,False,True,False,0,,Al+C+Co+Cr+Fe+Ni,Al+C+Co+Cr+Fe+Ni,0.0,0.06818181818181818,0.0,0.0,0.0,0.0,0.0,0.0,0.0,0.022727272727272728,0.0,0.0,0.0,0.0,0.22727272727272727,0.22727272727272727,0.0,0.0,0.0,0.0,0.0,0.0,0.22727272727272727,0.0,0.0,0.0,0.0,0.0,0.0,0.0,0.0,0.0,0.0,0.0,0.0,0.0,0.0,0.0,0.0,0.0,0.0,0.0,0.0,0.0,0.0,0.22727272727272727,0.0,0.0,0.0,0.0,0.0,0.0,0.0,0.0,0.0,0.0,0.0,0.0,0.0,0.0,0.0,0.0,0.0,0.0,0.0,0.0,0.0,0.0,0.0,0.0,0.0,0.0,0.0,0.0,0.0,0.0,0.0,0.0
Al0.5C0.2Co0.3CrFeNi,6,6,0.100028907543766,-17.9925,1.64370761463603,7.25,2.3318447632722,0.202181694275224,1.81975,1870.18375,1.4205336303559506,IM,IM,False,False,True,False,0,,Al+C+Co+Cr+Fe+Ni,Al+C+Co+Cr+Fe+Ni,0.0,0.125,0.0,0.0,0.0,0.0,0.0,0.0,0.0,0.05,0.0,0.0,0.0,0.0,0.075,0.25,0.0,0.0,0.0,0.0,0.0,0.0,0.25,0.0,0.0,0.0,0.0,0.0,0.0,0.0,0.0,0.0,0.0,0.0,0.0,0.0,0.0,0.0,0.0,0.0,0.0,0.0,0.0,0.0,0.0,0.25,0.0,0.0,0.0,0.0,0.0,0.0,0.0,0.0,0.0,0.0,0.0,0.0,0.0,0.0,0.0,0.0,0.0,0.0,0.0,0.0,0.0,0.0,0.0,0.0,0.0,0.0,0.0,0.0,0.0,0.0,0.0,0.0
AlC0.1CoCrFeNi,6,6,0.0800993343526743,-15.3479430988082,1.67438926704389,7.13725490196079,2.49721105489145,0.16033653573189,1.79313725490196,1726.03333333333,1.5656317311303234,SS+IM,BCC+IM,False,True,True,False,0,,Al+C+Co+Cr+Fe+Ni,Al+C+Co+Cr+Fe+Ni,0.0,0.19607843137254904,0.0,0.0,0.0,0.0,0.0,0.0,0.0,0.019607843137254905,0.0,0.0,0.0,0.0,0.19607843137254904,0.19607843137254904,0.0,0.0,0.0,0.0,0.0,0.0,0.19607843137254904,0.0,0.0,0.0,0.0,0.0,0.0,0.0,0.0,0.0,0.0,0.0,0.0,0.0,0.0,0.0,0.0,0.0,0.0,0.0,0.0,0.0,0.0,0.19607843137254904,0.0,0.0,0.0,0.0,0.0,0.0,0.0,0.0,0.0,0.0,0.0,0.0,0.0,0.0,0.0,0.0,0.0,0.0,0.0,0.0,0.0,0.0,0.0,0.0,0.0,0.0,0.0,0.0,0.0,0.0,0.0,0.0
AlC0.2CoCrFeNi,6,6,0.0966880470598004,-18.1360946745562,1.71056008375792,7.07692307692308,2.5103336726278,0.189783433100178,1.80769230769231,1766.35961538462,1.3851852905862665,SS+IM,BCC+IM,False,True,True,False,0,,Al+C+Co+Cr+Fe+Ni,Al+C+Co+Cr+Fe+Ni,0.0,0.1923076923076923,0.0,0.0,0.0,0.0,0.0,0.0,0.0,0.038461538461538464,0.0,0.0,0.0,0.0,0.1923076923076923,0.1923076923076923,0.0,0.0,0.0,0.0,0.0,0.0,0.1923076923076923,0.0,0.0,0.0,0.0,0.0,0.0,0.0,0.0,0.0,0.0,0.0,0.0,0.0,0.0,0.0,0.0,0.0,0.0,0.0,0.0,0.0,0.0,0.1923076923076923,0.0,0.0,0.0,0.0,0.0,0.0,0.0,0.0,0.0,0.0,0.0,0.0,0.0,0.0,0.0,0.0,0.0,0.0,0.0,0.0,0.0,0.0,0.0,0.0,0.0,0.0,0.0,0.0,0.0,0.0,0.0,0.0
AlC0.3CoCrFeNi,6,6,0.110199694038901,-20.7048771804913,1.73585622457653,7.0188679245283,2.52153416940198,0.21339781124814,1.82169811320755,1805.1641509434,1.2583225447611306,SS+IM,BCC+IM,False,True,True,False,0,,Al+C+Co+Cr+Fe+Ni,Al+C+Co+Cr+Fe+Ni,0.0,0.18867924528301888,0.0,0.0,0.0,0.0,0.0,0.0,0.0,0.05660377358490566,0.0,0.0,0.0,0.0,0.18867924528301888,0.18867924528301888,0.0,0.0,0.0,0.0,0.0,0.0,0.18867924528301888,0.0,0.0,0.0,0.0,0.0,0.0,0.0,0.0,0.0,0.0,0.0,0.0,0.0,0.0,0.0,0.0,0.0,0.0,0.0,0.0,0.0,0.0,0.18867924528301888,0.0,0.0,0.0,0.0,0.0,0.0,0.0,0.0,0.0,0.0,0.0,0.0,0.0,0.0,0.0,0.0,0.0,0.0,0.0,0.0,0.0,0.0,0.0,0.0,0.0,0.0,0.0,0.0,0.0,0.0,0.0,0.0
AlC0.4CoCrFeNi,6,6,0.121692941651052,-23.0727023319616,1.75427234111646,6.96296296296296,2.53101475011406,0.233101001322513,1.83518518518519,1842.53148148148,1.1647900576239758,SS+IM,BCC+IM,False,True,True,False,0,,Al+C+Co+Cr+Fe+Ni,Al+C+Co+Cr+Fe+Ni,0.0,0.18518518518518517,0.0,0.0,0.0,0.0,0.0,0.0,0.0,0.07407407407407407,0.0,0.0,0.0,0.0,0.18518518518518517,0.18518518518518517,0.0,0.0,0.0,0.0,0.0,0.0,0.18518518518518517,0.0,0.0,0.0,0.0,0.0,0.0,0.0,0.0,0.0,0.0,0.0,0.0,0.0,0.0,0.0,0.0,0.0,0.0,0.0,0.0,0.0,0.0,0.18518518518518517,0.0,0.0,0.0,0.0,0.0,0.0,0.0,0.0,0.0,0.0,0.0,0.0,0.0,0.0,0.0,0.0,0.0,0.0,0.0,0.0,0.0,0.0,0.0,0.0,0.0,0.0,0.0,0.0,0.0,0.0,0.0,0.0
AlC0.5CoCrFeNi,6,6,0.13172257012767,-25.2561983471074,1.76776147228933,6.90909090909091,2.53895273523072,0.249938835493013,1.84818181818182,1878.54,1.0932269186476675,SS+IM,BCC+IM,False,True,True,False,0,,Al+C+Co+Cr+Fe+Ni,Al+C+Co+Cr+Fe+Ni,0.0,0.18181818181818182,0.0,0.0,0.0,0.0,0.0,0.0,0.0,0.09090909090909091,0.0,0.0,0.0,0.0,0.18181818181818182,0.18181818181818182,0.0,0.0,0.0,0.0,0.0,0.0,0.18181818181818182,0.0,0.0,0.0,0.0,0.0,0.0,0.0,0.0,0.0,0.0,0.0,0.0,0.0,0.0,0.0,0.0,0.0,0.0,0.0,0.0,0.0,0.0,0.18181818181818182,0.0,0.0,0.0,0.0,0.0,0.0,0.0,0.0,0.0,0.0,0.0,0.0,0.0,0.0,0.0,0.0,0.0,0.0,0.0,0.0,0.0,0.0,0.0,0.0,0.0,0.0,0.0,0.0,0.0,0.0,0.0,0.0
AlC1.5CoCrFeNi,6,6,0.19283522126712,-39.6686390532544,1.77823330579971,6.46153846153846,2.56051030416819,0.342019757898428,1.95615384615385,2177.68769230769,0.8116545374464182,SS+IM,BCC+IM,False,True,True,False,0,,Al+C+Co+Cr+Fe+Ni,Al+C+Co+Cr+Fe+Ni,0.0,0.15384615384615385,0.0,0.0,0.0,0.0,0.0,0.0,0.0,0.23076923076923078,0.0,0.0,0.0,0.0,0.15384615384615385,0.15384615384615385,0.0,0.0,0.0,0.0,0.0,0.0,0.15384615384615385,0.0,0.0,0.0,0.0,0.0,0.0,0.0,0.0,0.0,0.0,0.0,0.0,0.0,0.0,0.0,0.0,0.0,0.0,0.0,0.0,0.0,0.0,0.15384615384615385,0.0,0.0,0.0,0.0,0.0,0.0,0.0,0.0,0.0,0.0,0.0,0.0,0.0,0.0,0.0,0.0,0.0,0.0,0.0,0.0,0.0,0.0,0.0,0.0,0.0,0.0,0.0,0.0,0.0,0.0,0.0,0.0
AlCCoCrFeNi,6,6,0.168560955819492,-33.8888888888889,1.79175946922805,6.66666666666667,2.5603819159562,0.308040401390611,1.90666666666667,2040.57833333333,0.8970359214251994,SS+IM,BCC+IM,False,True,True,False,0,,Al+C+Co+Cr+Fe+Ni,Al+C+Co+Cr+Fe+Ni,0.0,0.16666666666666666,0.0,0.0,0.0,0.0,0.0,0.0,0.0,0.16666666666666666,0.0,0.0,0.0,0.0,0.16666666666666666,0.16666666666666666,0.0,0.0,0.0,0.0,0.0,0.0,0.16666666666666666,0.0,0.0,0.0,0.0,0.0,0.0,0.0,0.0,0.0,0.0,0.0,0.0,0.0,0.0,0.0,0.0,0.0,0.0,0.0,0.0,0.0,0.0,0.16666666666666666,0.0,0.0,0.0,0.0,0.0,0.0,0.0,0.0,0.0,0.0,0.0,0.0,0.0,0.0,0.0,0.0,0.0,0.0,0.0,0.0,0.0,0.0,0.0,0.0,0.0,0.0,0.0,0.0,0.0,0.0,0.0,0.0
Al1.5CoCrCu0.5FeNi,6,6,0.0611499675998814,-10.1388888888889,1.74815545724768,7.16666666666667,2.7938424357067,0.125263610926008,1.77416666666667,1594.34833333333,2.285636083993748,SS,SS,False,False,False,False,1,,Al+Co+Cr+Cu+Fe+Ni,Al+Co+Cr+Cu+Fe+Ni,0.0,0.25,0.0,0.0,0.0,0.0,0.0,0.0,0.0,0.0,0.0,0.0,0.0,0.0,0.16666666666666666,0.16666666666666666,0.0,0.08333333333333333,0.0,0.0,0.0,0.0,0.16666666666666666,0.0,0.0,0.0,0.0,0.0,0.0,0.0,0.0,0.0,0.0,0.0,0.0,0.0,0.0,0.0,0.0,0.0,0.0,0.0,0.0,0.0,0.0,0.16666666666666666,0.0,0.0,0.0,0.0,0.0,0.0,0.0,0.0,0.0,0.0,0.0,0.0,0.0,0.0,0.0,0.0,0.0,0.0,0.0,0.0,0.0,0.0,0.0,0.0,0.0,0.0,0.0,0.0,0.0,0.0,0.0,0.0
Al2CoCrCu0.5FeNi,6,6,0.0645760187275221,-11.5976331360947,1.71184513523391,6.84615384615385,2.90480116746142,0.128053243364214,1.76153846153846,1543.51153846154,1.8942581814544255,SS,SS,False,False,False,False,1,,Al+Co+Cr+Cu+Fe+Ni,Al+Co+Cr+Cu+Fe+Ni,0.0,0.3076923076923077,0.0,0.0,0.0,0.0,0.0,0.0,0.0,0.0,0.0,0.0,0.0,0.0,0.15384615384615385,0.15384615384615385,0.0,0.07692307692307693,0.0,0.0,0.0,0.0,0.15384615384615385,0.0,0.0,0.0,0.0,0.0,0.0,0.0,0.0,0.0,0.0,0.0,0.0,0.0,0.0,0.0,0.0,0.0,0.0,0.0,0.0,0.0,0.0,0.15384615384615385,0.0,0.0,0.0,0.0,0.0,0.0,0.0,0.0,0.0,0.0,0.0,0.0,0.0,0.0,0.0,0.0,0.0,0.0,0.0,0.0,0.0,0.0,0.0,0.0,0.0,0.0,0.0,0.0,0.0,0.0,0.0,0.0
AlCo0.5CrCu0.5FeNi,6,6,0.0570703816782361,-7.92,1.74806734854609,7.4,2.69072480941474,0.122392810246354,1.78,1643.071,3.0152511710929053,SS,SS,False,False,False,False,1,,Al+Co+Cr+Cu+Fe+Ni,Al+Co+Cr+Cu+Fe+Ni,0.0,0.2,0.0,0.0,0.0,0.0,0.0,0.0,0.0,0.0,0.0,0.0,0.0,0.0,0.1,0.2,0.0,0.1,0.0,0.0,0.0,0.0,0.2,0.0,0.0,0.0,0.0,0.0,0.0,0.0,0.0,0.0,0.0,0.0,0.0,0.0,0.0,0.0,0.0,0.0,0.0,0.0,0.0,0.0,0.0,0.2,0.0,0.0,0.0,0.0,0.0,0.0,0.0,0.0,0.0,0.0,0.0,0.0,0.0,0.0,0.0,0.0,0.0,0.0,0.0,0.0,0.0,0.0,0.0,0.0,0.0,0.0,0.0,0.0,0.0,0.0,0.0,0.0
AlCo1.5CrCu0.5FeNi,6,6,0.0533485185481848,-7.83333333333333,1.74815545724768,7.66666666666667,2.52762514801718,0.117780398293698,1.79666666666667,1663.8925,3.087399944010122,SS,SS,False,False,False,False,1,,Al+Co+Cr+Cu+Fe+Ni,Al+Co+Cr+Cu+Fe+Ni,0.0,0.16666666666666666,0.0,0.0,0.0,0.0,0.0,0.0,0.0,0.0,0.0,0.0,0.0,0.0,0.25,0.16666666666666666,0.0,0.08333333333333333,0.0,0.0,0.0,0.0,0.16666666666666666,0.0,0.0,0.0,0.0,0.0,0.0,0.0,0.0,0.0,0.0,0.0,0.0,0.0,0.0,0.0,0.0,0.0,0.0,0.0,0.0,0.0,0.0,0.16666666666666666,0.0,0.0,0.0,0.0,0.0,0.0,0.0,0.0,0.0,0.0,0.0,0.0,0.0,0.0,0.0,0.0,0.0,0.0,0.0,0.0,0.0,0.0,0.0,0.0,0.0,0.0,0.0,0.0,0.0,0.0,0.0,0.0
AlCo2CrCu0.5FeNi,6,6,0.0517158354598419,-7.66863905325444,1.71184513523391,7.76923076923077,2.45431632823751,0.115317929447554,1.80307692307692,1671.90076923077,3.1030648989028844,SS,SS,False,False,False,False,1,,Al+Co+Cr+Cu+Fe+Ni,Al+Co+Cr+Cu+Fe+Ni,0.0,0.15384615384615385,0.0,0.0,0.0,0.0,0.0,0.0,0.0,0.0,0.0,0.0,0.0,0.0,0.3076923076923077,0.15384615384615385,0.0,0.07692307692307693,0.0,0.0,0.0,0.0,0.15384615384615385,0.0,0.0,0.0,0.0,0.0,0.0,0.0,0.0,0.0,0.0,0.0,0.0,0.0,0.0,0.0,0.0,0.0,0.0,0.0,0.0,0.0,0.0,0.15384615384615385,0.0,0.0,0.0,0.0,0.0,0.0,0.0,0.0,0.0,0.0,0.0,0.0,0.0,0.0,0.0,0.0,0.0,0.0,0.0,0.0,0.0,0.0,0.0,0.0,0.0,0.0,0.0,0.0,0.0,0.0,0.0,0.0
AlCo3.5CrCu0.5FeNi,6,6,0.0475462880580814,-7.03125,1.57467944174811,8.0,2.26384628453435,0.108195425041912,1.8175,1689.919375,3.1467322276810075,SS,SS,False,False,False,False,1,,Al+Co+Cr+Cu+Fe+Ni,Al+Co+Cr+Cu+Fe+Ni,0.0,0.125,0.0,0.0,0.0,0.0,0.0,0.0,0.0,0.0,0.0,0.0,0.0,0.0,0.4375,0.125,0.0,0.0625,0.0,0.0,0.0,0.0,0.125,0.0,0.0,0.0,0.0,0.0,0.0,0.0,0.0,0.0,0.0,0.0,0.0,0.0,0.0,0.0,0.0,0.0,0.0,0.0,0.0,0.0,0.0,0.125,0.0,0.0,0.0,0.0,0.0,0.0,0.0,0.0,0.0,0.0,0.0,0.0,0.0,0.0,0.0,0.0,0.0,0.0,0.0,0.0,0.0,0.0,0.0,0.0,0.0,0.0,0.0,0.0,0.0,0.0,0.0,0.0
AlCo3CrCu0.5FeNi,6,6,0.0488284810137842,-7.25333333333333,1.62166791711235,7.93333333333333,2.32283351869125,0.110493840954548,1.81333333333333,1684.714,3.1317324935340323,SS,SS,False,False,False,False,1,,Al+Co+Cr+Cu+Fe+Ni,Al+Co+Cr+Cu+Fe+Ni,0.0,0.13333333333333333,0.0,0.0,0.0,0.0,0.0,0.0,0.0,0.0,0.0,0.0,0.0,0.0,0.4,0.13333333333333333,0.0,0.06666666666666667,0.0,0.0,0.0,0.0,0.13333333333333333,0.0,0.0,0.0,0.0,0.0,0.0,0.0,0.0,0.0,0.0,0.0,0.0,0.0,0.0,0.0,0.0,0.0,0.0,0.0,0.0,0.0,0.0,0.13333333333333333,0.0,0.0,0.0,0.0,0.0,0.0,0.0,0.0,0.0,0.0,0.0,0.0,0.0,0.0,0.0,0.0,0.0,0.0,0.0,0.0,0.0,0.0,0.0,0.0,0.0,0.0,0.0,0.0,0.0,0.0,0.0,0.0
AlCoCr0.5Cu0.5FeNi,6,6,0.0569839739740051,-8.32,1.74806734854609,7.7,2.68514431641951,0.118558002682231,1.802,1601.871,2.7983147309349303,SS,SS,False,False,False,False,1,,Al+Co+Cr+Cu+Fe+Ni,Al+Co+Cr+Cu+Fe+Ni,0.0,0.2,0.0,0.0,0.0,0.0,0.0,0.0,0.0,0.0,0.0,0.0,0.0,0.0,0.2,0.1,0.0,0.1,0.0,0.0,0.0,0.0,0.2,0.0,0.0,0.0,0.0,0.0,0.0,0.0,0.0,0.0,0.0,0.0,0.0,0.0,0.0,0.0,0.0,0.0,0.0,0.0,0.0,0.0,0.0,0.2,0.0,0.0,0.0,0.0,0.0,0.0,0.0,0.0,0.0,0.0,0.0,0.0,0.0,0.0,0.0,0.0,0.0,0.0,0.0,0.0,0.0,0.0,0.0,0.0,0.0,0.0,0.0,0.0,0.0,0.0,0.0,0.0
AlCoCr1.5Cu0.5FeNi,6,6,0.0534135432631195,-7.55555555555555,1.74815545724768,7.41666666666667,2.53174292182722,0.120473602456675,1.77833333333333,1698.22583333333,3.2669559231093013,SS,SS,False,False,False,False,1,,Al+Co+Cr+Cu+Fe+Ni,Al+Co+Cr+Cu+Fe+Ni,0.0,0.16666666666666666,0.0,0.0,0.0,0.0,0.0,0.0,0.0,0.0,0.0,0.0,0.0,0.0,0.16666666666666666,0.25,0.0,0.08333333333333333,0.0,0.0,0.0,0.0,0.16666666666666666,0.0,0.0,0.0,0.0,0.0,0.0,0.0,0.0,0.0,0.0,0.0,0.0,0.0,0.0,0.0,0.0,0.0,0.0,0.0,0.0,0.0,0.0,0.16666666666666666,0.0,0.0,0.0,0.0,0.0,0.0,0.0,0.0,0.0,0.0,0.0,0.0,0.0,0.0,0.0,0.0,0.0,0.0,0.0,0.0,0.0,0.0,0.0,0.0,0.0,0.0,0.0,0.0,0.0,0.0,0.0,0.0
AlCoCr2Cu0.5FeNi,6,6,0.051830718402798,-7.19526627218935,1.71184513523391,7.30769230769231,2.46153846153846,0.119965478269089,1.76923076923077,1735.28538461538,3.4325960364828223,SS,SS,False,False,False,False,1,,Al+Co+Cr+Cu+Fe+Ni,Al+Co+Cr+Cu+Fe+Ni,0.0,0.15384615384615385,0.0,0.0,0.0,0.0,0.0,0.0,0.0,0.0,0.0,0.0,0.0,0.0,0.15384615384615385,0.3076923076923077,0.0,0.07692307692307693,0.0,0.0,0.0,0.0,0.15384615384615385,0.0,0.0,0.0,0.0,0.0,0.0,0.0,0.0,0.0,0.0,0.0,0.0,0.0,0.0,0.0,0.0,0.0,0.0,0.0,0.0,0.0,0.0,0.15384615384615385,0.0,0.0,0.0,0.0,0.0,0.0,0.0,0.0,0.0,0.0,0.0,0.0,0.0,0.0,0.0,0.0,0.0,0.0,0.0,0.0,0.0,0.0,0.0,0.0,0.0,0.0,0.0,0.0,0.0,0.0,0.0,0.0
AlCoCrCu0.5Fe1.5Ni,6,6,0.0537079313165734,-7.13888888888889,1.74815545724768,7.58333333333333,2.49861072509416,0.115623310798472,1.7925,1667.47583333333,3.3950264426210834,SS,SS,False,False,False,False,1,,Al+Co+Cr+Cu+Fe+Ni,Al+Co+Cr+Cu+Fe+Ni,0.0,0.16666666666666666,0.0,0.0,0.0,0.0,0.0,0.0,0.0,0.0,0.0,0.0,0.0,0.0,0.16666666666666666,0.16666666666666666,0.0,0.08333333333333333,0.0,0.0,0.0,0.0,0.25,0.0,0.0,0.0,0.0,0.0,0.0,0.0,0.0,0.0,0.0,0.0,0.0,0.0,0.0,0.0,0.0,0.0,0.0,0.0,0.0,0.0,0.0,0.16666666666666666,0.0,0.0,0.0,0.0,0.0,0.0,0.0,0.0,0.0,0.0,0.0,0.0,0.0,0.0,0.0,0.0,0.0,0.0,0.0,0.0,0.0,0.0,0.0,0.0,0.0,0.0,0.0,0.0,0.0,0.0,0.0,0.0
AlCoCrCu0.5FeNi0.5,6,6,0.0568454533134172,-7.28,1.74806734854609,7.3,2.60959767013998,0.119503138034112,1.777,1647.071,3.2883140436193328,SS,SS,False,False,False,False,1,,Al+Co+Cr+Cu+Fe+Ni,Al+Co+Cr+Cu+Fe+Ni,0.0,0.2,0.0,0.0,0.0,0.0,0.0,0.0,0.0,0.0,0.0,0.0,0.0,0.0,0.2,0.2,0.0,0.1,0.0,0.0,0.0,0.0,0.2,0.0,0.0,0.0,0.0,0.0,0.0,0.0,0.0,0.0,0.0,0.0,0.0,0.0,0.0,0.0,0.0,0.0,0.0,0.0,0.0,0.0,0.0,0.1,0.0,0.0,0.0,0.0,0.0,0.0,0.0,0.0,0.0,0.0,0.0,0.0,0.0,0.0,0.0,0.0,0.0,0.0,0.0,0.0,0.0,0.0,0.0,0.0,0.0,0.0,0.0,0.0,0.0,0.0,0.0,0.0
AlCoCrCu0.5FeNi2.5,6,6,0.0506130810108069,-8.44897959183674,1.6681739719974,8.07142857142857,2.52032553776819,0.117518995425056,1.815,1670.19357142857,2.741814522813829,SS,SS,False,False,False,False,1,,Al+Co+Cr+Cu+Fe+Ni,Al+Co+Cr+Cu+Fe+Ni,0.0,0.14285714285714285,0.0,0.0,0.0,0.0,0.0,0.0,0.0,0.0,0.0,0.0,0.0,0.0,0.14285714285714285,0.14285714285714285,0.0,0.07142857142857142,0.0,0.0,0.0,0.0,0.14285714285714285,0.0,0.0,0.0,0.0,0.0,0.0,0.0,0.0,0.0,0.0,0.0,0.0,0.0,0.0,0.0,0.0,0.0,0.0,0.0,0.0,0.0,0.0,0.35714285714285715,0.0,0.0,0.0,0.0,0.0,0.0,0.0,0.0,0.0,0.0,0.0,0.0,0.0,0.0,0.0,0.0,0.0,0.0,0.0,0.0,0.0,0.0,0.0,0.0,0.0,0.0,0.0,0.0,0.0,0.0,0.0,0.0
AlCoCrCuFe0.5Ni,6,6,0.0540350086834879,-5.55371900826446,1.76776147228933,7.81818181818182,2.79018350058597,0.123976804015446,1.79545454545455,1613.22545454545,4.2694213023149485,SS,SS,False,False,False,False,1,,Al+Co+Cr+Cu+Fe+Ni,Al+Co+Cr+Cu+Fe+Ni,0.0,0.18181818181818182,0.0,0.0,0.0,0.0,0.0,0.0,0.0,0.0,0.0,0.0,0.0,0.0,0.18181818181818182,0.18181818181818182,0.0,0.18181818181818182,0.0,0.0,0.0,0.0,0.09090909090909091,0.0,0.0,0.0,0.0,0.0,0.0,0.0,0.0,0.0,0.0,0.0,0.0,0.0,0.0,0.0,0.0,0.0,0.0,0.0,0.0,0.0,0.0,0.18181818181818182,0.0,0.0,0.0,0.0,0.0,0.0,0.0,0.0,0.0,0.0,0.0,0.0,0.0,0.0,0.0,0.0,0.0,0.0,0.0,0.0,0.0,0.0,0.0,0.0,0.0,0.0,0.0,0.0,0.0,0.0,0.0,0.0
Al0.25CoCrCu0.75FeNi,6,6,0.0325033273080466,-0.710000000000001,1.72190494135786,8.4,2.0591260281974,0.103163704857862,1.8215,1747.739,35.242084331992245,SS,FCC,True,False,False,False,1,FCC,Al+Co+Cr+Cu+Fe+Ni,Al+Co+Cr+Cu+Fe+Ni,0.0,0.05,0.0,0.0,0.0,0.0,0.0,0.0,0.0,0.0,0.0,0.0,0.0,0.0,0.2,0.2,0.0,0.15,0.0,0.0,0.0,0.0,0.2,0.0,0.0,0.0,0.0,0.0,0.0,0.0,0.0,0.0,0.0,0.0,0.0,0.0,0.0,0.0,0.0,0.0,0.0,0.0,0.0,0.0,0.0,0.2,0.0,0.0,0.0,0.0,0.0,0.0,0.0,0.0,0.0,0.0,0.0,0.0,0.0,0.0,0.0,0.0,0.0,0.0,0.0,0.0,0.0,0.0,0.0,0.0,0.0,0.0,0.0,0.0,0.0,0.0,0.0,0.0
Al0.3CoCrCu0.5FeNi,6,6,0.0357870054450478,-2.82118055555556,1.71606704949254,8.20833333333333,2.08124895729036,0.105790468681677,1.81520833333333,1759.56791666667,8.899048838210657,SS+IM,FCC+L12,True,False,True,False,0,,Al+Co+Cr+Cu+Fe+Ni,Al+Co+Cr+Cu+Fe+Ni,0.0,0.0625,0.0,0.0,0.0,0.0,0.0,0.0,0.0,0.0,0.0,0.0,0.0,0.0,0.20833333333333334,0.20833333333333334,0.0,0.10416666666666667,0.0,0.0,0.0,0.0,0.20833333333333334,0.0,0.0,0.0,0.0,0.0,0.0,0.0,0.0,0.0,0.0,0.0,0.0,0.0,0.0,0.0,0.0,0.0,0.0,0.0,0.0,0.0,0.0,0.20833333333333334,0.0,0.0,0.0,0.0,0.0,0.0,0.0,0.0,0.0,0.0,0.0,0.0,0.0,0.0,0.0,0.0,0.0,0.0,0.0,0.0,0.0,0.0,0.0,0.0,0.0,0.0,0.0,0.0,0.0,0.0,0.0,0.0
Al0.3CoCrCuFeNi,6,6,0.0342268564184895,0.156639373442506,1.73585622457653,8.47169811320755,2.14215350633735,0.103682635960145,1.82320754716981,1721.66245283019,158.63353678054847,SS,FCC,True,False,False,False,1,FCC,Al+Co+Cr+Cu+Fe+Ni,Al+Co+Cr+Cu+Fe+Ni,0.0,0.05660377358490566,0.0,0.0,0.0,0.0,0.0,0.0,0.0,0.0,0.0,0.0,0.0,0.0,0.18867924528301888,0.18867924528301888,0.0,0.18867924528301888,0.0,0.0,0.0,0.0,0.18867924528301888,0.0,0.0,0.0,0.0,0.0,0.0,0.0,0.0,0.0,0.0,0.0,0.0,0.0,0.0,0.0,0.0,0.0,0.0,0.0,0.0,0.0,0.0,0.18867924528301888,0.0,0.0,0.0,0.0,0.0,0.0,0.0,0.0,0.0,0.0,0.0,0.0,0.0,0.0,0.0,0.0,0.0,0.0,0.0,0.0,0.0,0.0,0.0,0.0,0.0,0.0,0.0,0.0,0.0,0.0,0.0,0.0
Al0.5CoCrCu0.5FeNi,6,6,0.043697561246411,-4.6,1.74806734854609,8.0,2.28035085019828,0.111180034178804,1.807,1726.524,5.455155490823143,SS,2FCC,True,False,False,False,1,,Al+Co+Cr+Cu+Fe+Ni,Al+Co+Cr+Cu+Fe+Ni,0.0,0.1,0.0,0.0,0.0,0.0,0.0,0.0,0.0,0.0,0.0,0.0,0.0,0.0,0.2,0.2,0.0,0.1,0.0,0.0,0.0,0.0,0.2,0.0,0.0,0.0,0.0,0.0,0.0,0.0,0.0,0.0,0.0,0.0,0.0,0.0,0.0,0.0,0.0,0.0,0.0,0.0,0.0,0.0,0.0,0.2,0.0,0.0,0.0,0.0,0.0,0.0,0.0,0.0,0.0,0.0,0.0,0.0,0.0,0.0,0.0,0.0,0.0,0.0,0.0,0.0,0.0,0.0,0.0,0.0,0.0,0.0,0.0,0.0,0.0,0.0,0.0,0.0
Al0.5CoCrCu0.5FeNi2,6,6,0.0405488803053603,-5.19444444444444,1.67623493913473,8.33333333333333,2.21108319357027,0.108509472192779,1.82416666666667,1726.77,4.633023071430898,SS+IM,FCC+L12,True,False,True,False,0,,Al+Co+Cr+Cu+Fe+Ni,Al+Co+Cr+Cu+Fe+Ni,0.0,0.08333333333333333,0.0,0.0,0.0,0.0,0.0,0.0,0.0,0.0,0.0,0.0,0.0,0.0,0.16666666666666666,0.16666666666666666,0.0,0.08333333333333333,0.0,0.0,0.0,0.0,0.16666666666666666,0.0,0.0,0.0,0.0,0.0,0.0,0.0,0.0,0.0,0.0,0.0,0.0,0.0,0.0,0.0,0.0,0.0,0.0,0.0,0.0,0.0,0.0,0.3333333333333333,0.0,0.0,0.0,0.0,0.0,0.0,0.0,0.0,0.0,0.0,0.0,0.0,0.0,0.0,0.0,0.0,0.0,0.0,0.0,0.0,0.0,0.0,0.0,0.0,0.0,0.0,0.0,0.0,0.0,0.0,0.0,0.0
Al0.5CoCrCuFeNi,6,6,0.041692078610563,-1.52066115702479,1.76776147228933,8.27272727272727,2.33903278732157,0.109325505330195,1.81545454545455,1693.00090909091,16.363740662550285,SS,FCC,True,False,False,False,1,FCC,Al+Co+Cr+Cu+Fe+Ni,Al+Co+Cr+Cu+Fe+Ni,0.0,0.09090909090909091,0.0,0.0,0.0,0.0,0.0,0.0,0.0,0.0,0.0,0.0,0.0,0.0,0.18181818181818182,0.18181818181818182,0.0,0.18181818181818182,0.0,0.0,0.0,0.0,0.18181818181818182,0.0,0.0,0.0,0.0,0.0,0.0,0.0,0.0,0.0,0.0,0.0,0.0,0.0,0.0,0.0,0.0,0.0,0.0,0.0,0.0,0.0,0.0,0.18181818181818182,0.0,0.0,0.0,0.0,0.0,0.0,0.0,0.0,0.0,0.0,0.0,0.0,0.0,0.0,0.0,0.0,0.0,0.0,0.0,0.0,0.0,0.0,0.0,0.0,0.0,0.0,0.0,0.0,0.0,0.0,0.0,0.0
Al0.75CoCrCu0.25FeNi,6,6,0.0516630019369153,-8.47,1.72190494135786,7.6,2.41660919471891,0.116870654999448,1.7925,1705.309,2.8824582868216932,SS,BCC+FCC,True,True,False,False,1,,Al+Co+Cr+Cu+Fe+Ni,Al+Co+Cr+Cu+Fe+Ni,0.0,0.15,0.0,0.0,0.0,0.0,0.0,0.0,0.0,0.0,0.0,0.0,0.0,0.0,0.2,0.2,0.0,0.05,0.0,0.0,0.0,0.0,0.2,0.0,0.0,0.0,0.0,0.0,0.0,0.0,0.0,0.0,0.0,0.0,0.0,0.0,0.0,0.0,0.0,0.0,0.0,0.0,0.0,0.0,0.0,0.2,0.0,0.0,0.0,0.0,0.0,0.0,0.0,0.0,0.0,0.0,0.0,0.0,0.0,0.0,0.0,0.0,0.0,0.0,0.0,0.0,0.0,0.0,0.0,0.0,0.0,0.0,0.0,0.0,0.0,0.0,0.0,0.0
Al0.8CoCrCuFeNi,6,6,0.049216676377131,-3.61474435196195,1.7886363384233,8.0,2.55963359446836,0.115776857006534,1.8048275862069,1653.71482758621,6.803607753400058,SS,FCC+BCC,True,True,False,False,1,,Al+Co+Cr+Cu+Fe+Ni,Al+Co+Cr+Cu+Fe+Ni,0.0,0.13793103448275862,0.0,0.0,0.0,0.0,0.0,0.0,0.0,0.0,0.0,0.0,0.0,0.0,0.1724137931034483,0.1724137931034483,0.0,0.1724137931034483,0.0,0.0,0.0,0.0,0.1724137931034483,0.0,0.0,0.0,0.0,0.0,0.0,0.0,0.0,0.0,0.0,0.0,0.0,0.0,0.0,0.0,0.0,0.0,0.0,0.0,0.0,0.0,0.0,0.1724137931034483,0.0,0.0,0.0,0.0,0.0,0.0,0.0,0.0,0.0,0.0,0.0,0.0,0.0,0.0,0.0,0.0,0.0,0.0,0.0,0.0,0.0,0.0,0.0,0.0,0.0,0.0,0.0,0.0,0.0,0.0,0.0,0.0
Al1.3CoCrCuFeNi,6,6,0.0568639121189799,-6.23834719072814,1.78641097565023,7.6031746031746,2.80328425606598,0.122938531754992,1.78936507936508,1596.55253968254,3.801274540802825,SS,FCC+BCC,True,True,False,False,1,,Al+Co+Cr+Cu+Fe+Ni,Al+Co+Cr+Cu+Fe+Ni,0.0,0.20634920634920637,0.0,0.0,0.0,0.0,0.0,0.0,0.0,0.0,0.0,0.0,0.0,0.0,0.15873015873015872,0.15873015873015872,0.0,0.15873015873015872,0.0,0.0,0.0,0.0,0.15873015873015872,0.0,0.0,0.0,0.0,0.0,0.0,0.0,0.0,0.0,0.0,0.0,0.0,0.0,0.0,0.0,0.0,0.0,0.0,0.0,0.0,0.0,0.0,0.15873015873015872,0.0,0.0,0.0,0.0,0.0,0.0,0.0,0.0,0.0,0.0,0.0,0.0,0.0,0.0,0.0,0.0,0.0,0.0,0.0,0.0,0.0,0.0,0.0,0.0,0.0,0.0,0.0,0.0,0.0,0.0,0.0,0.0
Al1.4Co0.9Cr1.4Cu0.5Fe0.9Ni,6,6,0.0595394082730237,-9.53077129803816,1.74174782952757,7.11475409836066,2.72269370387235,0.124725551978385,1.76672131147541,1637.18737704918,2.4876530076221135,SS+IM,BCC+B2+Unk,False,True,True,False,0,,Al+Co+Cr+Cu+Fe+Ni,Al+Co+Cr+Cu+Fe+Ni,0.0,0.22950819672131148,0.0,0.0,0.0,0.0,0.0,0.0,0.0,0.0,0.0,0.0,0.0,0.0,0.1475409836065574,0.22950819672131148,0.0,0.0819672131147541,0.0,0.0,0.0,0.0,0.1475409836065574,0.0,0.0,0.0,0.0,0.0,0.0,0.0,0.0,0.0,0.0,0.0,0.0,0.0,0.0,0.0,0.0,0.0,0.0,0.0,0.0,0.0,0.0,0.1639344262295082,0.0,0.0,0.0,0.0,0.0,0.0,0.0,0.0,0.0,0.0,0.0,0.0,0.0,0.0,0.0,0.0,0.0,0.0,0.0,0.0,0.0,0.0,0.0,0.0,0.0,0.0,0.0,0.0,0.0,0.0,0.0,0.0
Al1.5CoCrCuFeNi,6,6,0.0589250351886058,-7.05325443786982,1.77823330579971,7.46153846153846,2.87202380039915,0.124933118201975,1.78384615384615,1576.15,3.3039306343675783,SS,FCC+BCC,True,True,False,False,1,,Al+Co+Cr+Cu+Fe+Ni,Al+Co+Cr+Cu+Fe+Ni,0.0,0.23076923076923078,0.0,0.0,0.0,0.0,0.0,0.0,0.0,0.0,0.0,0.0,0.0,0.0,0.15384615384615385,0.15384615384615385,0.0,0.15384615384615385,0.0,0.0,0.0,0.0,0.15384615384615385,0.0,0.0,0.0,0.0,0.0,0.0,0.0,0.0,0.0,0.0,0.0,0.0,0.0,0.0,0.0,0.0,0.0,0.0,0.0,0.0,0.0,0.0,0.15384615384615385,0.0,0.0,0.0,0.0,0.0,0.0,0.0,0.0,0.0,0.0,0.0,0.0,0.0,0.0,0.0,0.0,0.0,0.0,0.0,0.0,0.0,0.0,0.0,0.0,0.0,0.0,0.0,0.0,0.0,0.0,0.0,0.0
Al1.8CoCrCuFeNi,6,6,0.0613258336992108,-8.07958477508651,1.76133202441385,7.26470588235294,2.95365002038267,0.127256450336512,1.77617647058824,1547.79647058824,2.8054351004486273,SS,FCC+BCC,True,True,False,False,1,,Al+Co+Cr+Cu+Fe+Ni,Al+Co+Cr+Cu+Fe+Ni,0.0,0.2647058823529412,0.0,0.0,0.0,0.0,0.0,0.0,0.0,0.0,0.0,0.0,0.0,0.0,0.14705882352941177,0.14705882352941177,0.0,0.14705882352941177,0.0,0.0,0.0,0.0,0.14705882352941177,0.0,0.0,0.0,0.0,0.0,0.0,0.0,0.0,0.0,0.0,0.0,0.0,0.0,0.0,0.0,0.0,0.0,0.0,0.0,0.0,0.0,0.0,0.14705882352941177,0.0,0.0,0.0,0.0,0.0,0.0,0.0,0.0,0.0,0.0,0.0,0.0,0.0,0.0,0.0,0.0,0.0,0.0,0.0,0.0,0.0,0.0,0.0,0.0,0.0,0.0,0.0,0.0,0.0,0.0,0.0,0.0
Al2.3CoCrCuFeNi,6,6,0.064029950192206,-9.37511728279227,1.72545092585972,6.97260273972603,3.04744493354781,0.129795514508067,1.76479452054795,1505.71931506849,2.304114775713638,SS,FCC+BCC,True,True,False,False,1,,Al+Co+Cr+Cu+Fe+Ni,Al+Co+Cr+Cu+Fe+Ni,0.0,0.3150684931506849,0.0,0.0,0.0,0.0,0.0,0.0,0.0,0.0,0.0,0.0,0.0,0.0,0.136986301369863,0.136986301369863,0.0,0.136986301369863,0.0,0.0,0.0,0.0,0.136986301369863,0.0,0.0,0.0,0.0,0.0,0.0,0.0,0.0,0.0,0.0,0.0,0.0,0.0,0.0,0.0,0.0,0.0,0.0,0.0,0.0,0.0,0.0,0.136986301369863,0.0,0.0,0.0,0.0,0.0,0.0,0.0,0.0,0.0,0.0,0.0,0.0,0.0,0.0,0.0,0.0,0.0,0.0,0.0,0.0,0.0,0.0,0.0,0.0,0.0,0.0,0.0,0.0,0.0,0.0,0.0,0.0
Al2.5CoCrCuFeNi,6,6,0.0647848439741925,-9.77777777777778,1.70947277658421,6.86666666666667,3.0739045022396,0.130459018682326,1.76066666666667,1490.45933333333,2.16658804453025,SS,FCC+BCC,True,True,False,False,1,,Al+Co+Cr+Cu+Fe+Ni,Al+Co+Cr+Cu+Fe+Ni,0.0,0.3333333333333333,0.0,0.0,0.0,0.0,0.0,0.0,0.0,0.0,0.0,0.0,0.0,0.0,0.13333333333333333,0.13333333333333333,0.0,0.13333333333333333,0.0,0.0,0.0,0.0,0.13333333333333333,0.0,0.0,0.0,0.0,0.0,0.0,0.0,0.0,0.0,0.0,0.0,0.0,0.0,0.0,0.0,0.0,0.0,0.0,0.0,0.0,0.0,0.0,0.13333333333333333,0.0,0.0,0.0,0.0,0.0,0.0,0.0,0.0,0.0,0.0,0.0,0.0,0.0,0.0,0.0,0.0,0.0,0.0,0.0,0.0,0.0,0.0,0.0,0.0,0.0,0.0,0.0,0.0,0.0,0.0,0.0,0.0
Al2.8CoCrCuFeNi,6,6,0.0656588779244712,-10.2827087442472,1.68451676342539,6.71794871794872,3.10457658823904,0.131165813926237,1.7548717948718,1469.03666666667,2.000942567426275,SS,BCC,False,True,False,False,1,BCC,Al+Co+Cr+Cu+Fe+Ni,Al+Co+Cr+Cu+Fe+Ni,0.0,0.358974358974359,0.0,0.0,0.0,0.0,0.0,0.0,0.0,0.0,0.0,0.0,0.0,0.0,0.12820512820512822,0.12820512820512822,0.0,0.12820512820512822,0.0,0.0,0.0,0.0,0.12820512820512822,0.0,0.0,0.0,0.0,0.0,0.0,0.0,0.0,0.0,0.0,0.0,0.0,0.0,0.0,0.0,0.0,0.0,0.0,0.0,0.0,0.0,0.0,0.12820512820512822,0.0,0.0,0.0,0.0,0.0,0.0,0.0,0.0,0.0,0.0,0.0,0.0,0.0,0.0,0.0,0.0,0.0,0.0,0.0,0.0,0.0,0.0,0.0,0.0,0.0,0.0,0.0,0.0,0.0,0.0,0.0,0.0
Al2CoCrCuFeNi,6,6,0.0625704614161524,-8.65306122448979,1.74786809746676,7.14285714285714,2.99659670905758,0.128444381674223,1.77142857142857,1530.24428571429,2.570004184740355,SS,BCC,False,True,False,False,1,BCC,Al+Co+Cr+Cu+Fe+Ni,Al+Co+Cr+Cu+Fe+Ni,0.0,0.2857142857142857,0.0,0.0,0.0,0.0,0.0,0.0,0.0,0.0,0.0,0.0,0.0,0.0,0.14285714285714285,0.14285714285714285,0.0,0.14285714285714285,0.0,0.0,0.0,0.0,0.14285714285714285,0.0,0.0,0.0,0.0,0.0,0.0,0.0,0.0,0.0,0.0,0.0,0.0,0.0,0.0,0.0,0.0,0.0,0.0,0.0,0.0,0.0,0.0,0.14285714285714285,0.0,0.0,0.0,0.0,0.0,0.0,0.0,0.0,0.0,0.0,0.0,0.0,0.0,0.0,0.0,0.0,0.0,0.0,0.0,0.0,0.0,0.0,0.0,0.0,0.0,0.0,0.0,0.0,0.0,0.0,0.0,0.0
Al3CoCrCuFeNi,6,6,0.0661000258841885,-10.5625,1.66746193342929,6.625,3.11999599358717,0.131475995907998,1.75125,1455.6475,1.910643275257983,SS,BCC,False,True,False,False,1,BCC,Al+Co+Cr+Cu+Fe+Ni,Al+Co+Cr+Cu+Fe+Ni,0.0,0.375,0.0,0.0,0.0,0.0,0.0,0.0,0.0,0.0,0.0,0.0,0.0,0.0,0.125,0.125,0.0,0.125,0.0,0.0,0.0,0.0,0.125,0.0,0.0,0.0,0.0,0.0,0.0,0.0,0.0,0.0,0.0,0.0,0.0,0.0,0.0,0.0,0.0,0.0,0.0,0.0,0.0,0.0,0.0,0.125,0.0,0.0,0.0,0.0,0.0,0.0,0.0,0.0,0.0,0.0,0.0,0.0,0.0,0.0,0.0,0.0,0.0,0.0,0.0,0.0,0.0,0.0,0.0,0.0,0.0,0.0,0.0,0.0,0.0,0.0,0.0,0.0
AlCo0.5CrCuFeNi,6,6,0.0544803374047901,-4.49586776859504,1.76776147228933,7.72727272727273,2.76638619176417,0.121689212598364,1.79090909090909,1617.13454545455,5.286770703777163,SS+IM,BCC+FCC+B2,True,True,True,False,0,,Al+Co+Cr+Cu+Fe+Ni,Al+Co+Cr+Cu+Fe+Ni,0.0,0.18181818181818182,0.0,0.0,0.0,0.0,0.0,0.0,0.0,0.0,0.0,0.0,0.0,0.0,0.09090909090909091,0.18181818181818182,0.0,0.18181818181818182,0.0,0.0,0.0,0.0,0.18181818181818182,0.0,0.0,0.0,0.0,0.0,0.0,0.0,0.0,0.0,0.0,0.0,0.0,0.0,0.0,0.0,0.0,0.0,0.0,0.0,0.0,0.0,0.0,0.18181818181818182,0.0,0.0,0.0,0.0,0.0,0.0,0.0,0.0,0.0,0.0,0.0,0.0,0.0,0.0,0.0,0.0,0.0,0.0,0.0,0.0,0.0,0.0,0.0,0.0,0.0,0.0,0.0,0.0,0.0,0.0,0.0,0.0
AlCoCr0.5CuFeNi,6,6,0.0544002856305926,-5.02479338842975,1.76776147228933,8.0,2.73030134866931,0.116498501391418,1.81090909090909,1579.68,4.620710505305983,SS+IM,BCC+FCC+B2,True,True,True,False,0,,Al+Co+Cr+Cu+Fe+Ni,Al+Co+Cr+Cu+Fe+Ni,0.0,0.18181818181818182,0.0,0.0,0.0,0.0,0.0,0.0,0.0,0.0,0.0,0.0,0.0,0.0,0.18181818181818182,0.09090909090909091,0.0,0.18181818181818182,0.0,0.0,0.0,0.0,0.18181818181818182,0.0,0.0,0.0,0.0,0.0,0.0,0.0,0.0,0.0,0.0,0.0,0.0,0.0,0.0,0.0,0.0,0.0,0.0,0.0,0.0,0.0,0.0,0.18181818181818182,0.0,0.0,0.0,0.0,0.0,0.0,0.0,0.0,0.0,0.0,0.0,0.0,0.0,0.0,0.0,0.0,0.0,0.0,0.0,0.0,0.0,0.0,0.0,0.0,0.0,0.0,0.0,0.0,0.0,0.0,0.0,0.0
AlCoCrCu0.25FeNi,6,6,0.0564067711043267,-9.94104308390023,1.72424209379972,7.38095238095238,2.55373098624608,0.120494069819548,1.78380952380952,1668.55476190476,2.4062510540119355,SS,BCC,False,True,False,False,1,BCC,Al+Co+Cr+Cu+Fe+Ni,Al+Co+Cr+Cu+Fe+Ni,0.0,0.19047619047619047,0.0,0.0,0.0,0.0,0.0,0.0,0.0,0.0,0.0,0.0,0.0,0.0,0.19047619047619047,0.19047619047619047,0.0,0.047619047619047616,0.0,0.0,0.0,0.0,0.19047619047619047,0.0,0.0,0.0,0.0,0.0,0.0,0.0,0.0,0.0,0.0,0.0,0.0,0.0,0.0,0.0,0.0,0.0,0.0,0.0,0.0,0.0,0.0,0.19047619047619047,0.0,0.0,0.0,0.0,0.0,0.0,0.0,0.0,0.0,0.0,0.0,0.0,0.0,0.0,0.0,0.0,0.0,0.0,0.0,0.0,0.0,0.0,0.0,0.0,0.0,0.0,0.0,0.0,0.0,0.0,0.0,0.0
AlCoCrCu0.5Fe0.5Ni,6,6,0.0565906664984135,-8.92,1.74806734854609,7.5,2.72946881279124,0.125319591445233,1.785,1638.771,2.6702121121497657,SS,BCC+FCC,True,True,False,False,1,,Al+Co+Cr+Cu+Fe+Ni,Al+Co+Cr+Cu+Fe+Ni,0.0,0.2,0.0,0.0,0.0,0.0,0.0,0.0,0.0,0.0,0.0,0.0,0.0,0.0,0.2,0.2,0.0,0.1,0.0,0.0,0.0,0.0,0.1,0.0,0.0,0.0,0.0,0.0,0.0,0.0,0.0,0.0,0.0,0.0,0.0,0.0,0.0,0.0,0.0,0.0,0.0,0.0,0.0,0.0,0.0,0.2,0.0,0.0,0.0,0.0,0.0,0.0,0.0,0.0,0.0,0.0,0.0,0.0,0.0,0.0,0.0,0.0,0.0,0.0,0.0,0.0,0.0,0.0,0.0,0.0,0.0,0.0,0.0,0.0,0.0,0.0,0.0,0.0
AlCoCrCu0.5Fe2Ni,6,6,0.052349846749864,-6.48520710059172,1.71184513523391,7.61538461538462,2.40315374643282,0.111535808987027,1.79538461538462,1678.51615384615,3.6838363904235663,SS+IM,FCC+B2,True,False,True,False,0,,Al+Co+Cr+Cu+Fe+Ni,Al+Co+Cr+Cu+Fe+Ni,0.0,0.15384615384615385,0.0,0.0,0.0,0.0,0.0,0.0,0.0,0.0,0.0,0.0,0.0,0.0,0.15384615384615385,0.15384615384615385,0.0,0.07692307692307693,0.0,0.0,0.0,0.0,0.3076923076923077,0.0,0.0,0.0,0.0,0.0,0.0,0.0,0.0,0.0,0.0,0.0,0.0,0.0,0.0,0.0,0.0,0.0,0.0,0.0,0.0,0.0,0.0,0.15384615384615385,0.0,0.0,0.0,0.0,0.0,0.0,0.0,0.0,0.0,0.0,0.0,0.0,0.0,0.0,0.0,0.0,0.0,0.0,0.0,0.0,0.0,0.0,0.0,0.0,0.0,0.0,0.0,0.0,0.0,0.0,0.0,0.0
AlCoCrCu0.5FeNi,6,6,0.0551279649336164,-7.93388429752066,1.76776147228933,7.54545454545455,2.60641294306026,0.120185806562895,1.78909090909091,1654.42818181818,3.0649253840446433,SS+IM,BCC+B2,False,True,True,False,0,,Al+Co+Cr+Cu+Fe+Ni,Al+Co+Cr+Cu+Fe+Ni,0.0,0.18181818181818182,0.0,0.0,0.0,0.0,0.0,0.0,0.0,0.0,0.0,0.0,0.0,0.0,0.18181818181818182,0.18181818181818182,0.0,0.09090909090909091,0.0,0.0,0.0,0.0,0.18181818181818182,0.0,0.0,0.0,0.0,0.0,0.0,0.0,0.0,0.0,0.0,0.0,0.0,0.0,0.0,0.0,0.0,0.0,0.0,0.0,0.0,0.0,0.0,0.18181818181818182,0.0,0.0,0.0,0.0,0.0,0.0,0.0,0.0,0.0,0.0,0.0,0.0,0.0,0.0,0.0,0.0,0.0,0.0,0.0,0.0,0.0,0.0,0.0,0.0,0.0,0.0,0.0,0.0,0.0,0.0,0.0,0.0
AlCoCrCu0.5FeNi1.5,6,6,0.0535175264777191,-8.27777777777778,1.74815545724768,7.75,2.58602010819715,0.119823365371237,1.79916666666667,1660.55916666667,2.9157804947210972,SS,BCC+FCC,True,True,False,False,1,,Al+Co+Cr+Cu+Fe+Ni,Al+Co+Cr+Cu+Fe+Ni,0.0,0.16666666666666666,0.0,0.0,0.0,0.0,0.0,0.0,0.0,0.0,0.0,0.0,0.0,0.0,0.16666666666666666,0.16666666666666666,0.0,0.08333333333333333,0.0,0.0,0.0,0.0,0.16666666666666666,0.0,0.0,0.0,0.0,0.0,0.0,0.0,0.0,0.0,0.0,0.0,0.0,0.0,0.0,0.0,0.0,0.0,0.0,0.0,0.0,0.0,0.0,0.25,0.0,0.0,0.0,0.0,0.0,0.0,0.0,0.0,0.0,0.0,0.0,0.0,0.0,0.0,0.0,0.0,0.0,0.0,0.0,0.0,0.0,0.0,0.0,0.0,0.0,0.0,0.0,0.0,0.0,0.0,0.0,0.0
AlCoCrCu0.5FeNi2,6,6,0.0520142700357357,-8.42603550295858,1.71184513523391,7.92307692307692,2.55588426551325,0.118850510251249,1.80769230769231,1665.74692307692,2.813742776473338,SS,BCC+FCC,True,True,False,False,1,,Al+Co+Cr+Cu+Fe+Ni,Al+Co+Cr+Cu+Fe+Ni,0.0,0.15384615384615385,0.0,0.0,0.0,0.0,0.0,0.0,0.0,0.0,0.0,0.0,0.0,0.0,0.15384615384615385,0.15384615384615385,0.0,0.07692307692307693,0.0,0.0,0.0,0.0,0.15384615384615385,0.0,0.0,0.0,0.0,0.0,0.0,0.0,0.0,0.0,0.0,0.0,0.0,0.0,0.0,0.0,0.0,0.0,0.0,0.0,0.0,0.0,0.0,0.3076923076923077,0.0,0.0,0.0,0.0,0.0,0.0,0.0,0.0,0.0,0.0,0.0,0.0,0.0,0.0,0.0,0.0,0.0,0.0,0.0,0.0,0.0,0.0,0.0,0.0,0.0,0.0,0.0,0.0,0.0,0.0,0.0,0.0
AlCoCrCu0.5FeNi3,6,6,0.049306753535293,-8.39111111111111,1.62166791711235,8.2,2.48193472919817,0.115980841329745,1.82133333333333,1674.04733333333,2.689951014823089,IM,IM,False,False,True,False,0,,Al+Co+Cr+Cu+Fe+Ni,Al+Co+Cr+Cu+Fe+Ni,0.0,0.13333333333333333,0.0,0.0,0.0,0.0,0.0,0.0,0.0,0.0,0.0,0.0,0.0,0.0,0.13333333333333333,0.13333333333333333,0.0,0.06666666666666667,0.0,0.0,0.0,0.0,0.13333333333333333,0.0,0.0,0.0,0.0,0.0,0.0,0.0,0.0,0.0,0.0,0.0,0.0,0.0,0.0,0.0,0.0,0.0,0.0,0.0,0.0,0.0,0.0,0.4,0.0,0.0,0.0,0.0,0.0,0.0,0.0,0.0,0.0,0.0,0.0,0.0,0.0,0.0,0.0,0.0,0.0,0.0,0.0,0.0,0.0,0.0,0.0,0.0,0.0,0.0,0.0,0.0,0.0,0.0,0.0,0.0
AlCoCrCuFeNi,6,6,0.0528113059928536,-4.77777777777778,1.79175946922805,7.83333333333333,2.6718699236469,0.119082137852642,1.79833333333333,1629.70666666667,5.081563879370297,SS,FCC+BCC,True,True,False,False,1,,Al+Co+Cr+Cu+Fe+Ni,Al+Co+Cr+Cu+Fe+Ni,0.0,0.16666666666666666,0.0,0.0,0.0,0.0,0.0,0.0,0.0,0.0,0.0,0.0,0.0,0.0,0.16666666666666666,0.16666666666666666,0.0,0.16666666666666666,0.0,0.0,0.0,0.0,0.16666666666666666,0.0,0.0,0.0,0.0,0.0,0.0,0.0,0.0,0.0,0.0,0.0,0.0,0.0,0.0,0.0,0.0,0.0,0.0,0.0,0.0,0.0,0.0,0.16666666666666666,0.0,0.0,0.0,0.0,0.0,0.0,0.0,0.0,0.0,0.0,0.0,0.0,0.0,0.0,0.0,0.0,0.0,0.0,0.0,0.0,0.0,0.0,0.0,0.0,0.0,0.0,0.0,0.0,0.0,0.0,0.0,0.0
AlCoCrCuFeNi0.5,6,6,0.0542717855762626,-3.90082644628099,1.76776147228933,7.63636363636364,2.7059774665704,0.119302379906017,1.78818181818182,1620.77090909091,6.1069287648167,SS+IM,BCC+FCC+B2,True,True,True,False,0,,Al+Co+Cr+Cu+Fe+Ni,Al+Co+Cr+Cu+Fe+Ni,0.0,0.18181818181818182,0.0,0.0,0.0,0.0,0.0,0.0,0.0,0.0,0.0,0.0,0.0,0.0,0.18181818181818182,0.18181818181818182,0.0,0.18181818181818182,0.0,0.0,0.0,0.0,0.18181818181818182,0.0,0.0,0.0,0.0,0.0,0.0,0.0,0.0,0.0,0.0,0.0,0.0,0.0,0.0,0.0,0.0,0.0,0.0,0.0,0.0,0.0,0.0,0.09090909090909091,0.0,0.0,0.0,0.0,0.0,0.0,0.0,0.0,0.0,0.0,0.0,0.0,0.0,0.0,0.0,0.0,0.0,0.0,0.0,0.0,0.0,0.0,0.0,0.0,0.0,0.0,0.0,0.0,0.0,0.0,0.0,0.0
AlCoCrCuMnTi,6,6,0.0636411290536503,-12.8888888888889,1.79175946922805,6.66666666666667,2.74873708374511,0.146969384566991,1.69,1616.54,1.8684645778735511,IM,IM,False,False,True,False,0,,Al+Co+Cr+Cu+Mn+Ti,Al+Co+Cr+Cu+Mn+Ti,0.0,0.16666666666666666,0.0,0.0,0.0,0.0,0.0,0.0,0.0,0.0,0.0,0.0,0.0,0.0,0.16666666666666666,0.16666666666666666,0.0,0.16666666666666666,0.0,0.0,0.0,0.0,0.0,0.0,0.0,0.0,0.0,0.0,0.0,0.0,0.0,0.0,0.0,0.0,0.0,0.0,0.0,0.0,0.16666666666666666,0.0,0.0,0.0,0.0,0.0,0.0,0.0,0.0,0.0,0.0,0.0,0.0,0.0,0.0,0.0,0.0,0.0,0.0,0.0,0.0,0.0,0.0,0.0,0.0,0.0,0.0,0.0,0.0,0.0,0.0,0.16666666666666666,0.0,0.0,0.0,0.0,0.0,0.0,0.0,0.0
AlCoCrCuNiTi,6,6,0.069000741920541,-16.6666666666667,1.79175946922805,7.16666666666667,3.02305952453618,0.150996688705415,1.75,1651.37333333333,1.4760817510183575,SS,BCC,False,True,False,False,1,BCC,Al+Co+Cr+Cu+Ni+Ti,Al+Co+Cr+Cu+Ni+Ti,0.0,0.16666666666666666,0.0,0.0,0.0,0.0,0.0,0.0,0.0,0.0,0.0,0.0,0.0,0.0,0.16666666666666666,0.16666666666666666,0.0,0.16666666666666666,0.0,0.0,0.0,0.0,0.0,0.0,0.0,0.0,0.0,0.0,0.0,0.0,0.0,0.0,0.0,0.0,0.0,0.0,0.0,0.0,0.0,0.0,0.0,0.0,0.0,0.0,0.0,0.16666666666666666,0.0,0.0,0.0,0.0,0.0,0.0,0.0,0.0,0.0,0.0,0.0,0.0,0.0,0.0,0.0,0.0,0.0,0.0,0.0,0.0,0.0,0.0,0.0,0.16666666666666666,0.0,0.0,0.0,0.0,0.0,0.0,0.0,0.0
Al0.02CoCrFeMnNi,6,6,0.0336220311099602,-4.38405739591435,1.62901568272925,7.9800796812749,1.44611086955231,0.138435179702926,1.76537848605578,1797.74290836653,5.554063021639536,SS,FCC,True,False,False,False,1,FCC,Al+Co+Cr+Fe+Mn+Ni,Al+Co+Cr+Fe+Mn+Ni,0.0,0.003984063745019921,0.0,0.0,0.0,0.0,0.0,0.0,0.0,0.0,0.0,0.0,0.0,0.0,0.19920318725099603,0.19920318725099603,0.0,0.0,0.0,0.0,0.0,0.0,0.19920318725099603,0.0,0.0,0.0,0.0,0.0,0.0,0.0,0.0,0.0,0.0,0.0,0.0,0.0,0.0,0.0,0.19920318725099603,0.0,0.0,0.0,0.0,0.0,0.0,0.19920318725099603,0.0,0.0,0.0,0.0,0.0,0.0,0.0,0.0,0.0,0.0,0.0,0.0,0.0,0.0,0.0,0.0,0.0,0.0,0.0,0.0,0.0,0.0,0.0,0.0,0.0,0.0,0.0,0.0,0.0,0.0,0.0,0.0
Al0.03CoCrFeMnNi,6,6,0.0340699580528431,-4.49470176950227,1.63633384831038,7.97017892644135,1.46160447520579,0.138470576391045,1.76506958250497,1796.02467196819,5.436476517649349,SS,FCC,True,False,False,False,1,FCC,Al+Co+Cr+Fe+Mn+Ni,Al+Co+Cr+Fe+Mn+Ni,0.0,0.005964214711729622,0.0,0.0,0.0,0.0,0.0,0.0,0.0,0.0,0.0,0.0,0.0,0.0,0.19880715705765406,0.19880715705765406,0.0,0.0,0.0,0.0,0.0,0.0,0.19880715705765406,0.0,0.0,0.0,0.0,0.0,0.0,0.0,0.0,0.0,0.0,0.0,0.0,0.0,0.0,0.0,0.19880715705765406,0.0,0.0,0.0,0.0,0.0,0.0,0.19880715705765406,0.0,0.0,0.0,0.0,0.0,0.0,0.0,0.0,0.0,0.0,0.0,0.0,0.0,0.0,0.0,0.0,0.0,0.0,0.0,0.0,0.0,0.0,0.0,0.0,0.0,0.0,0.0,0.0,0.0,0.0,0.0,0.0
Al0.04CoCrFeMnNi,6,6,0.0345079767036484,-4.60443436633913,1.64295271561398,7.96031746031746,1.47680905285146,0.138505138783324,1.7647619047619,1794.31325396825,5.323303506250734,SS,FCC,True,False,False,False,1,FCC,Al+Co+Cr+Fe+Mn+Ni,Al+Co+Cr+Fe+Mn+Ni,0.0,0.007936507936507936,0.0,0.0,0.0,0.0,0.0,0.0,0.0,0.0,0.0,0.0,0.0,0.0,0.1984126984126984,0.1984126984126984,0.0,0.0,0.0,0.0,0.0,0.0,0.1984126984126984,0.0,0.0,0.0,0.0,0.0,0.0,0.0,0.0,0.0,0.0,0.0,0.0,0.0,0.0,0.0,0.1984126984126984,0.0,0.0,0.0,0.0,0.0,0.0,0.1984126984126984,0.0,0.0,0.0,0.0,0.0,0.0,0.0,0.0,0.0,0.0,0.0,0.0,0.0,0.0,0.0,0.0,0.0,0.0,0.0,0.0,0.0,0.0,0.0,0.0,0.0,0.0,0.0,0.0,0.0,0.0,0.0,0.0
Al0.08CoCrFeMnNi,6,6,0.0361688350122023,-5.03441006882014,1.66508651583147,7.92125984251969,1.534928243277,0.138635235201794,1.76354330708661,1787.53496062992,4.915604646255796,SS,FCC,True,False,False,False,1,FCC,Al+Co+Cr+Fe+Mn+Ni,Al+Co+Cr+Fe+Mn+Ni,0.0,0.015748031496062992,0.0,0.0,0.0,0.0,0.0,0.0,0.0,0.0,0.0,0.0,0.0,0.0,0.19685039370078738,0.19685039370078738,0.0,0.0,0.0,0.0,0.0,0.0,0.19685039370078738,0.0,0.0,0.0,0.0,0.0,0.0,0.0,0.0,0.0,0.0,0.0,0.0,0.0,0.0,0.0,0.19685039370078738,0.0,0.0,0.0,0.0,0.0,0.0,0.19685039370078738,0.0,0.0,0.0,0.0,0.0,0.0,0.0,0.0,0.0,0.0,0.0,0.0,0.0,0.0,0.0,0.0,0.0,0.0,0.0,0.0,0.0,0.0,0.0,0.0,0.0,0.0,0.0,0.0,0.0,0.0,0.0,0.0
Al0.09CoCrFeMnNi,6,6,0.0365629902632785,-5.13970534311663,1.66985447197278,7.91159135559922,1.54882654801589,0.138665767380594,1.7632416502947,1785.85703339882,4.824155250345262,SS+IM,BCC+FCC+B2,True,True,True,False,0,,Al+Co+Cr+Fe+Mn+Ni,Al+Co+Cr+Fe+Mn+Ni,0.0,0.01768172888015717,0.0,0.0,0.0,0.0,0.0,0.0,0.0,0.0,0.0,0.0,0.0,0.0,0.19646365422396858,0.19646365422396858,0.0,0.0,0.0,0.0,0.0,0.0,0.19646365422396858,0.0,0.0,0.0,0.0,0.0,0.0,0.0,0.0,0.0,0.0,0.0,0.0,0.0,0.0,0.0,0.19646365422396858,0.0,0.0,0.0,0.0,0.0,0.0,0.19646365422396858,0.0,0.0,0.0,0.0,0.0,0.0,0.0,0.0,0.0,0.0,0.0,0.0,0.0,0.0,0.0,0.0,0.0,0.0,0.0,0.0,0.0,0.0,0.0,0.0,0.0,0.0,0.0,0.0,0.0,0.0,0.0,0.0
Al0.10CoCrFeMnNi,6,6,0.0369493435876235,-5.24413687043445,1.67438926704389,7.90196078431373,1.56248798534404,0.138695520908876,1.76294117647059,1784.18568627451,4.7364902680490415,SS,FCC,True,False,False,False,1,FCC,Al+Co+Cr+Fe+Mn+Ni,Al+Co+Cr+Fe+Mn+Ni,0.0,0.019607843137254905,0.0,0.0,0.0,0.0,0.0,0.0,0.0,0.0,0.0,0.0,0.0,0.0,0.19607843137254904,0.19607843137254904,0.0,0.0,0.0,0.0,0.0,0.0,0.19607843137254904,0.0,0.0,0.0,0.0,0.0,0.0,0.0,0.0,0.0,0.0,0.0,0.0,0.0,0.0,0.0,0.19607843137254904,0.0,0.0,0.0,0.0,0.0,0.0,0.19607843137254904,0.0,0.0,0.0,0.0,0.0,0.0,0.0,0.0,0.0,0.0,0.0,0.0,0.0,0.0,0.0,0.0,0.0,0.0,0.0,0.0,0.0,0.0,0.0,0.0,0.0,0.0,0.0,0.0,0.0,0.0,0.0,0.0
Al0.11CoCrFeMnNi,6,6,0.0373281731057187,-5.3477123632339,1.6787141283743,7.89236790606654,1.57591972017912,0.138724504639478,1.76264187866928,1782.52088062622,4.65240503059828,SS+IM,BCC+FCC+B2,True,True,True,False,0,,Al+Co+Cr+Fe+Mn+Ni,Al+Co+Cr+Fe+Mn+Ni,0.0,0.021526418786692758,0.0,0.0,0.0,0.0,0.0,0.0,0.0,0.0,0.0,0.0,0.0,0.0,0.19569471624266144,0.19569471624266144,0.0,0.0,0.0,0.0,0.0,0.0,0.19569471624266144,0.0,0.0,0.0,0.0,0.0,0.0,0.0,0.0,0.0,0.0,0.0,0.0,0.0,0.0,0.0,0.19569471624266144,0.0,0.0,0.0,0.0,0.0,0.0,0.19569471624266144,0.0,0.0,0.0,0.0,0.0,0.0,0.0,0.0,0.0,0.0,0.0,0.0,0.0,0.0,0.0,0.0,0.0,0.0,0.0,0.0,0.0,0.0,0.0,0.0,0.0,0.0,0.0,0.0,0.0,0.0,0.0,0.0
Al0.12CoCrFeMnNi,6,6,0.0376997407219738,-5.450439453125,1.68284811568111,7.8828125,1.58912856303187,0.138752727309907,1.76234375,1780.862578125,4.5717028475452315,SS+IM,BCC+FCC+B2,True,True,True,False,0,,Al+Co+Cr+Fe+Mn+Ni,Al+Co+Cr+Fe+Mn+Ni,0.0,0.0234375,0.0,0.0,0.0,0.0,0.0,0.0,0.0,0.0,0.0,0.0,0.0,0.0,0.1953125,0.1953125,0.0,0.0,0.0,0.0,0.0,0.0,0.1953125,0.0,0.0,0.0,0.0,0.0,0.0,0.0,0.0,0.0,0.0,0.0,0.0,0.0,0.0,0.0,0.1953125,0.0,0.0,0.0,0.0,0.0,0.0,0.1953125,0.0,0.0,0.0,0.0,0.0,0.0,0.0,0.0,0.0,0.0,0.0,0.0,0.0,0.0,0.0,0.0,0.0,0.0,0.0,0.0,0.0,0.0,0.0,0.0,0.0,0.0,0.0,0.0,0.0,0.0,0.0,0.0
Al0.14CoCrFeMnNi,6,6,0.0384220645808581,-5.65337855228694,1.69060479150836,7.86381322957198,1.61490318828382,0.138806923854499,1.76175097276265,1777.5653307393,4.4197101112710415,SS+IM,BCC+FCC+B2,True,True,True,False,0,,Al+Co+Cr+Fe+Mn+Ni,Al+Co+Cr+Fe+Mn+Ni,0.0,0.027237354085603113,0.0,0.0,0.0,0.0,0.0,0.0,0.0,0.0,0.0,0.0,0.0,0.0,0.19455252918287935,0.19455252918287935,0.0,0.0,0.0,0.0,0.0,0.0,0.19455252918287935,0.0,0.0,0.0,0.0,0.0,0.0,0.0,0.0,0.0,0.0,0.0,0.0,0.0,0.0,0.0,0.19455252918287935,0.0,0.0,0.0,0.0,0.0,0.0,0.19455252918287935,0.0,0.0,0.0,0.0,0.0,0.0,0.0,0.0,0.0,0.0,0.0,0.0,0.0,0.0,0.0,0.0,0.0,0.0,0.0,0.0,0.0,0.0,0.0,0.0,0.0,0.0,0.0,0.0,0.0,0.0,0.0,0.0
Al0.15CoCrFeMnNi,6,6,0.0387732747822781,-5.75360542935244,1.69425263656553,7.85436893203884,1.62748103050876,0.138832914643217,1.76145631067961,1775.92631067961,4.3480769471011635,SS+IM,BCC+FCC+B2,True,True,True,False,0,,Al+Co+Cr+Fe+Mn+Ni,Al+Co+Cr+Fe+Mn+Ni,0.0,0.029126213592233007,0.0,0.0,0.0,0.0,0.0,0.0,0.0,0.0,0.0,0.0,0.0,0.0,0.1941747572815534,0.1941747572815534,0.0,0.0,0.0,0.0,0.0,0.0,0.1941747572815534,0.0,0.0,0.0,0.0,0.0,0.0,0.0,0.0,0.0,0.0,0.0,0.0,0.0,0.0,0.0,0.1941747572815534,0.0,0.0,0.0,0.0,0.0,0.0,0.1941747572815534,0.0,0.0,0.0,0.0,0.0,0.0,0.0,0.0,0.0,0.0,0.0,0.0,0.0,0.0,0.0,0.0,0.0,0.0,0.0,0.0,0.0,0.0,0.0,0.0,0.0,0.0,0.0,0.0,0.0,0.0,0.0,0.0
Al0.16CoCrFeMnNi,6,6,0.0391181330250012,-5.85301364100715,1.69776081092753,7.84496124031008,1.63986013963614,0.138858178204337,1.76116279069767,1774.29364341085,4.279141523130218,SS+IM,BCC+B2,False,True,True,False,0,,Al+Co+Cr+Fe+Mn+Ni,Al+Co+Cr+Fe+Mn+Ni,0.0,0.031007751937984496,0.0,0.0,0.0,0.0,0.0,0.0,0.0,0.0,0.0,0.0,0.0,0.0,0.19379844961240308,0.19379844961240308,0.0,0.0,0.0,0.0,0.0,0.0,0.19379844961240308,0.0,0.0,0.0,0.0,0.0,0.0,0.0,0.0,0.0,0.0,0.0,0.0,0.0,0.0,0.0,0.19379844961240308,0.0,0.0,0.0,0.0,0.0,0.0,0.19379844961240308,0.0,0.0,0.0,0.0,0.0,0.0,0.0,0.0,0.0,0.0,0.0,0.0,0.0,0.0,0.0,0.0,0.0,0.0,0.0,0.0,0.0,0.0,0.0,0.0,0.0,0.0,0.0,0.0,0.0,0.0,0.0,0.0
Al0.18CoCrFeMnNi,6,6,0.0397895762360924,-6.04940296059987,1.70439264643675,7.82625482625483,1.66404339301235,0.138906556288656,1.76057915057915,1771.04722007722,4.148790098172891,SS+IM,BCC+B2,False,True,True,False,0,,Al+Co+Cr+Fe+Mn+Ni,Al+Co+Cr+Fe+Mn+Ni,0.0,0.03474903474903475,0.0,0.0,0.0,0.0,0.0,0.0,0.0,0.0,0.0,0.0,0.0,0.0,0.19305019305019305,0.19305019305019305,0.0,0.0,0.0,0.0,0.0,0.0,0.19305019305019305,0.0,0.0,0.0,0.0,0.0,0.0,0.0,0.0,0.0,0.0,0.0,0.0,0.0,0.0,0.0,0.19305019305019305,0.0,0.0,0.0,0.0,0.0,0.0,0.19305019305019305,0.0,0.0,0.0,0.0,0.0,0.0,0.0,0.0,0.0,0.0,0.0,0.0,0.0,0.0,0.0,0.0,0.0,0.0,0.0,0.0,0.0,0.0,0.0,0.0,0.0,0.0,0.0,0.0,0.0,0.0,0.0,0.0
Al0.19CoCrFeMnNi,6,6,0.0401165281416236,-6.14639832789454,1.70753117873774,7.81695568400771,1.67585758104544,0.138929686873596,1.76028901734104,1769.4333911368,4.087110166302867,SS+IM,BCC+B2,False,True,True,False,0,,Al+Co+Cr+Fe+Mn+Ni,Al+Co+Cr+Fe+Mn+Ni,0.0,0.03660886319845858,0.0,0.0,0.0,0.0,0.0,0.0,0.0,0.0,0.0,0.0,0.0,0.0,0.1926782273603083,0.1926782273603083,0.0,0.0,0.0,0.0,0.0,0.0,0.1926782273603083,0.0,0.0,0.0,0.0,0.0,0.0,0.0,0.0,0.0,0.0,0.0,0.0,0.0,0.0,0.0,0.1926782273603083,0.0,0.0,0.0,0.0,0.0,0.0,0.1926782273603083,0.0,0.0,0.0,0.0,0.0,0.0,0.0,0.0,0.0,0.0,0.0,0.0,0.0,0.0,0.0,0.0,0.0,0.0,0.0,0.0,0.0,0.0,0.0,0.0,0.0,0.0,0.0,0.0,0.0,0.0,0.0,0.0
Al0.20CoCrFeMnNi,6,6,0.0404378633237898,-6.24260355029586,1.71056008375792,7.80769230769231,1.68749315142156,0.138952122357639,1.76,1767.82576923077,4.027598994231164,SS,FCC,True,False,False,False,1,FCC,Al+Co+Cr+Fe+Mn+Ni,Al+Co+Cr+Fe+Mn+Ni,0.0,0.038461538461538464,0.0,0.0,0.0,0.0,0.0,0.0,0.0,0.0,0.0,0.0,0.0,0.0,0.1923076923076923,0.1923076923076923,0.0,0.0,0.0,0.0,0.0,0.0,0.1923076923076923,0.0,0.0,0.0,0.0,0.0,0.0,0.0,0.0,0.0,0.0,0.0,0.0,0.0,0.0,0.0,0.1923076923076923,0.0,0.0,0.0,0.0,0.0,0.0,0.1923076923076923,0.0,0.0,0.0,0.0,0.0,0.0,0.0,0.0,0.0,0.0,0.0,0.0,0.0,0.0,0.0,0.0,0.0,0.0,0.0,0.0,0.0,0.0,0.0,0.0,0.0,0.0,0.0,0.0,0.0,0.0,0.0,0.0
Al0.25CoCrFeMnNi,6,6,0.0419657067159462,-6.71201814058957,1.72424209379972,7.76190476190476,1.74314335406887,0.139054142051823,1.75857142857143,1759.87952380952,3.7589127487143377,SS+IM,BCC+B2,False,True,True,False,0,,Al+Co+Cr+Fe+Mn+Ni,Al+Co+Cr+Fe+Mn+Ni,0.0,0.047619047619047616,0.0,0.0,0.0,0.0,0.0,0.0,0.0,0.0,0.0,0.0,0.0,0.0,0.19047619047619047,0.19047619047619047,0.0,0.0,0.0,0.0,0.0,0.0,0.19047619047619047,0.0,0.0,0.0,0.0,0.0,0.0,0.0,0.0,0.0,0.0,0.0,0.0,0.0,0.0,0.0,0.19047619047619047,0.0,0.0,0.0,0.0,0.0,0.0,0.19047619047619047,0.0,0.0,0.0,0.0,0.0,0.0,0.0,0.0,0.0,0.0,0.0,0.0,0.0,0.0,0.0,0.0,0.0,0.0,0.0,0.0,0.0,0.0,0.0,0.0,0.0,0.0,0.0,0.0,0.0,0.0,0.0,0.0
Al0.38CoCrFeMnNi,6,6,0.0454159774890551,-7.84676828678432,1.75103074034088,7.64684014869889,1.87077883123957,0.139245509522455,1.75498141263941,1739.9105204461,3.2282268208373037,SS,FCC,True,False,False,False,1,FCC,Al+Co+Cr+Fe+Mn+Ni,Al+Co+Cr+Fe+Mn+Ni,0.0,0.07063197026022305,0.0,0.0,0.0,0.0,0.0,0.0,0.0,0.0,0.0,0.0,0.0,0.0,0.1858736059479554,0.1858736059479554,0.0,0.0,0.0,0.0,0.0,0.0,0.1858736059479554,0.0,0.0,0.0,0.0,0.0,0.0,0.0,0.0,0.0,0.0,0.0,0.0,0.0,0.0,0.0,0.1858736059479554,0.0,0.0,0.0,0.0,0.0,0.0,0.1858736059479554,0.0,0.0,0.0,0.0,0.0,0.0,0.0,0.0,0.0,0.0,0.0,0.0,0.0,0.0,0.0,0.0,0.0,0.0,0.0,0.0,0.0,0.0,0.0,0.0,0.0,0.0,0.0,0.0,0.0,0.0,0.0,0.0
Al0.43CoCrFeMnNi,6,6,0.0465762060482465,-8.25235968241371,1.75877285958611,7.60405156537753,1.91431126946047,0.139293006428744,1.75364640883978,1732.48473296501,3.0699776083336037,SS,FCC+BCC,True,True,False,False,1,,Al+Co+Cr+Fe+Mn+Ni,Al+Co+Cr+Fe+Mn+Ni,0.0,0.07918968692449356,0.0,0.0,0.0,0.0,0.0,0.0,0.0,0.0,0.0,0.0,0.0,0.0,0.1841620626151013,0.1841620626151013,0.0,0.0,0.0,0.0,0.0,0.0,0.1841620626151013,0.0,0.0,0.0,0.0,0.0,0.0,0.0,0.0,0.0,0.0,0.0,0.0,0.0,0.0,0.0,0.1841620626151013,0.0,0.0,0.0,0.0,0.0,0.0,0.1841620626151013,0.0,0.0,0.0,0.0,0.0,0.0,0.0,0.0,0.0,0.0,0.0,0.0,0.0,0.0,0.0,0.0,0.0,0.0,0.0,0.0,0.0,0.0,0.0,0.0,0.0,0.0,0.0,0.0,0.0,0.0,0.0,0.0
Al0.49CoCrFeMnNi,6,6,0.0478660659040071,-8.71795382231645,1.76659700689848,7.55373406193078,1.96307667390696,0.139332475661368,1.75207650273224,1723.75233151184,2.9042364891778347,SS,FCC+BCC,True,True,False,False,1,,Al+Co+Cr+Fe+Mn+Ni,Al+Co+Cr+Fe+Mn+Ni,0.0,0.08925318761384335,0.0,0.0,0.0,0.0,0.0,0.0,0.0,0.0,0.0,0.0,0.0,0.0,0.18214936247723132,0.18214936247723132,0.0,0.0,0.0,0.0,0.0,0.0,0.18214936247723132,0.0,0.0,0.0,0.0,0.0,0.0,0.0,0.0,0.0,0.0,0.0,0.0,0.0,0.0,0.0,0.18214936247723132,0.0,0.0,0.0,0.0,0.0,0.0,0.18214936247723132,0.0,0.0,0.0,0.0,0.0,0.0,0.0,0.0,0.0,0.0,0.0,0.0,0.0,0.0,0.0,0.0,0.0,0.0,0.0,0.0,0.0,0.0,0.0,0.0,0.0,0.0,0.0,0.0,0.0,0.0,0.0,0.0
Al0.56CoCrFeMnNi,6,6,0.0492455693256293,-9.23347652813001,1.77399709339588,7.49640287769784,2.01567276634848,0.139355879220948,1.7502877697841699,1713.80273381295,2.737679920962663,SS,FCC+BCC,True,True,False,False,1,,Al+Co+Cr+Fe+Mn+Ni,Al+Co+Cr+Fe+Mn+Ni,0.0,0.10071942446043165,0.0,0.0,0.0,0.0,0.0,0.0,0.0,0.0,0.0,0.0,0.0,0.0,0.17985611510791366,0.17985611510791366,0.0,0.0,0.0,0.0,0.0,0.0,0.17985611510791366,0.0,0.0,0.0,0.0,0.0,0.0,0.0,0.0,0.0,0.0,0.0,0.0,0.0,0.0,0.0,0.17985611510791366,0.0,0.0,0.0,0.0,0.0,0.0,0.17985611510791366,0.0,0.0,0.0,0.0,0.0,0.0,0.0,0.0,0.0,0.0,0.0,0.0,0.0,0.0,0.0,0.0,0.0,0.0,0.0,0.0,0.0,0.0,0.0,0.0,0.0,0.0,0.0,0.0,0.0,0.0,0.0,0.0
Al0.62CoCrFeMnNi,6,6,0.0503325899560086,-9.65286660503287,1.77906870956123,7.44839857651246,2.05745046541812,0.139357812996112,1.74879003558719,1705.47177935943,2.6134556780798084,SS,FCC+BCC,True,True,False,False,1,,Al+Co+Cr+Fe+Mn+Ni,Al+Co+Cr+Fe+Mn+Ni,0.0,0.11032028469750889,0.0,0.0,0.0,0.0,0.0,0.0,0.0,0.0,0.0,0.0,0.0,0.0,0.17793594306049823,0.17793594306049823,0.0,0.0,0.0,0.0,0.0,0.0,0.17793594306049823,0.0,0.0,0.0,0.0,0.0,0.0,0.0,0.0,0.0,0.0,0.0,0.0,0.0,0.0,0.0,0.17793594306049823,0.0,0.0,0.0,0.0,0.0,0.0,0.17793594306049823,0.0,0.0,0.0,0.0,0.0,0.0,0.0,0.0,0.0,0.0,0.0,0.0,0.0,0.0,0.0,0.0,0.0,0.0,0.0,0.0,0.0,0.0,0.0,0.0,0.0,0.0,0.0,0.0,0.0,0.0,0.0,0.0
Al0.68CoCrFeMnNi,6,6,0.0513408663190833,-10.0525689347352,1.78312209311196,7.40140845070423,2.09647544318369,0.13934411499754,1.74732394366197,1697.31683098592,2.5032321266590243,SS,FCC+BCC,True,True,False,False,1,,Al+Co+Cr+Fe+Mn+Ni,Al+Co+Cr+Fe+Mn+Ni,0.0,0.11971830985915495,0.0,0.0,0.0,0.0,0.0,0.0,0.0,0.0,0.0,0.0,0.0,0.0,0.17605633802816903,0.17605633802816903,0.0,0.0,0.0,0.0,0.0,0.0,0.17605633802816903,0.0,0.0,0.0,0.0,0.0,0.0,0.0,0.0,0.0,0.0,0.0,0.0,0.0,0.0,0.0,0.17605633802816903,0.0,0.0,0.0,0.0,0.0,0.0,0.17605633802816903,0.0,0.0,0.0,0.0,0.0,0.0,0.0,0.0,0.0,0.0,0.0,0.0,0.0,0.0,0.0,0.0,0.0,0.0,0.0,0.0,0.0,0.0,0.0,0.0,0.0,0.0,0.0,0.0,0.0,0.0,0.0,0.0
Al0.75CoCrFeMnNi,6,6,0.0524276321493051,-10.4952741020794,1.78672360338993,7.34782608695652,2.13884763065197,0.139309667162187,1.74565217391304,1688.01782608696,2.3893226656379993,SS,FCC+BCC,True,True,False,False,1,,Al+Co+Cr+Fe+Mn+Ni,Al+Co+Cr+Fe+Mn+Ni,0.0,0.13043478260869565,0.0,0.0,0.0,0.0,0.0,0.0,0.0,0.0,0.0,0.0,0.0,0.0,0.17391304347826086,0.17391304347826086,0.0,0.0,0.0,0.0,0.0,0.0,0.17391304347826086,0.0,0.0,0.0,0.0,0.0,0.0,0.0,0.0,0.0,0.0,0.0,0.0,0.0,0.0,0.0,0.17391304347826086,0.0,0.0,0.0,0.0,0.0,0.0,0.17391304347826086,0.0,0.0,0.0,0.0,0.0,0.0,0.0,0.0,0.0,0.0,0.0,0.0,0.0,0.0,0.0,0.0,0.0,0.0,0.0,0.0,0.0,0.0,0.0,0.0,0.0,0.0,0.0,0.0,0.0,0.0,0.0,0.0
Al0.81CoCrFeMnNi,6,6,0.0532897291083994,-10.8555194468555,1.78895820173571,7.30292598967298,2.17270068615788,0.139265341359009,1.7442512908778,1680.22559380379,2.302244078937711,SS,FCC+BCC,True,True,False,False,1,,Al+Co+Cr+Fe+Mn+Ni,Al+Co+Cr+Fe+Mn+Ni,0.0,0.13941480206540446,0.0,0.0,0.0,0.0,0.0,0.0,0.0,0.0,0.0,0.0,0.0,0.0,0.1721170395869191,0.1721170395869191,0.0,0.0,0.0,0.0,0.0,0.0,0.1721170395869191,0.0,0.0,0.0,0.0,0.0,0.0,0.0,0.0,0.0,0.0,0.0,0.0,0.0,0.0,0.0,0.1721170395869191,0.0,0.0,0.0,0.0,0.0,0.0,0.1721170395869191,0.0,0.0,0.0,0.0,0.0,0.0,0.0,0.0,0.0,0.0,0.0,0.0,0.0,0.0,0.0,0.0,0.0,0.0,0.0,0.0,0.0,0.0,0.0,0.0,0.0,0.0,0.0,0.0,0.0,0.0,0.0,0.0
Al0.88CoCrFeMnNi,6,6,0.0542223053004365,-11.2545698551529,1.79068828689841,7.25170068027211,2.20957575087234,0.139197537562336,1.74265306122449,1671.3356462585,2.2110010698037157,SS,FCC+BCC,True,True,False,False,1,,Al+Co+Cr+Fe+Mn+Ni,Al+Co+Cr+Fe+Mn+Ni,0.0,0.14965986394557823,0.0,0.0,0.0,0.0,0.0,0.0,0.0,0.0,0.0,0.0,0.0,0.0,0.17006802721088435,0.17006802721088435,0.0,0.0,0.0,0.0,0.0,0.0,0.17006802721088435,0.0,0.0,0.0,0.0,0.0,0.0,0.0,0.0,0.0,0.0,0.0,0.0,0.0,0.0,0.0,0.17006802721088435,0.0,0.0,0.0,0.0,0.0,0.0,0.17006802721088435,0.0,0.0,0.0,0.0,0.0,0.0,0.0,0.0,0.0,0.0,0.0,0.0,0.0,0.0,0.0,0.0,0.0,0.0,0.0,0.0,0.0,0.0,0.0,0.0,0.0,0.0,0.0,0.0,0.0,0.0,0.0,0.0
Al0.95CoCrFeMnNi,6,6,0.0550832972387912,-11.6319468964056,1.79158090521605,7.20168067226891,2.24387057526365,0.139113579833391,1.74109243697479,1662.65487394958,2.1292188830118906,SS,FCC+BCC,True,True,False,False,1,,Al+Co+Cr+Fe+Mn+Ni,Al+Co+Cr+Fe+Mn+Ni,0.0,0.15966386554621848,0.0,0.0,0.0,0.0,0.0,0.0,0.0,0.0,0.0,0.0,0.0,0.0,0.1680672268907563,0.1680672268907563,0.0,0.0,0.0,0.0,0.0,0.0,0.1680672268907563,0.0,0.0,0.0,0.0,0.0,0.0,0.0,0.0,0.0,0.0,0.0,0.0,0.0,0.0,0.0,0.1680672268907563,0.0,0.0,0.0,0.0,0.0,0.0,0.1680672268907563,0.0,0.0,0.0,0.0,0.0,0.0,0.0,0.0,0.0,0.0,0.0,0.0,0.0,0.0,0.0,0.0,0.0,0.0,0.0,0.0,0.0,0.0,0.0,0.0,0.0,0.0,0.0,0.0,0.0,0.0,0.0,0.0
Al1.25CoCrFeMnNi,6,6,0.0581048240690323,-13.0304,1.78795275348547,7.0,2.36643191323985,0.138596392449443,1.7348,1627.654,1.8569258655223466,SS,BCC,False,True,False,False,1,BCC,Al+Co+Cr+Fe+Mn+Ni,Al+Co+Cr+Fe+Mn+Ni,0.0,0.2,0.0,0.0,0.0,0.0,0.0,0.0,0.0,0.0,0.0,0.0,0.0,0.0,0.16,0.16,0.0,0.0,0.0,0.0,0.0,0.0,0.16,0.0,0.0,0.0,0.0,0.0,0.0,0.0,0.0,0.0,0.0,0.0,0.0,0.0,0.0,0.0,0.16,0.0,0.0,0.0,0.0,0.0,0.0,0.16,0.0,0.0,0.0,0.0,0.0,0.0,0.0,0.0,0.0,0.0,0.0,0.0,0.0,0.0,0.0,0.0,0.0,0.0,0.0,0.0,0.0,0.0,0.0,0.0,0.0,0.0,0.0,0.0,0.0,0.0,0.0,0.0
Al0.3CoCrFeMo0.1Ni,6,6,0.0390331045328462,-7.26239669421488,1.61602507515085,7.84090909090909,1.95335587478414,0.118704047220161,1.81340909090909,1831.05477272727,3.387689891401251,SS,FCC,True,False,False,False,1,FCC,Al+Co+Cr+Fe+Mo+Ni,Al+Co+Cr+Fe+Mo+Ni,0.0,0.06818181818181818,0.0,0.0,0.0,0.0,0.0,0.0,0.0,0.0,0.0,0.0,0.0,0.0,0.22727272727272727,0.22727272727272727,0.0,0.0,0.0,0.0,0.0,0.0,0.22727272727272727,0.0,0.0,0.0,0.0,0.0,0.0,0.0,0.0,0.0,0.0,0.0,0.0,0.0,0.0,0.0,0.0,0.022727272727272728,0.0,0.0,0.0,0.0,0.0,0.22727272727272727,0.0,0.0,0.0,0.0,0.0,0.0,0.0,0.0,0.0,0.0,0.0,0.0,0.0,0.0,0.0,0.0,0.0,0.0,0.0,0.0,0.0,0.0,0.0,0.0,0.0,0.0,0.0,0.0,0.0,0.0,0.0,0.0
Al0.5CoCrFeMo0.5Ni,6,6,0.04881642943939,-8.68,1.74806734854609,7.5,2.1095023109729,0.152581125962552,1.833,1880.347,3.1485502019785727,SS+IM,FCC+IM,True,False,True,False,0,,Al+Co+Cr+Fe+Mo+Ni,Al+Co+Cr+Fe+Mo+Ni,0.0,0.1,0.0,0.0,0.0,0.0,0.0,0.0,0.0,0.0,0.0,0.0,0.0,0.0,0.2,0.2,0.0,0.0,0.0,0.0,0.0,0.0,0.2,0.0,0.0,0.0,0.0,0.0,0.0,0.0,0.0,0.0,0.0,0.0,0.0,0.0,0.0,0.0,0.0,0.1,0.0,0.0,0.0,0.0,0.0,0.2,0.0,0.0,0.0,0.0,0.0,0.0,0.0,0.0,0.0,0.0,0.0,0.0,0.0,0.0,0.0,0.0,0.0,0.0,0.0,0.0,0.0,0.0,0.0,0.0,0.0,0.0,0.0,0.0,0.0,0.0,0.0,0.0
Al1.5CoCrFeMo0.5Ni,6,6,0.0622614956302061,-13.1944444444444,1.74815545724768,6.75,2.55359224100743,0.162196297395745,1.79583333333333,1722.53416666667,1.8975401392270044,SS+IM,BCC+IM,False,True,True,False,0,,Al+Co+Cr+Fe+Mo+Ni,Al+Co+Cr+Fe+Mo+Ni,0.0,0.25,0.0,0.0,0.0,0.0,0.0,0.0,0.0,0.0,0.0,0.0,0.0,0.0,0.16666666666666666,0.16666666666666666,0.0,0.0,0.0,0.0,0.0,0.0,0.16666666666666666,0.0,0.0,0.0,0.0,0.0,0.0,0.0,0.0,0.0,0.0,0.0,0.0,0.0,0.0,0.0,0.0,0.08333333333333333,0.0,0.0,0.0,0.0,0.0,0.16666666666666666,0.0,0.0,0.0,0.0,0.0,0.0,0.0,0.0,0.0,0.0,0.0,0.0,0.0,0.0,0.0,0.0,0.0,0.0,0.0,0.0,0.0,0.0,0.0,0.0,0.0,0.0,0.0,0.0,0.0,0.0,0.0,0.0
Al2CoCrFeMo0.5Ni,6,6,0.0649052054580851,-14.2958579881657,1.71184513523391,6.46153846153846,2.64910390118809,0.163511756991833,1.78153846153846,1661.83692307692,1.6545383451146263,SS,BCC,False,True,False,False,1,BCC,Al+Co+Cr+Fe+Mo+Ni,Al+Co+Cr+Fe+Mo+Ni,0.0,0.3076923076923077,0.0,0.0,0.0,0.0,0.0,0.0,0.0,0.0,0.0,0.0,0.0,0.0,0.15384615384615385,0.15384615384615385,0.0,0.0,0.0,0.0,0.0,0.0,0.15384615384615385,0.0,0.0,0.0,0.0,0.0,0.0,0.0,0.0,0.0,0.0,0.0,0.0,0.0,0.0,0.0,0.0,0.07692307692307693,0.0,0.0,0.0,0.0,0.0,0.15384615384615385,0.0,0.0,0.0,0.0,0.0,0.0,0.0,0.0,0.0,0.0,0.0,0.0,0.0,0.0,0.0,0.0,0.0,0.0,0.0,0.0,0.0,0.0,0.0,0.0,0.0,0.0,0.0,0.0,0.0,0.0,0.0,0.0
AlCo0.5CrFeMo0.5Ni,6,6,0.0592957682617296,-11.72,1.74806734854609,6.9,2.42693221990232,0.165239220525879,1.806,1796.894,2.2283694343381706,SS+IM,BCC+IM,False,True,True,False,0,,Al+Co+Cr+Fe+Mo+Ni,Al+Co+Cr+Fe+Mo+Ni,0.0,0.2,0.0,0.0,0.0,0.0,0.0,0.0,0.0,0.0,0.0,0.0,0.0,0.0,0.1,0.2,0.0,0.0,0.0,0.0,0.0,0.0,0.2,0.0,0.0,0.0,0.0,0.0,0.0,0.0,0.0,0.0,0.0,0.0,0.0,0.0,0.0,0.0,0.0,0.1,0.0,0.0,0.0,0.0,0.0,0.2,0.0,0.0,0.0,0.0,0.0,0.0,0.0,0.0,0.0,0.0,0.0,0.0,0.0,0.0,0.0,0.0,0.0,0.0,0.0,0.0,0.0,0.0,0.0,0.0,0.0,0.0,0.0,0.0,0.0,0.0,0.0,0.0
AlCo1.5CrFeMo0.5Ni,6,6,0.0559073014006995,-11.0833333333333,1.74815545724768,7.25,2.34964536331195,0.15334239103682,1.81833333333333,1792.07833333333,2.350178395202899,SS+IM,BCC+IM,False,True,True,False,0,,Al+Co+Cr+Fe+Mo+Ni,Al+Co+Cr+Fe+Mo+Ni,0.0,0.16666666666666666,0.0,0.0,0.0,0.0,0.0,0.0,0.0,0.0,0.0,0.0,0.0,0.0,0.25,0.16666666666666666,0.0,0.0,0.0,0.0,0.0,0.0,0.16666666666666666,0.0,0.0,0.0,0.0,0.0,0.0,0.0,0.0,0.0,0.0,0.0,0.0,0.0,0.0,0.0,0.0,0.08333333333333333,0.0,0.0,0.0,0.0,0.0,0.16666666666666666,0.0,0.0,0.0,0.0,0.0,0.0,0.0,0.0,0.0,0.0,0.0,0.0,0.0,0.0,0.0,0.0,0.0,0.0,0.0,0.0,0.0,0.0,0.0,0.0,0.0,0.0,0.0,0.0,0.0,0.0,0.0,0.0
AlCo2CrFeMo0.5Ni,6,6,0.0543663709597231,-10.698224852071,1.71184513523391,7.38461538461539,2.3051267790418,0.14824016975501,1.82307692307692,1790.22615384615,2.3817426521705767,SS+IM,FCC+BCC+IM,True,True,True,False,0,,Al+Co+Cr+Fe+Mo+Ni,Al+Co+Cr+Fe+Mo+Ni,0.0,0.15384615384615385,0.0,0.0,0.0,0.0,0.0,0.0,0.0,0.0,0.0,0.0,0.0,0.0,0.3076923076923077,0.15384615384615385,0.0,0.0,0.0,0.0,0.0,0.0,0.15384615384615385,0.0,0.0,0.0,0.0,0.0,0.0,0.0,0.0,0.0,0.0,0.0,0.0,0.0,0.0,0.0,0.0,0.07692307692307693,0.0,0.0,0.0,0.0,0.0,0.15384615384615385,0.0,0.0,0.0,0.0,0.0,0.0,0.0,0.0,0.0,0.0,0.0,0.0,0.0,0.0,0.0,0.0,0.0,0.0,0.0,0.0,0.0,0.0,0.0,0.0,0.0,0.0,0.0,0.0,0.0,0.0,0.0,0.0
AlCoCr0.5FeMo0.5Ni,6,6,0.0591958490380561,-12.08,1.74806734854609,7.2,2.48193472919817,0.158858427538485,1.828,1755.694,2.1123906503945498,IM,IM,False,False,True,False,0,,Al+Co+Cr+Fe+Mo+Ni,Al+Co+Cr+Fe+Mo+Ni,0.0,0.2,0.0,0.0,0.0,0.0,0.0,0.0,0.0,0.0,0.0,0.0,0.0,0.0,0.2,0.1,0.0,0.0,0.0,0.0,0.0,0.0,0.2,0.0,0.0,0.0,0.0,0.0,0.0,0.0,0.0,0.0,0.0,0.0,0.0,0.0,0.0,0.0,0.0,0.1,0.0,0.0,0.0,0.0,0.0,0.2,0.0,0.0,0.0,0.0,0.0,0.0,0.0,0.0,0.0,0.0,0.0,0.0,0.0,0.0,0.0,0.0,0.0,0.0,0.0,0.0,0.0,0.0,0.0,0.0,0.0,0.0,0.0,0.0,0.0,0.0,0.0,0.0
AlCoCr1.5FeMo0.5Ni,6,6,0.0559820788330491,-10.8333333333333,1.74815545724768,7.0,2.3094010767585,0.157955689989313,1.8,1826.41166666667,2.450477965540608,IM,IM,False,False,True,False,0,,Al+Co+Cr+Fe+Mo+Ni,Al+Co+Cr+Fe+Mo+Ni,0.0,0.16666666666666666,0.0,0.0,0.0,0.0,0.0,0.0,0.0,0.0,0.0,0.0,0.0,0.0,0.16666666666666666,0.25,0.0,0.0,0.0,0.0,0.0,0.0,0.16666666666666666,0.0,0.0,0.0,0.0,0.0,0.0,0.0,0.0,0.0,0.0,0.0,0.0,0.0,0.0,0.0,0.0,0.08333333333333333,0.0,0.0,0.0,0.0,0.0,0.16666666666666666,0.0,0.0,0.0,0.0,0.0,0.0,0.0,0.0,0.0,0.0,0.0,0.0,0.0,0.0,0.0,0.0,0.0,0.0,0.0,0.0,0.0,0.0,0.0,0.0,0.0,0.0,0.0,0.0,0.0,0.0,0.0,0.0
AlCoCr2FeMo0.5Ni,6,6,0.0544982293357375,-10.2721893491124,1.71184513523391,6.92307692307692,2.23474446866676,0.156276950338496,1.78923076923077,1853.61076923077,2.5683498770215487,IM,IM,False,False,True,False,0,,Al+Co+Cr+Fe+Mo+Ni,Al+Co+Cr+Fe+Mo+Ni,0.0,0.15384615384615385,0.0,0.0,0.0,0.0,0.0,0.0,0.0,0.0,0.0,0.0,0.0,0.0,0.15384615384615385,0.3076923076923077,0.0,0.0,0.0,0.0,0.0,0.0,0.15384615384615385,0.0,0.0,0.0,0.0,0.0,0.0,0.0,0.0,0.0,0.0,0.0,0.0,0.0,0.0,0.0,0.0,0.07692307692307693,0.0,0.0,0.0,0.0,0.0,0.15384615384615385,0.0,0.0,0.0,0.0,0.0,0.0,0.0,0.0,0.0,0.0,0.0,0.0,0.0,0.0,0.0,0.0,0.0,0.0,0.0,0.0,0.0,0.0,0.0,0.0,0.0,0.0,0.0,0.0,0.0,0.0,0.0,0.0
AlCoCrFe0.5Mo0.5Ni,6,6,0.0587505087260336,-12.56,1.74806734854609,7.0,2.48997991959775,0.166640331252671,1.811,1792.594,2.074362463038492,SS+IM,BCC+IM,False,True,True,False,0,,Al+Co+Cr+Fe+Mo+Ni,Al+Co+Cr+Fe+Mo+Ni,0.0,0.2,0.0,0.0,0.0,0.0,0.0,0.0,0.0,0.0,0.0,0.0,0.0,0.0,0.2,0.2,0.0,0.0,0.0,0.0,0.0,0.0,0.1,0.0,0.0,0.0,0.0,0.0,0.0,0.0,0.0,0.0,0.0,0.0,0.0,0.0,0.0,0.0,0.0,0.1,0.0,0.0,0.0,0.0,0.0,0.2,0.0,0.0,0.0,0.0,0.0,0.0,0.0,0.0,0.0,0.0,0.0,0.0,0.0,0.0,0.0,0.0,0.0,0.0,0.0,0.0,0.0,0.0,0.0,0.0,0.0,0.0,0.0,0.0,0.0,0.0,0.0,0.0
AlCoCrFe0.6Mo0.5Ni,6,6,0.0585171879142889,-12.318339100346,1.75729327787529,7.01960784313726,2.46934297904803,0.165019542607905,1.81137254901961,1792.95490196078,2.126648154310753,SS+IM,BCC+IM,False,True,True,False,0,,Al+Co+Cr+Fe+Mo+Ni,Al+Co+Cr+Fe+Mo+Ni,0.0,0.19607843137254904,0.0,0.0,0.0,0.0,0.0,0.0,0.0,0.0,0.0,0.0,0.0,0.0,0.19607843137254904,0.19607843137254904,0.0,0.0,0.0,0.0,0.0,0.0,0.11764705882352941,0.0,0.0,0.0,0.0,0.0,0.0,0.0,0.0,0.0,0.0,0.0,0.0,0.0,0.0,0.0,0.0,0.09803921568627452,0.0,0.0,0.0,0.0,0.0,0.19607843137254904,0.0,0.0,0.0,0.0,0.0,0.0,0.0,0.0,0.0,0.0,0.0,0.0,0.0,0.0,0.0,0.0,0.0,0.0,0.0,0.0,0.0,0.0,0.0,0.0,0.0,0.0,0.0,0.0,0.0,0.0,0.0,0.0
AlCoCrFe1.5Mo0.5Ni,6,6,0.0563133472556679,-10.5,1.74815545724768,7.16666666666667,2.30337916018088,0.152285824101333,1.81416666666667,1795.66166666667,2.4857042095997977,SS+IM,BCC+IM,False,True,True,False,0,,Al+Co+Cr+Fe+Mo+Ni,Al+Co+Cr+Fe+Mo+Ni,0.0,0.16666666666666666,0.0,0.0,0.0,0.0,0.0,0.0,0.0,0.0,0.0,0.0,0.0,0.0,0.16666666666666666,0.16666666666666666,0.0,0.0,0.0,0.0,0.0,0.0,0.25,0.0,0.0,0.0,0.0,0.0,0.0,0.0,0.0,0.0,0.0,0.0,0.0,0.0,0.0,0.0,0.0,0.08333333333333333,0.0,0.0,0.0,0.0,0.0,0.16666666666666666,0.0,0.0,0.0,0.0,0.0,0.0,0.0,0.0,0.0,0.0,0.0,0.0,0.0,0.0,0.0,0.0,0.0,0.0,0.0,0.0,0.0,0.0,0.0,0.0,0.0,0.0,0.0,0.0,0.0,0.0,0.0,0.0
AlCoCrFe2Mo0.5Ni,6,6,0.0550811562697174,-9.70414201183432,1.71184513523391,7.23076923076923,2.22412804535399,0.146372306366354,1.81538461538462,1796.84153846154,2.635428835396656,SS+IM,BCC+IM,False,True,True,False,0,,Al+Co+Cr+Fe+Mo+Ni,Al+Co+Cr+Fe+Mo+Ni,0.0,0.15384615384615385,0.0,0.0,0.0,0.0,0.0,0.0,0.0,0.0,0.0,0.0,0.0,0.0,0.15384615384615385,0.15384615384615385,0.0,0.0,0.0,0.0,0.0,0.0,0.3076923076923077,0.0,0.0,0.0,0.0,0.0,0.0,0.0,0.0,0.0,0.0,0.0,0.0,0.0,0.0,0.0,0.0,0.07692307692307693,0.0,0.0,0.0,0.0,0.0,0.15384615384615385,0.0,0.0,0.0,0.0,0.0,0.0,0.0,0.0,0.0,0.0,0.0,0.0,0.0,0.0,0.0,0.0,0.0,0.0,0.0,0.0,0.0,0.0,0.0,0.0,0.0,0.0,0.0,0.0,0.0,0.0,0.0,0.0
AlCoCrFeMo0.1Ni,6,6,0.0577756294785598,-12.1337946943483,1.67438926704389,7.1764705882353,2.46310725450074,0.130599128086003,1.78549019607843,1707.8568627451,1.9595007922363212,SS,BCC,False,True,False,False,1,BCC,Al+Co+Cr+Fe+Mo+Ni,Al+Co+Cr+Fe+Mo+Ni,0.0,0.19607843137254904,0.0,0.0,0.0,0.0,0.0,0.0,0.0,0.0,0.0,0.0,0.0,0.0,0.19607843137254904,0.19607843137254904,0.0,0.0,0.0,0.0,0.0,0.0,0.19607843137254904,0.0,0.0,0.0,0.0,0.0,0.0,0.0,0.0,0.0,0.0,0.0,0.0,0.0,0.0,0.0,0.0,0.019607843137254905,0.0,0.0,0.0,0.0,0.0,0.19607843137254904,0.0,0.0,0.0,0.0,0.0,0.0,0.0,0.0,0.0,0.0,0.0,0.0,0.0,0.0,0.0,0.0,0.0,0.0,0.0,0.0,0.0,0.0,0.0,0.0,0.0,0.0,0.0,0.0,0.0,0.0,0.0,0.0
AlCoCrFeMo0.2Ni,6,6,0.0577486472039494,-11.9526627218935,1.71056008375792,7.15384615384615,2.44465362801088,0.139188795202987,1.79269230769231,1730.70576923077,2.0593544146151785,SS+IM,BCC+IM,False,True,True,False,0,,Al+Co+Cr+Fe+Mo+Ni,Al+Co+Cr+Fe+Mo+Ni,0.0,0.1923076923076923,0.0,0.0,0.0,0.0,0.0,0.0,0.0,0.0,0.0,0.0,0.0,0.0,0.1923076923076923,0.1923076923076923,0.0,0.0,0.0,0.0,0.0,0.0,0.1923076923076923,0.0,0.0,0.0,0.0,0.0,0.0,0.0,0.0,0.0,0.0,0.0,0.0,0.0,0.0,0.0,0.0,0.038461538461538464,0.0,0.0,0.0,0.0,0.0,0.1923076923076923,0.0,0.0,0.0,0.0,0.0,0.0,0.0,0.0,0.0,0.0,0.0,0.0,0.0,0.0,0.0,0.0,0.0,0.0,0.0,0.0,0.0,0.0,0.0,0.0,0.0,0.0,0.0,0.0,0.0,0.0,0.0,0.0
AlCoCrFeMo0.3Ni,6,6,0.0577007384840398,-11.7764328942684,1.73585622457653,7.13207547169811,2.42656474200344,0.146647597927576,1.79962264150943,1752.69245283019,2.148027766906357,SS+IM,BCC+IM,False,True,True,False,0,,Al+Co+Cr+Fe+Mo+Ni,Al+Co+Cr+Fe+Mo+Ni,0.0,0.18867924528301888,0.0,0.0,0.0,0.0,0.0,0.0,0.0,0.0,0.0,0.0,0.0,0.0,0.18867924528301888,0.18867924528301888,0.0,0.0,0.0,0.0,0.0,0.0,0.18867924528301888,0.0,0.0,0.0,0.0,0.0,0.0,0.0,0.0,0.0,0.0,0.0,0.0,0.0,0.0,0.0,0.0,0.05660377358490566,0.0,0.0,0.0,0.0,0.0,0.18867924528301888,0.0,0.0,0.0,0.0,0.0,0.0,0.0,0.0,0.0,0.0,0.0,0.0,0.0,0.0,0.0,0.0,0.0,0.0,0.0,0.0,0.0,0.0,0.0,0.0,0.0,0.0,0.0,0.0,0.0,0.0,0.0,0.0
AlCoCrFeMo0.4Ni,6,6,0.0576343484381971,-11.6049382716049,1.75427234111646,7.11111111111111,2.40883148763098,0.153191919043913,1.8062962962963,1773.86481481481,2.2295072341478237,SS+IM,BCC+IM,False,True,True,False,0,,Al+Co+Cr+Fe+Mo+Ni,Al+Co+Cr+Fe+Mo+Ni,0.0,0.18518518518518517,0.0,0.0,0.0,0.0,0.0,0.0,0.0,0.0,0.0,0.0,0.0,0.0,0.18518518518518517,0.18518518518518517,0.0,0.0,0.0,0.0,0.0,0.0,0.18518518518518517,0.0,0.0,0.0,0.0,0.0,0.0,0.0,0.0,0.0,0.0,0.0,0.0,0.0,0.0,0.0,0.0,0.07407407407407407,0.0,0.0,0.0,0.0,0.0,0.18518518518518517,0.0,0.0,0.0,0.0,0.0,0.0,0.0,0.0,0.0,0.0,0.0,0.0,0.0,0.0,0.0,0.0,0.0,0.0,0.0,0.0,0.0,0.0,0.0,0.0,0.0,0.0,0.0,0.0,0.0,0.0,0.0,0.0
AlCoCrFeMo0.5Ni,6,6,0.0575516263626562,-11.4380165289256,1.76776147228933,7.09090909090909,2.39144480690289,0.158979181546796,1.81272727272727,1794.26727272727,2.305654691634844,SS+IM,BCC+IM,False,True,True,False,0,,Al+Co+Cr+Fe+Mo+Ni,Al+Co+Cr+Fe+Mo+Ni,0.0,0.18181818181818182,0.0,0.0,0.0,0.0,0.0,0.0,0.0,0.0,0.0,0.0,0.0,0.0,0.18181818181818182,0.18181818181818182,0.0,0.0,0.0,0.0,0.0,0.0,0.18181818181818182,0.0,0.0,0.0,0.0,0.0,0.0,0.0,0.0,0.0,0.0,0.0,0.0,0.0,0.0,0.0,0.0,0.09090909090909091,0.0,0.0,0.0,0.0,0.0,0.18181818181818182,0.0,0.0,0.0,0.0,0.0,0.0,0.0,0.0,0.0,0.0,0.0,0.0,0.0,0.0,0.0,0.0,0.0,0.0,0.0,0.0,0.0,0.0,0.0,0.0,0.0,0.0,0.0,0.0,0.0,0.0,0.0,0.0
AlCoCrFeMo0.5Ni0.5,6,6,0.0590374408707769,-11.08,1.74806734854609,6.8,2.31516738055805,0.163587896862818,1.803,1800.894,2.3623309325754773,SS+IM,BCC+IM,False,True,True,False,0,,Al+Co+Cr+Fe+Mo+Ni,Al+Co+Cr+Fe+Mo+Ni,0.0,0.2,0.0,0.0,0.0,0.0,0.0,0.0,0.0,0.0,0.0,0.0,0.0,0.0,0.2,0.2,0.0,0.0,0.0,0.0,0.0,0.0,0.2,0.0,0.0,0.0,0.0,0.0,0.0,0.0,0.0,0.0,0.0,0.0,0.0,0.0,0.0,0.0,0.0,0.1,0.0,0.0,0.0,0.0,0.0,0.1,0.0,0.0,0.0,0.0,0.0,0.0,0.0,0.0,0.0,0.0,0.0,0.0,0.0,0.0,0.0,0.0,0.0,0.0,0.0,0.0,0.0,0.0,0.0,0.0,0.0,0.0,0.0,0.0,0.0,0.0,0.0,0.0
AlCoCrFeMo0.5Ni1.5,6,6,0.0561002922079309,-11.5277777777778,1.74815545724768,7.33333333333333,2.42670329642684,0.154567047659656,1.82083333333333,1788.745,2.2553662238602055,SS+IM,FCC+BCC+IM,True,True,True,False,0,,Al+Co+Cr+Fe+Mo+Ni,Al+Co+Cr+Fe+Mo+Ni,0.0,0.16666666666666666,0.0,0.0,0.0,0.0,0.0,0.0,0.0,0.0,0.0,0.0,0.0,0.0,0.16666666666666666,0.16666666666666666,0.0,0.0,0.0,0.0,0.0,0.0,0.16666666666666666,0.0,0.0,0.0,0.0,0.0,0.0,0.0,0.0,0.0,0.0,0.0,0.0,0.0,0.0,0.0,0.0,0.08333333333333333,0.0,0.0,0.0,0.0,0.0,0.25,0.0,0.0,0.0,0.0,0.0,0.0,0.0,0.0,0.0,0.0,0.0,0.0,0.0,0.0,0.0,0.0,0.0,0.0,0.0,0.0,0.0,0.0,0.0,0.0,0.0,0.0,0.0,0.0,0.0,0.0,0.0,0.0
AlCoCrFeMo0.5Ni2,6,6,0.0547064757187253,-11.4556213017752,1.71184513523391,7.53846153846154,2.43738146426998,0.150391992736615,1.82769230769231,1784.07230769231,2.2166261982666837,SS+IM,FCC+BCC+IM,True,True,True,False,0,,Al+Co+Cr+Fe+Mo+Ni,Al+Co+Cr+Fe+Mo+Ni,0.0,0.15384615384615385,0.0,0.0,0.0,0.0,0.0,0.0,0.0,0.0,0.0,0.0,0.0,0.0,0.15384615384615385,0.15384615384615385,0.0,0.0,0.0,0.0,0.0,0.0,0.15384615384615385,0.0,0.0,0.0,0.0,0.0,0.0,0.0,0.0,0.0,0.0,0.0,0.0,0.0,0.0,0.0,0.0,0.07692307692307693,0.0,0.0,0.0,0.0,0.0,0.3076923076923077,0.0,0.0,0.0,0.0,0.0,0.0,0.0,0.0,0.0,0.0,0.0,0.0,0.0,0.0,0.0,0.0,0.0,0.0,0.0,0.0,0.0,0.0,0.0,0.0,0.0,0.0,0.0,0.0,0.0,0.0,0.0,0.0
AlCoCrFeNb0.1Ni,6,6,0.0591886119411988,-13.3179546328335,1.67438926704389,7.15686274509804,2.47633940006178,0.121901820435348,1.77450980392157,1704.99411764706,1.7822801506826915,SS,BCC,False,True,False,False,1,BCC,Al+Co+Cr+Fe+Nb+Ni,Al+Co+Cr+Fe+Nb+Ni,0.0,0.19607843137254904,0.0,0.0,0.0,0.0,0.0,0.0,0.0,0.0,0.0,0.0,0.0,0.0,0.19607843137254904,0.19607843137254904,0.0,0.0,0.0,0.0,0.0,0.0,0.19607843137254904,0.0,0.0,0.0,0.0,0.0,0.0,0.0,0.0,0.0,0.0,0.0,0.0,0.0,0.0,0.0,0.0,0.0,0.0,0.0,0.019607843137254905,0.0,0.0,0.19607843137254904,0.0,0.0,0.0,0.0,0.0,0.0,0.0,0.0,0.0,0.0,0.0,0.0,0.0,0.0,0.0,0.0,0.0,0.0,0.0,0.0,0.0,0.0,0.0,0.0,0.0,0.0,0.0,0.0,0.0,0.0,0.0,0.0
AlCoCrFeNb0.25Ni,6,6,0.0609868324543157,-14.6575963718821,1.72424209379972,7.0952380952381,2.46701597085498,0.12361523216652,1.76952380952381,1734.85142857143,1.6968050892501927,SS+IM,BCC+IM,False,True,True,False,0,,Al+Co+Cr+Fe+Nb+Ni,Al+Co+Cr+Fe+Nb+Ni,0.0,0.19047619047619047,0.0,0.0,0.0,0.0,0.0,0.0,0.0,0.0,0.0,0.0,0.0,0.0,0.19047619047619047,0.19047619047619047,0.0,0.0,0.0,0.0,0.0,0.0,0.19047619047619047,0.0,0.0,0.0,0.0,0.0,0.0,0.0,0.0,0.0,0.0,0.0,0.0,0.0,0.0,0.0,0.0,0.0,0.0,0.0,0.047619047619047616,0.0,0.0,0.19047619047619047,0.0,0.0,0.0,0.0,0.0,0.0,0.0,0.0,0.0,0.0,0.0,0.0,0.0,0.0,0.0,0.0,0.0,0.0,0.0,0.0,0.0,0.0,0.0,0.0,0.0,0.0,0.0,0.0,0.0,0.0,0.0,0.0
AlCoCrFeNb0.5Ni,6,6,0.0633184846919063,-16.5289256198347,1.76776147228933,7.0,2.44948974278318,0.125829479261577,1.76181818181818,1780.99454545455,1.583710563308168,SS+IM,BCC+IM,False,True,True,False,0,,Al+Co+Cr+Fe+Nb+Ni,Al+Co+Cr+Fe+Nb+Ni,0.0,0.18181818181818182,0.0,0.0,0.0,0.0,0.0,0.0,0.0,0.0,0.0,0.0,0.0,0.0,0.18181818181818182,0.18181818181818182,0.0,0.0,0.0,0.0,0.0,0.0,0.18181818181818182,0.0,0.0,0.0,0.0,0.0,0.0,0.0,0.0,0.0,0.0,0.0,0.0,0.0,0.0,0.0,0.0,0.0,0.0,0.0,0.09090909090909091,0.0,0.0,0.18181818181818182,0.0,0.0,0.0,0.0,0.0,0.0,0.0,0.0,0.0,0.0,0.0,0.0,0.0,0.0,0.0,0.0,0.0,0.0,0.0,0.0,0.0,0.0,0.0,0.0,0.0,0.0,0.0,0.0,0.0,0.0,0.0,0.0
AlCoCrFeNb0.75Ni,6,6,0.0650244121533514,-18.0264650283554,1.78672360338993,6.91304347826087,2.43011975869254,0.127411335418771,1.75478260869565,1823.1252173913,1.5024412113563015,SS+IM,BCC+IM,False,True,True,False,0,,Al+Co+Cr+Fe+Nb+Ni,Al+Co+Cr+Fe+Nb+Ni,0.0,0.17391304347826086,0.0,0.0,0.0,0.0,0.0,0.0,0.0,0.0,0.0,0.0,0.0,0.0,0.17391304347826086,0.17391304347826086,0.0,0.0,0.0,0.0,0.0,0.0,0.17391304347826086,0.0,0.0,0.0,0.0,0.0,0.0,0.0,0.0,0.0,0.0,0.0,0.0,0.0,0.0,0.0,0.0,0.0,0.0,0.0,0.13043478260869565,0.0,0.0,0.17391304347826086,0.0,0.0,0.0,0.0,0.0,0.0,0.0,0.0,0.0,0.0,0.0,0.0,0.0,0.0,0.0,0.0,0.0,0.0,0.0,0.0,0.0,0.0,0.0,0.0,0.0,0.0,0.0,0.0,0.0,0.0,0.0,0.0
Al2CoCrFeNiSi,6,6,0.0757971833038687,-26.6938775510204,1.74786809746676,6.14285714285714,2.6954231805876,0.128444381674223,1.77142857142857,1577.27714285714,0.8586954989635996,IM,IM,False,False,True,False,0,,Al+Co+Cr+Fe+Ni+Si,Al+Co+Cr+Fe+Ni+Si,0.0,0.2857142857142857,0.0,0.0,0.0,0.0,0.0,0.0,0.0,0.0,0.0,0.0,0.0,0.0,0.14285714285714285,0.14285714285714285,0.0,0.0,0.0,0.0,0.0,0.0,0.14285714285714285,0.0,0.0,0.0,0.0,0.0,0.0,0.0,0.0,0.0,0.0,0.0,0.0,0.0,0.0,0.0,0.0,0.0,0.0,0.0,0.0,0.0,0.0,0.14285714285714285,0.0,0.0,0.0,0.0,0.0,0.0,0.0,0.0,0.0,0.0,0.0,0.0,0.0,0.0,0.0,0.0,0.14285714285714285,0.0,0.0,0.0,0.0,0.0,0.0,0.0,0.0,0.0,0.0,0.0,0.0,0.0,0.0,0.0
AlCoCrFeNiSi,6,6,0.0661129993112558,-27.3333333333333,1.79175946922805,6.66666666666667,2.5603819159562,0.119082137852642,1.79833333333333,1684.57833333333,0.9181476063360794,SS+IM,BCC+IM,False,True,True,False,0,,Al+Co+Cr+Fe+Ni+Si,Al+Co+Cr+Fe+Ni+Si,0.0,0.16666666666666666,0.0,0.0,0.0,0.0,0.0,0.0,0.0,0.0,0.0,0.0,0.0,0.0,0.16666666666666666,0.16666666666666666,0.0,0.0,0.0,0.0,0.0,0.0,0.16666666666666666,0.0,0.0,0.0,0.0,0.0,0.0,0.0,0.0,0.0,0.0,0.0,0.0,0.0,0.0,0.0,0.0,0.0,0.0,0.0,0.0,0.0,0.0,0.16666666666666666,0.0,0.0,0.0,0.0,0.0,0.0,0.0,0.0,0.0,0.0,0.0,0.0,0.0,0.0,0.0,0.0,0.16666666666666666,0.0,0.0,0.0,0.0,0.0,0.0,0.0,0.0,0.0,0.0,0.0,0.0,0.0,0.0,0.0
AlCoCrFeNiSi0.2,6,6,0.0601849655591765,-16.3905325443787,1.71056008375792,7.07692307692308,2.5103336726278,0.12052952693803,1.78269230769231,1684.20576923077,1.4614185135121303,SS,BCC,False,True,False,False,1,BCC,Al+Co+Cr+Fe+Ni+Si,Al+Co+Cr+Fe+Ni+Si,0.0,0.1923076923076923,0.0,0.0,0.0,0.0,0.0,0.0,0.0,0.0,0.0,0.0,0.0,0.0,0.1923076923076923,0.1923076923076923,0.0,0.0,0.0,0.0,0.0,0.0,0.1923076923076923,0.0,0.0,0.0,0.0,0.0,0.0,0.0,0.0,0.0,0.0,0.0,0.0,0.0,0.0,0.0,0.0,0.0,0.0,0.0,0.0,0.0,0.0,0.1923076923076923,0.0,0.0,0.0,0.0,0.0,0.0,0.0,0.0,0.0,0.0,0.0,0.0,0.0,0.0,0.0,0.0,0.038461538461538464,0.0,0.0,0.0,0.0,0.0,0.0,0.0,0.0,0.0,0.0,0.0,0.0,0.0,0.0,0.0
AlCoCrFeNiSi0.4,6,6,0.0621381109531596,-19.8353909465021,1.75427234111646,6.96296296296296,2.53101475011406,0.120333327633574,1.78703703703704,1684.30925925926,1.2385463752327042,SS,BCC,False,True,False,False,1,BCC,Al+Co+Cr+Fe+Ni+Si,Al+Co+Cr+Fe+Ni+Si,0.0,0.18518518518518517,0.0,0.0,0.0,0.0,0.0,0.0,0.0,0.0,0.0,0.0,0.0,0.0,0.18518518518518517,0.18518518518518517,0.0,0.0,0.0,0.0,0.0,0.0,0.18518518518518517,0.0,0.0,0.0,0.0,0.0,0.0,0.0,0.0,0.0,0.0,0.0,0.0,0.0,0.0,0.0,0.0,0.0,0.0,0.0,0.0,0.0,0.0,0.18518518518518517,0.0,0.0,0.0,0.0,0.0,0.0,0.0,0.0,0.0,0.0,0.0,0.0,0.0,0.0,0.0,0.0,0.07407407407407407,0.0,0.0,0.0,0.0,0.0,0.0,0.0,0.0,0.0,0.0,0.0,0.0,0.0,0.0,0.0
AlCoCrFeNiSi0.6,6,6,0.063733442571868,-22.7551020408163,1.77749791457317,6.85714285714286,2.54550424017221,0.120010097364296,1.79107142857143,1684.40535714286,1.0939843558641509,SS,BCC,False,True,False,False,1,BCC,Al+Co+Cr+Fe+Ni+Si,Al+Co+Cr+Fe+Ni+Si,0.0,0.17857142857142858,0.0,0.0,0.0,0.0,0.0,0.0,0.0,0.0,0.0,0.0,0.0,0.0,0.17857142857142858,0.17857142857142858,0.0,0.0,0.0,0.0,0.0,0.0,0.17857142857142858,0.0,0.0,0.0,0.0,0.0,0.0,0.0,0.0,0.0,0.0,0.0,0.0,0.0,0.0,0.0,0.0,0.0,0.0,0.0,0.0,0.0,0.0,0.17857142857142858,0.0,0.0,0.0,0.0,0.0,0.0,0.0,0.0,0.0,0.0,0.0,0.0,0.0,0.0,0.0,0.0,0.10714285714285715,0.0,0.0,0.0,0.0,0.0,0.0,0.0,0.0,0.0,0.0,0.0,0.0,0.0,0.0,0.0
AlCoCrFeNiSi0.8,6,6,0.0650407992298707,-25.2318668252081,1.7886363384233,6.75862068965517,2.55498393832313,0.119586087578988,1.7948275862069,1684.49482758621,0.9928337519088917,SS+IM,BCC+IM,False,True,True,False,0,,Al+Co+Cr+Fe+Ni+Si,Al+Co+Cr+Fe+Ni+Si,0.0,0.1724137931034483,0.0,0.0,0.0,0.0,0.0,0.0,0.0,0.0,0.0,0.0,0.0,0.0,0.1724137931034483,0.1724137931034483,0.0,0.0,0.0,0.0,0.0,0.0,0.1724137931034483,0.0,0.0,0.0,0.0,0.0,0.0,0.0,0.0,0.0,0.0,0.0,0.0,0.0,0.0,0.0,0.0,0.0,0.0,0.0,0.0,0.0,0.0,0.1724137931034483,0.0,0.0,0.0,0.0,0.0,0.0,0.0,0.0,0.0,0.0,0.0,0.0,0.0,0.0,0.0,0.0,0.13793103448275862,0.0,0.0,0.0,0.0,0.0,0.0,0.0,0.0,0.0,0.0,0.0,0.0,0.0,0.0,0.0
Al7.8Co20.6Cr12.2Fe11.5Ni40.7Ti7.2,6,6,0.0560010610767621,-14.354536,1.58512481046617,8.098,2.32688547204197,0.127367788706564,1.81408,1754.29166,1.610683792434328,SS+IM,FCC+L12,True,False,True,False,0,,Al+Co+Cr+Fe+Ni+Ti,Al+Co+Cr+Fe+Ni+Ti,0.0,0.07799999999999999,0.0,0.0,0.0,0.0,0.0,0.0,0.0,0.0,0.0,0.0,0.0,0.0,0.206,0.12199999999999997,0.0,0.0,0.0,0.0,0.0,0.0,0.11499999999999998,0.0,0.0,0.0,0.0,0.0,0.0,0.0,0.0,0.0,0.0,0.0,0.0,0.0,0.0,0.0,0.0,0.0,0.0,0.0,0.0,0.0,0.0,0.407,0.0,0.0,0.0,0.0,0.0,0.0,0.0,0.0,0.0,0.0,0.0,0.0,0.0,0.0,0.0,0.0,0.0,0.0,0.0,0.0,0.0,0.0,0.0,0.072,0.0,0.0,0.0,0.0,0.0,0.0,0.0,0.0
Al10Co25Cr8Fe15Ni36Ti6,6,6,0.0565546238486132,-13.9748,1.60005748097404,8.07,2.33775533364807,0.122434104725767,1.8183,1719.937,1.637331841962673,SS+IM,FCC+B2+L12,True,False,True,False,0,,Al+Co+Cr+Fe+Ni+Ti,Al+Co+Cr+Fe+Ni+Ti,0.0,0.1,0.0,0.0,0.0,0.0,0.0,0.0,0.0,0.0,0.0,0.0,0.0,0.0,0.25,0.08,0.0,0.0,0.0,0.0,0.0,0.0,0.15,0.0,0.0,0.0,0.0,0.0,0.0,0.0,0.0,0.0,0.0,0.0,0.0,0.0,0.0,0.0,0.0,0.0,0.0,0.0,0.0,0.0,0.0,0.36,0.0,0.0,0.0,0.0,0.0,0.0,0.0,0.0,0.0,0.0,0.0,0.0,0.0,0.0,0.0,0.0,0.0,0.0,0.0,0.0,0.0,0.0,0.0,0.06,0.0,0.0,0.0,0.0,0.0,0.0,0.0,0.0
Al0.2Co1.5CrFeNi1.5Ti,6,6,0.0645605898027802,-16.9614984391259,1.68027384981916,7.59677419354839,2.25374009878744,0.139486291793621,1.78016129032258,1832.69258064516,1.5095227355590675,SS+IM,FCC+IM,True,False,True,False,0,,Al+Co+Cr+Fe+Ni+Ti,Al+Co+Cr+Fe+Ni+Ti,0.0,0.03225806451612903,0.0,0.0,0.0,0.0,0.0,0.0,0.0,0.0,0.0,0.0,0.0,0.0,0.24193548387096772,0.16129032258064516,0.0,0.0,0.0,0.0,0.0,0.0,0.16129032258064516,0.0,0.0,0.0,0.0,0.0,0.0,0.0,0.0,0.0,0.0,0.0,0.0,0.0,0.0,0.0,0.0,0.0,0.0,0.0,0.0,0.0,0.0,0.24193548387096772,0.0,0.0,0.0,0.0,0.0,0.0,0.0,0.0,0.0,0.0,0.0,0.0,0.0,0.0,0.0,0.0,0.0,0.0,0.0,0.0,0.0,0.0,0.0,0.16129032258064516,0.0,0.0,0.0,0.0,0.0,0.0,0.0,0.0
Al0.2Co1.5CrFeNi1.5Ti0.5,6,6,0.0534179824509721,-12.4038165589412,1.64433737632161,7.91228070175439,2.07136451131866,0.125139503564686,1.80122807017544,1823.19192982456,2.0095655112548982,SS,FCC,True,False,False,False,1,FCC,Al+Co+Cr+Fe+Ni+Ti,Al+Co+Cr+Fe+Ni+Ti,0.0,0.03508771929824561,0.0,0.0,0.0,0.0,0.0,0.0,0.0,0.0,0.0,0.0,0.0,0.0,0.2631578947368421,0.17543859649122806,0.0,0.0,0.0,0.0,0.0,0.0,0.17543859649122806,0.0,0.0,0.0,0.0,0.0,0.0,0.0,0.0,0.0,0.0,0.0,0.0,0.0,0.0,0.0,0.0,0.0,0.0,0.0,0.0,0.0,0.0,0.2631578947368421,0.0,0.0,0.0,0.0,0.0,0.0,0.0,0.0,0.0,0.0,0.0,0.0,0.0,0.0,0.0,0.0,0.0,0.0,0.0,0.0,0.0,0.0,0.0,0.08771929824561403,0.0,0.0,0.0,0.0,0.0,0.0,0.0,0.0
Al0.3CoCrFeNiTi0.1,6,6,0.0440300197988465,-8.92561983471075,1.61602507515085,7.79545454545455,2.01786954996133,0.113405902669705,1.79931818181818,1809.35022727273,2.723745554529069,SS,FCC,True,False,False,False,1,FCC,Al+Co+Cr+Fe+Ni+Ti,Al+Co+Cr+Fe+Ni+Ti,0.0,0.06818181818181819,0.0,0.0,0.0,0.0,0.0,0.0,0.0,0.0,0.0,0.0,0.0,0.0,0.2272727272727273,0.2272727272727273,0.0,0.0,0.0,0.0,0.0,0.0,0.2272727272727273,0.0,0.0,0.0,0.0,0.0,0.0,0.0,0.0,0.0,0.0,0.0,0.0,0.0,0.0,0.0,0.0,0.0,0.0,0.0,0.0,0.0,0.0,0.2272727272727273,0.0,0.0,0.0,0.0,0.0,0.0,0.0,0.0,0.0,0.0,0.0,0.0,0.0,0.0,0.0,0.0,0.0,0.0,0.0,0.0,0.0,0.0,0.0,0.02272727272727273,0.0,0.0,0.0,0.0,0.0,0.0,0.0,0.0
Al0.5CoCrFe2NiTi0.5,6,6,0.058943651944487,-12.7777777777778,1.67623493913473,7.41666666666667,2.13924960883224,0.122165075023738,1.78083333333333,1789.20583333333,1.9515246816745468,IM,IM,False,False,True,False,0,,Al+Co+Cr+Fe+Ni+Ti,Al+Co+Cr+Fe+Ni+Ti,0.0,0.08333333333333333,0.0,0.0,0.0,0.0,0.0,0.0,0.0,0.0,0.0,0.0,0.0,0.0,0.16666666666666666,0.16666666666666666,0.0,0.0,0.0,0.0,0.0,0.0,0.3333333333333333,0.0,0.0,0.0,0.0,0.0,0.0,0.0,0.0,0.0,0.0,0.0,0.0,0.0,0.0,0.0,0.0,0.0,0.0,0.0,0.0,0.0,0.0,0.16666666666666666,0.0,0.0,0.0,0.0,0.0,0.0,0.0,0.0,0.0,0.0,0.0,0.0,0.0,0.0,0.0,0.0,0.0,0.0,0.0,0.0,0.0,0.0,0.0,0.08333333333333333,0.0,0.0,0.0,0.0,0.0,0.0,0.0,0.0
Al0.5CoCrFeNiTi,6,6,0.0704403851487953,-19.5702479338843,1.76776147228933,7.0,2.41209075662211,0.141998719584496,1.75,1799.04272727273,1.3511482393856802,SS+IM,BCC+IM,False,True,True,False,0,,Al+Co+Cr+Fe+Ni+Ti,Al+Co+Cr+Fe+Ni+Ti,0.0,0.09090909090909091,0.0,0.0,0.0,0.0,0.0,0.0,0.0,0.0,0.0,0.0,0.0,0.0,0.18181818181818182,0.18181818181818182,0.0,0.0,0.0,0.0,0.0,0.0,0.18181818181818182,0.0,0.0,0.0,0.0,0.0,0.0,0.0,0.0,0.0,0.0,0.0,0.0,0.0,0.0,0.0,0.0,0.0,0.0,0.0,0.0,0.0,0.0,0.18181818181818182,0.0,0.0,0.0,0.0,0.0,0.0,0.0,0.0,0.0,0.0,0.0,0.0,0.0,0.0,0.0,0.0,0.0,0.0,0.0,0.0,0.0,0.0,0.0,0.18181818181818182,0.0,0.0,0.0,0.0,0.0,0.0,0.0,0.0
Al0.5CoCrFeNiTi0.5,6,6,0.0625201887339972,-15.52,1.74806734854609,7.3,2.3259406699226,0.13163965967747,1.771,1784.847,1.6714816864468602,IM,IM,False,False,True,False,0,,Al+Co+Cr+Fe+Ni+Ti,Al+Co+Cr+Fe+Ni+Ti,0.0,0.1,0.0,0.0,0.0,0.0,0.0,0.0,0.0,0.0,0.0,0.0,0.0,0.0,0.2,0.2,0.0,0.0,0.0,0.0,0.0,0.0,0.2,0.0,0.0,0.0,0.0,0.0,0.0,0.0,0.0,0.0,0.0,0.0,0.0,0.0,0.0,0.0,0.0,0.0,0.0,0.0,0.0,0.0,0.0,0.2,0.0,0.0,0.0,0.0,0.0,0.0,0.0,0.0,0.0,0.0,0.0,0.0,0.0,0.0,0.0,0.0,0.0,0.0,0.0,0.0,0.0,0.0,0.0,0.1,0.0,0.0,0.0,0.0,0.0,0.0,0.0,0.0
Al0.6CoCrFeNiTi0.4,6,6,0.0616116752812724,-15.072,1.74404024583595,7.28,2.35830447567739,0.129530845747258,1.7724,1764.6964,1.6978127939873653,SS,2FCC+D022,True,False,True,False,1,,Al+Co+Cr+Fe+Ni+Ti,Al+Co+Cr+Fe+Ni+Ti,0.0,0.12,0.0,0.0,0.0,0.0,0.0,0.0,0.0,0.0,0.0,0.0,0.0,0.0,0.2,0.2,0.0,0.0,0.0,0.0,0.0,0.0,0.2,0.0,0.0,0.0,0.0,0.0,0.0,0.0,0.0,0.0,0.0,0.0,0.0,0.0,0.0,0.0,0.0,0.0,0.0,0.0,0.0,0.0,0.0,0.2,0.0,0.0,0.0,0.0,0.0,0.0,0.0,0.0,0.0,0.0,0.0,0.0,0.0,0.0,0.0,0.0,0.0,0.0,0.0,0.0,0.0,0.0,0.0,0.08,0.0,0.0,0.0,0.0,0.0,0.0,0.0,0.0
Al1.5CoCrFeNiTi,6,6,0.0729162300627912,-22.7218934911243,1.77823330579971,6.38461538461539,2.64686931293619,0.140046484252477,1.72846153846154,1665.87769230769,1.0839806209857552,SS,BCC,False,True,False,False,1,BCC,Al+Co+Cr+Fe+Ni+Ti,Al+Co+Cr+Fe+Ni+Ti,0.0,0.23076923076923078,0.0,0.0,0.0,0.0,0.0,0.0,0.0,0.0,0.0,0.0,0.0,0.0,0.15384615384615385,0.15384615384615385,0.0,0.0,0.0,0.0,0.0,0.0,0.15384615384615385,0.0,0.0,0.0,0.0,0.0,0.0,0.0,0.0,0.0,0.0,0.0,0.0,0.0,0.0,0.0,0.0,0.0,0.0,0.0,0.0,0.0,0.0,0.15384615384615385,0.0,0.0,0.0,0.0,0.0,0.0,0.0,0.0,0.0,0.0,0.0,0.0,0.0,0.0,0.0,0.0,0.0,0.0,0.0,0.0,0.0,0.0,0.0,0.15384615384615385,0.0,0.0,0.0,0.0,0.0,0.0,0.0,0.0
Al16.5Co22.5Cr5Fe12.5Ni30Ti13.5,6,6,0.0699658159845181,-22.534,1.6741644803723,7.36,2.73868581622646,0.144552101333741,1.7813,1667.63255,1.0301355668010208,IM,IM,False,False,True,False,0,,Al+Co+Cr+Fe+Ni+Ti,Al+Co+Cr+Fe+Ni+Ti,0.0,0.165,0.0,0.0,0.0,0.0,0.0,0.0,0.0,0.0,0.0,0.0,0.0,0.0,0.225,0.05,0.0,0.0,0.0,0.0,0.0,0.0,0.125,0.0,0.0,0.0,0.0,0.0,0.0,0.0,0.0,0.0,0.0,0.0,0.0,0.0,0.0,0.0,0.0,0.0,0.0,0.0,0.0,0.0,0.0,0.3,0.0,0.0,0.0,0.0,0.0,0.0,0.0,0.0,0.0,0.0,0.0,0.0,0.0,0.0,0.0,0.0,0.0,0.0,0.0,0.0,0.0,0.0,0.0,0.135,0.0,0.0,0.0,0.0,0.0,0.0,0.0,0.0
Al2CoCrFeNiTi,6,6,0.0729899966196186,-23.3469387755102,1.74786809746676,6.14285714285714,2.6954231805876,0.138357714432037,1.72,1613.56285714286,1.0043816843714801,SS,BCC,False,True,False,False,1,BCC,Al+Co+Cr+Fe+Ni+Ti,Al+Co+Cr+Fe+Ni+Ti,0.0,0.2857142857142857,0.0,0.0,0.0,0.0,0.0,0.0,0.0,0.0,0.0,0.0,0.0,0.0,0.14285714285714285,0.14285714285714285,0.0,0.0,0.0,0.0,0.0,0.0,0.14285714285714285,0.0,0.0,0.0,0.0,0.0,0.0,0.0,0.0,0.0,0.0,0.0,0.0,0.0,0.0,0.0,0.0,0.0,0.0,0.0,0.0,0.0,0.0,0.14285714285714285,0.0,0.0,0.0,0.0,0.0,0.0,0.0,0.0,0.0,0.0,0.0,0.0,0.0,0.0,0.0,0.0,0.0,0.0,0.0,0.0,0.0,0.0,0.0,0.14285714285714285,0.0,0.0,0.0,0.0,0.0,0.0,0.0,0.0
Al4Co94Cr94Fe94Ni94Ti2,6,6,0.0197044174070255,-4.72706340286725,1.45534126321621,8.17277486910995,1.59070998886906,0.100309326689024,1.81633507853403,1862.28764397906,4.767101099968328,IM,IM,False,False,True,False,0,,Al+Co+Cr+Fe+Ni+Ti,Al+Co+Cr+Fe+Ni+Ti,0.0,0.010471204188481676,0.0,0.0,0.0,0.0,0.0,0.0,0.0,0.0,0.0,0.0,0.0,0.0,0.24607329842931938,0.24607329842931938,0.0,0.0,0.0,0.0,0.0,0.0,0.24607329842931938,0.0,0.0,0.0,0.0,0.0,0.0,0.0,0.0,0.0,0.0,0.0,0.0,0.0,0.0,0.0,0.0,0.0,0.0,0.0,0.0,0.0,0.0,0.24607329842931938,0.0,0.0,0.0,0.0,0.0,0.0,0.0,0.0,0.0,0.0,0.0,0.0,0.0,0.0,0.0,0.0,0.0,0.0,0.0,0.0,0.0,0.0,0.0,0.005235602094240838,0.0,0.0,0.0,0.0,0.0,0.0,0.0,0.0
AlCo1.5CrFeNiTi0.5,6,6,0.0653598380895304,-17.1666666666667,1.74815545724768,7.08333333333333,2.49861072509416,0.132560258834321,1.76666666666667,1712.495,1.4499651803700693,SS,BCC+FCC,True,True,False,False,1,,Al+Co+Cr+Fe+Ni+Ti,Al+Co+Cr+Fe+Ni+Ti,0.0,0.16666666666666666,0.0,0.0,0.0,0.0,0.0,0.0,0.0,0.0,0.0,0.0,0.0,0.0,0.25,0.16666666666666666,0.0,0.0,0.0,0.0,0.0,0.0,0.16666666666666666,0.0,0.0,0.0,0.0,0.0,0.0,0.0,0.0,0.0,0.0,0.0,0.0,0.0,0.0,0.0,0.0,0.0,0.0,0.0,0.0,0.0,0.0,0.16666666666666666,0.0,0.0,0.0,0.0,0.0,0.0,0.0,0.0,0.0,0.0,0.0,0.0,0.0,0.0,0.0,0.0,0.0,0.0,0.0,0.0,0.0,0.0,0.0,0.08333333333333333,0.0,0.0,0.0,0.0,0.0,0.0,0.0,0.0
AlCo2CrFeNiTi0.5,6,6,0.0636409412516761,-16.4260355029586,1.71184513523391,7.23076923076923,2.45431632823751,0.130891345698248,1.77538461538462,1716.76461538462,1.4875674068689735,SS,BCC+FCC,True,True,False,False,1,,Al+Co+Cr+Fe+Ni+Ti,Al+Co+Cr+Fe+Ni+Ti,0.0,0.15384615384615385,0.0,0.0,0.0,0.0,0.0,0.0,0.0,0.0,0.0,0.0,0.0,0.0,0.3076923076923077,0.15384615384615385,0.0,0.0,0.0,0.0,0.0,0.0,0.15384615384615385,0.0,0.0,0.0,0.0,0.0,0.0,0.0,0.0,0.0,0.0,0.0,0.0,0.0,0.0,0.0,0.0,0.0,0.0,0.0,0.0,0.0,0.0,0.15384615384615385,0.0,0.0,0.0,0.0,0.0,0.0,0.0,0.0,0.0,0.0,0.0,0.0,0.0,0.0,0.0,0.0,0.0,0.0,0.0,0.0,0.0,0.0,0.0,0.07692307692307693,0.0,0.0,0.0,0.0,0.0,0.0,0.0,0.0
AlCo3CrFeNiTi0.5,6,6,0.0605004940398697,-15.04,1.62166791711235,7.46666666666667,2.36267268622258,0.126936554580975,1.78933333333333,1723.596,1.5451966257383618,SS,BCC+FCC,True,True,False,False,1,,Al+Co+Cr+Fe+Ni+Ti,Al+Co+Cr+Fe+Ni+Ti,0.0,0.13333333333333333,0.0,0.0,0.0,0.0,0.0,0.0,0.0,0.0,0.0,0.0,0.0,0.0,0.4,0.13333333333333333,0.0,0.0,0.0,0.0,0.0,0.0,0.13333333333333333,0.0,0.0,0.0,0.0,0.0,0.0,0.0,0.0,0.0,0.0,0.0,0.0,0.0,0.0,0.0,0.0,0.0,0.0,0.0,0.0,0.0,0.0,0.13333333333333333,0.0,0.0,0.0,0.0,0.0,0.0,0.0,0.0,0.0,0.0,0.0,0.0,0.0,0.0,0.0,0.0,0.0,0.0,0.0,0.0,0.0,0.0,0.0,0.06666666666666667,0.0,0.0,0.0,0.0,0.0,0.0,0.0,0.0
AlCoCrFeNiTi,6,6,0.0722078790036384,-21.5555555555556,1.79175946922805,6.66666666666667,2.5603819159562,0.14135259302735,1.73833333333333,1726.91166666667,1.1935065215680094,SS+IM,BCC+IM,False,True,True,False,0,,Al+Co+Cr+Fe+Ni+Ti,Al+Co+Cr+Fe+Ni+Ti,0.0,0.16666666666666666,0.0,0.0,0.0,0.0,0.0,0.0,0.0,0.0,0.0,0.0,0.0,0.0,0.16666666666666666,0.16666666666666666,0.0,0.0,0.0,0.0,0.0,0.0,0.16666666666666666,0.0,0.0,0.0,0.0,0.0,0.0,0.0,0.0,0.0,0.0,0.0,0.0,0.0,0.0,0.0,0.0,0.0,0.0,0.0,0.0,0.0,0.0,0.16666666666666666,0.0,0.0,0.0,0.0,0.0,0.0,0.0,0.0,0.0,0.0,0.0,0.0,0.0,0.0,0.0,0.0,0.0,0.0,0.0,0.0,0.0,0.0,0.0,0.16666666666666666,0.0,0.0,0.0,0.0,0.0,0.0,0.0,0.0
AlCoCrFeNiTi0.5,6,6,0.0671761952253095,-17.9173553719008,1.76776147228933,6.90909090909091,2.53895273523072,0.133775437837426,1.75636363636364,1707.44909090909,1.4006567081000385,SS,BCC,False,True,False,False,1,BCC,Al+Co+Cr+Fe+Ni+Ti,Al+Co+Cr+Fe+Ni+Ti,0.0,0.18181818181818182,0.0,0.0,0.0,0.0,0.0,0.0,0.0,0.0,0.0,0.0,0.0,0.0,0.18181818181818182,0.18181818181818182,0.0,0.0,0.0,0.0,0.0,0.0,0.18181818181818182,0.0,0.0,0.0,0.0,0.0,0.0,0.0,0.0,0.0,0.0,0.0,0.0,0.0,0.0,0.0,0.0,0.0,0.0,0.0,0.0,0.0,0.0,0.18181818181818182,0.0,0.0,0.0,0.0,0.0,0.0,0.0,0.0,0.0,0.0,0.0,0.0,0.0,0.0,0.0,0.0,0.0,0.0,0.0,0.0,0.0,0.0,0.0,0.09090909090909091,0.0,0.0,0.0,0.0,0.0,0.0,0.0,0.0
AlCoCrFeNiTi1.5,6,6,0.0749818125961725,-23.905325443787,1.77823330579971,6.46153846153846,2.56051030416819,0.145728124912566,1.72307692307692,1743.38,1.0782521287297915,SS+IM,BCC+IM,False,True,True,False,0,,Al+Co+Cr+Fe+Ni+Ti,Al+Co+Cr+Fe+Ni+Ti,0.0,0.15384615384615385,0.0,0.0,0.0,0.0,0.0,0.0,0.0,0.0,0.0,0.0,0.0,0.0,0.15384615384615385,0.15384615384615385,0.0,0.0,0.0,0.0,0.0,0.0,0.15384615384615385,0.0,0.0,0.0,0.0,0.0,0.0,0.0,0.0,0.0,0.0,0.0,0.0,0.0,0.0,0.0,0.0,0.0,0.0,0.0,0.0,0.0,0.0,0.15384615384615385,0.0,0.0,0.0,0.0,0.0,0.0,0.0,0.0,0.0,0.0,0.0,0.0,0.0,0.0,0.0,0.0,0.0,0.0,0.0,0.0,0.0,0.0,0.0,0.23076923076923078,0.0,0.0,0.0,0.0,0.0,0.0,0.0,0.0
AlCoCrFeNiTi2,6,6,0.0764457299750918,-25.3877551020408,1.74786809746676,6.28571428571429,2.54750778573243,0.148131215963608,1.71,1757.49571428571,1.0060343626402315,IM,IM,False,False,True,False,0,,Al+Co+Cr+Fe+Ni+Ti,Al+Co+Cr+Fe+Ni+Ti,0.0,0.14285714285714285,0.0,0.0,0.0,0.0,0.0,0.0,0.0,0.0,0.0,0.0,0.0,0.0,0.14285714285714285,0.14285714285714285,0.0,0.0,0.0,0.0,0.0,0.0,0.14285714285714285,0.0,0.0,0.0,0.0,0.0,0.0,0.0,0.0,0.0,0.0,0.0,0.0,0.0,0.0,0.0,0.0,0.0,0.0,0.0,0.0,0.0,0.0,0.14285714285714285,0.0,0.0,0.0,0.0,0.0,0.0,0.0,0.0,0.0,0.0,0.0,0.0,0.0,0.0,0.0,0.0,0.0,0.0,0.0,0.0,0.0,0.0,0.0,0.2857142857142857,0.0,0.0,0.0,0.0,0.0,0.0,0.0,0.0
AlCoCrFeNiZr,6,6,0.10237900274393,-27.5555555555556,1.79175946922805,6.66666666666667,2.5603819159562,0.199972220292942,1.70333333333333,1758.07833333333,0.9504799142677944,AM,AM,False,False,False,False,0,,Al+Co+Cr+Fe+Ni+Zr,Al+Co+Cr+Fe+Ni+Zr,0.0,0.16666666666666666,0.0,0.0,0.0,0.0,0.0,0.0,0.0,0.0,0.0,0.0,0.0,0.0,0.16666666666666666,0.16666666666666666,0.0,0.0,0.0,0.0,0.0,0.0,0.16666666666666666,0.0,0.0,0.0,0.0,0.0,0.0,0.0,0.0,0.0,0.0,0.0,0.0,0.0,0.0,0.0,0.0,0.0,0.0,0.0,0.0,0.0,0.0,0.16666666666666666,0.0,0.0,0.0,0.0,0.0,0.0,0.0,0.0,0.0,0.0,0.0,0.0,0.0,0.0,0.0,0.0,0.0,0.0,0.0,0.0,0.0,0.0,0.0,0.0,0.0,0.0,0.0,0.0,0.0,0.0,0.0,0.16666666666666666
AlCoCrFeNiZr0.5,6,6,0.0882495143418635,-21.4876033057851,1.76776147228933,6.90909090909091,2.53895273523072,0.1726315524247,1.73727272727273,1724.44909090909,1.179560577599754,IM,IM,False,False,True,False,0,,Al+Co+Cr+Fe+Ni+Zr,Al+Co+Cr+Fe+Ni+Zr,0.0,0.18181818181818182,0.0,0.0,0.0,0.0,0.0,0.0,0.0,0.0,0.0,0.0,0.0,0.0,0.18181818181818182,0.18181818181818182,0.0,0.0,0.0,0.0,0.0,0.0,0.18181818181818182,0.0,0.0,0.0,0.0,0.0,0.0,0.0,0.0,0.0,0.0,0.0,0.0,0.0,0.0,0.0,0.0,0.0,0.0,0.0,0.0,0.0,0.0,0.18181818181818182,0.0,0.0,0.0,0.0,0.0,0.0,0.0,0.0,0.0,0.0,0.0,0.0,0.0,0.0,0.0,0.0,0.0,0.0,0.0,0.0,0.0,0.0,0.0,0.0,0.0,0.0,0.0,0.0,0.0,0.0,0.0,0.09090909090909091
AlCoCuFeNbNi,6,6,0.0640010022061313,-13.2222222222222,1.79175946922805,7.66666666666667,2.80871659105879,0.13208793367383,1.78833333333333,1724.70666666667,1.943232134090777,IM,IM,False,False,True,False,0,,Al+Co+Cu+Fe+Nb+Ni,Al+Co+Cu+Fe+Nb+Ni,0.0,0.16666666666666666,0.0,0.0,0.0,0.0,0.0,0.0,0.0,0.0,0.0,0.0,0.0,0.0,0.16666666666666666,0.0,0.0,0.16666666666666666,0.0,0.0,0.0,0.0,0.16666666666666666,0.0,0.0,0.0,0.0,0.0,0.0,0.0,0.0,0.0,0.0,0.0,0.0,0.0,0.0,0.0,0.0,0.0,0.0,0.0,0.16666666666666666,0.0,0.0,0.16666666666666666,0.0,0.0,0.0,0.0,0.0,0.0,0.0,0.0,0.0,0.0,0.0,0.0,0.0,0.0,0.0,0.0,0.0,0.0,0.0,0.0,0.0,0.0,0.0,0.0,0.0,0.0,0.0,0.0,0.0,0.0,0.0,0.0
AlCoCuFeNdNi,6,6,0.108556448540657,-11.3333333333333,1.79175946922805,7.33333333333333,3.19722101554181,0.27516156869899,1.71166666666667,1482.54,1.9487792684093694,IM,IM,False,False,True,False,0,,Al+Co+Cu+Fe+Nd+Ni,Al+Co+Cu+Fe+Nd+Ni,0.0,0.16666666666666666,0.0,0.0,0.0,0.0,0.0,0.0,0.0,0.0,0.0,0.0,0.0,0.0,0.16666666666666666,0.0,0.0,0.16666666666666666,0.0,0.0,0.0,0.0,0.16666666666666666,0.0,0.0,0.0,0.0,0.0,0.0,0.0,0.0,0.0,0.0,0.0,0.0,0.0,0.0,0.0,0.0,0.0,0.0,0.0,0.0,0.16666666666666666,0.0,0.16666666666666666,0.0,0.0,0.0,0.0,0.0,0.0,0.0,0.0,0.0,0.0,0.0,0.0,0.0,0.0,0.0,0.0,0.0,0.0,0.0,0.0,0.0,0.0,0.0,0.0,0.0,0.0,0.0,0.0,0.0,0.0,0.0,0.0
AlCoCuFeNiSi,6,6,0.0658188286445521,-20.4444444444444,1.79175946922805,7.5,2.98607881119482,0.105422430672456,1.83833333333333,1547.54,1.1276659396589774,SS,FCC+BCC,True,True,False,False,1,,Al+Co+Cu+Fe+Ni+Si,Al+Co+Cu+Fe+Ni+Si,0.0,0.16666666666666666,0.0,0.0,0.0,0.0,0.0,0.0,0.0,0.0,0.0,0.0,0.0,0.0,0.16666666666666666,0.0,0.0,0.16666666666666666,0.0,0.0,0.0,0.0,0.16666666666666666,0.0,0.0,0.0,0.0,0.0,0.0,0.0,0.0,0.0,0.0,0.0,0.0,0.0,0.0,0.0,0.0,0.0,0.0,0.0,0.0,0.0,0.0,0.16666666666666666,0.0,0.0,0.0,0.0,0.0,0.0,0.0,0.0,0.0,0.0,0.0,0.0,0.0,0.0,0.0,0.0,0.16666666666666666,0.0,0.0,0.0,0.0,0.0,0.0,0.0,0.0,0.0,0.0,0.0,0.0,0.0,0.0,0.0
Al2.5CoCuFeNiSn0.1,6,6,0.0708160978157848,-10.1101928374656,1.57487747927693,6.95454545454546,3.27724856041188,0.134436295467506,1.77893939393939,1371.05348484849,1.7757258438392152,IM,IM,False,False,True,False,0,,Al+Co+Cu+Fe+Ni+Sn,Al+Co+Cu+Fe+Ni+Sn,0.0,0.3787878787878788,0.0,0.0,0.0,0.0,0.0,0.0,0.0,0.0,0.0,0.0,0.0,0.0,0.15151515151515152,0.0,0.0,0.15151515151515152,0.0,0.0,0.0,0.0,0.15151515151515152,0.0,0.0,0.0,0.0,0.0,0.0,0.0,0.0,0.0,0.0,0.0,0.0,0.0,0.0,0.0,0.0,0.0,0.0,0.0,0.0,0.0,0.0,0.15151515151515152,0.0,0.0,0.0,0.0,0.0,0.0,0.0,0.0,0.0,0.0,0.0,0.0,0.0,0.0,0.0,0.0,0.0,0.0,0.015151515151515154,0.0,0.0,0.0,0.0,0.0,0.0,0.0,0.0,0.0,0.0,0.0,0.0,0.0
AlCoCuFeNiTi,6,6,0.0698876104226814,-16.8888888888889,1.79175946922805,7.5,2.98607881119482,0.147356333046425,1.77833333333333,1589.87333333333,1.4024110981761115,SS,FCC+BCC,True,True,False,False,1,,Al+Co+Cu+Fe+Ni+Ti,Al+Co+Cu+Fe+Ni+Ti,0.0,0.16666666666666666,0.0,0.0,0.0,0.0,0.0,0.0,0.0,0.0,0.0,0.0,0.0,0.0,0.16666666666666666,0.0,0.0,0.16666666666666666,0.0,0.0,0.0,0.0,0.16666666666666666,0.0,0.0,0.0,0.0,0.0,0.0,0.0,0.0,0.0,0.0,0.0,0.0,0.0,0.0,0.0,0.0,0.0,0.0,0.0,0.0,0.0,0.0,0.16666666666666666,0.0,0.0,0.0,0.0,0.0,0.0,0.0,0.0,0.0,0.0,0.0,0.0,0.0,0.0,0.0,0.0,0.0,0.0,0.0,0.0,0.0,0.0,0.0,0.16666666666666666,0.0,0.0,0.0,0.0,0.0,0.0,0.0,0.0
AlCoCuFeNiZr,6,6,0.0999925165285507,-23.8888888888889,1.79175946922805,7.5,2.98607881119482,0.211002896241313,1.74333333333333,1621.04,1.0109080952418115,SS+IM,FCC+BCC+IM,True,True,True,False,0,,Al+Co+Cu+Fe+Ni+Zr,Al+Co+Cu+Fe+Ni+Zr,0.0,0.16666666666666666,0.0,0.0,0.0,0.0,0.0,0.0,0.0,0.0,0.0,0.0,0.0,0.0,0.16666666666666666,0.0,0.0,0.16666666666666666,0.0,0.0,0.0,0.0,0.16666666666666666,0.0,0.0,0.0,0.0,0.0,0.0,0.0,0.0,0.0,0.0,0.0,0.0,0.0,0.0,0.0,0.0,0.0,0.0,0.0,0.0,0.0,0.0,0.16666666666666666,0.0,0.0,0.0,0.0,0.0,0.0,0.0,0.0,0.0,0.0,0.0,0.0,0.0,0.0,0.0,0.0,0.0,0.0,0.0,0.0,0.0,0.0,0.0,0.0,0.0,0.0,0.0,0.0,0.0,0.0,0.0,0.16666666666666666
AlCoCuNiTiZn,6,6,0.0657672440700817,-17.8888888888889,1.79175946922805,8.16666666666667,3.43592135468138,0.152032525759749,1.74833333333333,1403.48666666667,1.168796272621072,SS,BCC+2FCC,True,True,False,False,1,,Al+Co+Cu+Ni+Ti+Zn,Al+Co+Cu+Ni+Ti+Zn,0.0,0.16666666666666666,0.0,0.0,0.0,0.0,0.0,0.0,0.0,0.0,0.0,0.0,0.0,0.0,0.16666666666666666,0.0,0.0,0.16666666666666666,0.0,0.0,0.0,0.0,0.0,0.0,0.0,0.0,0.0,0.0,0.0,0.0,0.0,0.0,0.0,0.0,0.0,0.0,0.0,0.0,0.0,0.0,0.0,0.0,0.0,0.0,0.0,0.16666666666666666,0.0,0.0,0.0,0.0,0.0,0.0,0.0,0.0,0.0,0.0,0.0,0.0,0.0,0.0,0.0,0.0,0.0,0.0,0.0,0.0,0.0,0.0,0.0,0.16666666666666666,0.0,0.0,0.0,0.0,0.0,0.0,0.16666666666666666,0.0
 AlCrCuFeMgNi4.75,6,6,0.0879107845537483,-4.55489809335963,1.51817118903836,7.94871794871795,3.08801419842556,0.192499733172625,1.78282051282051,1580.84512820513,4.380922704036286,IM,IM,False,False,True,False,0,,Al+Cr+Cu+Fe+Mg+Ni,Al+Cr+Cu+Fe+Mg+Ni,0.0,0.10256410256410256,0.0,0.0,0.0,0.0,0.0,0.0,0.0,0.0,0.0,0.0,0.0,0.0,0.0,0.10256410256410256,0.0,0.10256410256410256,0.0,0.0,0.0,0.0,0.10256410256410256,0.0,0.0,0.0,0.0,0.0,0.0,0.0,0.0,0.0,0.0,0.0,0.0,0.0,0.0,0.10256410256410256,0.0,0.0,0.0,0.0,0.0,0.0,0.0,0.48717948717948717,0.0,0.0,0.0,0.0,0.0,0.0,0.0,0.0,0.0,0.0,0.0,0.0,0.0,0.0,0.0,0.0,0.0,0.0,0.0,0.0,0.0,0.0,0.0,0.0,0.0,0.0,0.0,0.0,0.0,0.0,0.0,0.0
Al0.8CrCu1.5FeMnNi,6,6,0.0495636048216176,-1.7435122197027,1.77234601099894,7.92063492063492,2.59609956092002,0.143039566065888,1.76,1590.70333333333,13.444569260568386,SS,SS,False,False,False,False,1,,Al+Cr+Cu+Fe+Mn+Ni,Al+Cr+Cu+Fe+Mn+Ni,0.0,0.126984126984127,0.0,0.0,0.0,0.0,0.0,0.0,0.0,0.0,0.0,0.0,0.0,0.0,0.0,0.15873015873015872,0.0,0.2380952380952381,0.0,0.0,0.0,0.0,0.15873015873015872,0.0,0.0,0.0,0.0,0.0,0.0,0.0,0.0,0.0,0.0,0.0,0.0,0.0,0.0,0.0,0.15873015873015872,0.0,0.0,0.0,0.0,0.0,0.0,0.15873015873015872,0.0,0.0,0.0,0.0,0.0,0.0,0.0,0.0,0.0,0.0,0.0,0.0,0.0,0.0,0.0,0.0,0.0,0.0,0.0,0.0,0.0,0.0,0.0,0.0,0.0,0.0,0.0,0.0,0.0,0.0,0.0,0.0
Al0.8CrCuFe1.5MnNi,6,6,0.0508155136950395,-3.30561854371378,1.77234601099894,7.68253968253968,2.43535725892199,0.138790441299536,1.75444444444444,1626.67396825397,7.251543854238254,SS,SS,False,False,False,False,1,,Al+Cr+Cu+Fe+Mn+Ni,Al+Cr+Cu+Fe+Mn+Ni,0.0,0.126984126984127,0.0,0.0,0.0,0.0,0.0,0.0,0.0,0.0,0.0,0.0,0.0,0.0,0.0,0.15873015873015872,0.0,0.15873015873015872,0.0,0.0,0.0,0.0,0.2380952380952381,0.0,0.0,0.0,0.0,0.0,0.0,0.0,0.0,0.0,0.0,0.0,0.0,0.0,0.0,0.0,0.15873015873015872,0.0,0.0,0.0,0.0,0.0,0.0,0.15873015873015872,0.0,0.0,0.0,0.0,0.0,0.0,0.0,0.0,0.0,0.0,0.0,0.0,0.0,0.0,0.0,0.0,0.0,0.0,0.0,0.0,0.0,0.0,0.0,0.0,0.0,0.0,0.0,0.0,0.0,0.0,0.0,0.0
Al0.8CrCuFeMn1.5Ni,6,6,0.0505464001551509,-4.23280423280423,1.77234601099894,7.6031746031746,2.44000834333522,0.147082143601765,1.73222222222222,1603.49936507937,5.58243026556398,SS,SS,False,False,False,False,1,,Al+Cr+Cu+Fe+Mn+Ni,Al+Cr+Cu+Fe+Mn+Ni,0.0,0.126984126984127,0.0,0.0,0.0,0.0,0.0,0.0,0.0,0.0,0.0,0.0,0.0,0.0,0.0,0.15873015873015872,0.0,0.15873015873015872,0.0,0.0,0.0,0.0,0.15873015873015872,0.0,0.0,0.0,0.0,0.0,0.0,0.0,0.0,0.0,0.0,0.0,0.0,0.0,0.0,0.0,0.2380952380952381,0.0,0.0,0.0,0.0,0.0,0.0,0.15873015873015872,0.0,0.0,0.0,0.0,0.0,0.0,0.0,0.0,0.0,0.0,0.0,0.0,0.0,0.0,0.0,0.0,0.0,0.0,0.0,0.0,0.0,0.0,0.0,0.0,0.0,0.0,0.0,0.0,0.0,0.0,0.0,0.0
AlCrCuFeMnNi,6,6,0.0538768354090527,-5.11111111111111,1.79175946922805,7.5,2.62995563967658,0.142556031868954,1.74333333333333,1588.20666666667,4.629196177518693,SS,BCC,False,True,False,False,1,BCC,Al+Cr+Cu+Fe+Mn+Ni,Al+Cr+Cu+Fe+Mn+Ni,0.0,0.16666666666666666,0.0,0.0,0.0,0.0,0.0,0.0,0.0,0.0,0.0,0.0,0.0,0.0,0.0,0.16666666666666666,0.0,0.16666666666666666,0.0,0.0,0.0,0.0,0.16666666666666666,0.0,0.0,0.0,0.0,0.0,0.0,0.0,0.0,0.0,0.0,0.0,0.0,0.0,0.0,0.0,0.16666666666666666,0.0,0.0,0.0,0.0,0.0,0.0,0.16666666666666666,0.0,0.0,0.0,0.0,0.0,0.0,0.0,0.0,0.0,0.0,0.0,0.0,0.0,0.0,0.0,0.0,0.0,0.0,0.0,0.0,0.0,0.0,0.0,0.0,0.0,0.0,0.0,0.0,0.0,0.0,0.0,0.0
Al0.3CrCuFeMnNi,6,6,0.0421292634137831,-0.270558917764329,1.73585622457653,8.09433962264151,2.19144262765805,0.142646999994159,1.76094339622642,1674.68132075472,89.33430423918774,SS,BCC+2FCC,True,True,False,False,1,,Al+Cr+Cu+Fe+Mn+Ni,Al+Cr+Cu+Fe+Mn+Ni,0.0,0.05660377358490566,0.0,0.0,0.0,0.0,0.0,0.0,0.0,0.0,0.0,0.0,0.0,0.0,0.0,0.18867924528301888,0.0,0.18867924528301888,0.0,0.0,0.0,0.0,0.18867924528301888,0.0,0.0,0.0,0.0,0.0,0.0,0.0,0.0,0.0,0.0,0.0,0.0,0.0,0.0,0.0,0.18867924528301888,0.0,0.0,0.0,0.0,0.0,0.0,0.18867924528301888,0.0,0.0,0.0,0.0,0.0,0.0,0.0,0.0,0.0,0.0,0.0,0.0,0.0,0.0,0.0,0.0,0.0,0.0,0.0,0.0,0.0,0.0,0.0,0.0,0.0,0.0,0.0,0.0,0.0,0.0,0.0,0.0
Al0.5CrCuFeMnNi,6,6,0.0466138074252266,-1.91735537190083,1.76776147228933,7.90909090909091,2.35312347373542,0.142851711821203,1.75545454545455,1647.72818181818,12.63108927104429,SS,2BCC+FCC,True,True,False,False,1,,Al+Cr+Cu+Fe+Mn+Ni,Al+Cr+Cu+Fe+Mn+Ni,0.0,0.09090909090909091,0.0,0.0,0.0,0.0,0.0,0.0,0.0,0.0,0.0,0.0,0.0,0.0,0.0,0.18181818181818182,0.0,0.18181818181818182,0.0,0.0,0.0,0.0,0.18181818181818182,0.0,0.0,0.0,0.0,0.0,0.0,0.0,0.0,0.0,0.0,0.0,0.0,0.0,0.0,0.0,0.18181818181818182,0.0,0.0,0.0,0.0,0.0,0.0,0.18181818181818182,0.0,0.0,0.0,0.0,0.0,0.0,0.0,0.0,0.0,0.0,0.0,0.0,0.0,0.0,0.0,0.0,0.0,0.0,0.0,0.0,0.0,0.0,0.0,0.0,0.0,0.0,0.0,0.0,0.0,0.0,0.0,0.0
Al0.8CrCuFeMnNi,6,6,0.0514737509880517,-3.97146254458977,1.7886363384233,7.6551724137931,2.53630007564597,0.142789435288344,1.74793103448276,1610.78379310345,6.031745586395331,SS,2BCC+FCC,True,True,False,False,1,,Al+Cr+Cu+Fe+Mn+Ni,Al+Cr+Cu+Fe+Mn+Ni,0.0,0.13793103448275862,0.0,0.0,0.0,0.0,0.0,0.0,0.0,0.0,0.0,0.0,0.0,0.0,0.0,0.1724137931034483,0.0,0.1724137931034483,0.0,0.0,0.0,0.0,0.1724137931034483,0.0,0.0,0.0,0.0,0.0,0.0,0.0,0.0,0.0,0.0,0.0,0.0,0.0,0.0,0.0,0.1724137931034483,0.0,0.0,0.0,0.0,0.0,0.0,0.1724137931034483,0.0,0.0,0.0,0.0,0.0,0.0,0.0,0.0,0.0,0.0,0.0,0.0,0.0,0.0,0.0,0.0,0.0,0.0,0.0,0.0,0.0,0.0,0.0,0.0,0.0,0.0,0.0,0.0,0.0,0.0,0.0,0.0
AlCr0.5CuFeNiTi,6,6,0.070990456625496,-15.404958677686,1.76776147228933,7.09090909090909,3.05865524386559,0.149085365750605,1.74909090909091,1611.13454545455,1.537195560367968,SS+IM,FCC+B2,True,False,True,False,0,,Al+Cr+Cu+Fe+Ni+Ti,Al+Cr+Cu+Fe+Ni+Ti,0.0,0.18181818181818182,0.0,0.0,0.0,0.0,0.0,0.0,0.0,0.0,0.0,0.0,0.0,0.0,0.0,0.09090909090909091,0.0,0.18181818181818182,0.0,0.0,0.0,0.0,0.18181818181818182,0.0,0.0,0.0,0.0,0.0,0.0,0.0,0.0,0.0,0.0,0.0,0.0,0.0,0.0,0.0,0.0,0.0,0.0,0.0,0.0,0.0,0.0,0.18181818181818182,0.0,0.0,0.0,0.0,0.0,0.0,0.0,0.0,0.0,0.0,0.0,0.0,0.0,0.0,0.0,0.0,0.0,0.0,0.0,0.0,0.0,0.0,0.0,0.18181818181818182,0.0,0.0,0.0,0.0,0.0,0.0,0.0,0.0
AlCr1.5CuFeNiTi,6,6,0.0690501732758004,-12.2603550295858,1.77823330579971,6.92307692307692,2.84095158655683,0.140855375070994,1.73538461538462,1698.65230769231,2.048445304034418,SS+IM,FCC+B2,True,False,True,False,0,,Al+Cr+Cu+Fe+Ni+Ti,Al+Cr+Cu+Fe+Ni+Ti,0.0,0.15384615384615385,0.0,0.0,0.0,0.0,0.0,0.0,0.0,0.0,0.0,0.0,0.0,0.0,0.0,0.23076923076923078,0.0,0.15384615384615385,0.0,0.0,0.0,0.0,0.15384615384615385,0.0,0.0,0.0,0.0,0.0,0.0,0.0,0.0,0.0,0.0,0.0,0.0,0.0,0.0,0.0,0.0,0.0,0.0,0.0,0.0,0.0,0.0,0.15384615384615385,0.0,0.0,0.0,0.0,0.0,0.0,0.0,0.0,0.0,0.0,0.0,0.0,0.0,0.0,0.0,0.0,0.0,0.0,0.0,0.0,0.0,0.0,0.0,0.15384615384615385,0.0,0.0,0.0,0.0,0.0,0.0,0.0,0.0
AlCr2CuFeNiTi,6,6,0.0679370613160312,-11.1020408163265,1.74786809746676,6.85714285714286,2.74791200881019,0.137113092008021,1.73,1733.03428571429,2.268543835785035,SS+IM,FCC+B2,True,False,True,False,0,,Al+Cr+Cu+Fe+Ni+Ti,Al+Cr+Cu+Fe+Ni+Ti,0.0,0.14285714285714285,0.0,0.0,0.0,0.0,0.0,0.0,0.0,0.0,0.0,0.0,0.0,0.0,0.0,0.2857142857142857,0.0,0.14285714285714285,0.0,0.0,0.0,0.0,0.14285714285714285,0.0,0.0,0.0,0.0,0.0,0.0,0.0,0.0,0.0,0.0,0.0,0.0,0.0,0.0,0.0,0.0,0.0,0.0,0.0,0.0,0.0,0.0,0.14285714285714285,0.0,0.0,0.0,0.0,0.0,0.0,0.0,0.0,0.0,0.0,0.0,0.0,0.0,0.0,0.0,0.0,0.0,0.0,0.0,0.0,0.0,0.0,0.0,0.14285714285714285,0.0,0.0,0.0,0.0,0.0,0.0,0.0,0.0
AlCr3CuFeNiTi,6,6,0.0656556791787856,-9.3125,1.66746193342929,6.75,2.58602010819715,0.13033010972143,1.72125,1788.905,2.663244908306688,SS+IM,FCC+B2,True,False,True,False,0,,Al+Cr+Cu+Fe+Ni+Ti,Al+Cr+Cu+Fe+Ni+Ti,0.0,0.125,0.0,0.0,0.0,0.0,0.0,0.0,0.0,0.0,0.0,0.0,0.0,0.0,0.0,0.375,0.0,0.125,0.0,0.0,0.0,0.0,0.125,0.0,0.0,0.0,0.0,0.0,0.0,0.0,0.0,0.0,0.0,0.0,0.0,0.0,0.0,0.0,0.0,0.0,0.0,0.0,0.0,0.0,0.0,0.125,0.0,0.0,0.0,0.0,0.0,0.0,0.0,0.0,0.0,0.0,0.0,0.0,0.0,0.0,0.0,0.0,0.0,0.0,0.0,0.0,0.0,0.0,0.0,0.125,0.0,0.0,0.0,0.0,0.0,0.0,0.0,0.0
AlCrCuFeNiTi,6,6,0.070092151419233,-13.6666666666667,1.79175946922805,7.0,2.94392028877595,0.144846662217517,1.74166666666667,1658.54,1.8079118090038022,SS+IM,BCC+IM,False,True,True,False,0,,Al+Cr+Cu+Fe+Ni+Ti,Al+Cr+Cu+Fe+Ni+Ti,0.0,0.16666666666666666,0.0,0.0,0.0,0.0,0.0,0.0,0.0,0.0,0.0,0.0,0.0,0.0,0.0,0.16666666666666666,0.0,0.16666666666666666,0.0,0.0,0.0,0.0,0.16666666666666666,0.0,0.0,0.0,0.0,0.0,0.0,0.0,0.0,0.0,0.0,0.0,0.0,0.0,0.0,0.0,0.0,0.0,0.0,0.0,0.0,0.0,0.0,0.16666666666666666,0.0,0.0,0.0,0.0,0.0,0.0,0.0,0.0,0.0,0.0,0.0,0.0,0.0,0.0,0.0,0.0,0.0,0.0,0.0,0.0,0.0,0.0,0.0,0.16666666666666666,0.0,0.0,0.0,0.0,0.0,0.0,0.0,0.0
Al0.5CrFeNiTiV,6,6,0.0672994139712048,-18.8429752066116,1.76776147228933,6.27272727272727,2.29983829830428,0.132826861766028,1.70454545454545,1874.49727272727,1.4621542321243615,IM,IM,False,False,True,False,0,,Al+Cr+Fe+Ni+Ti+V,Al+Cr+Fe+Ni+Ti+V,0.0,0.09090909090909091,0.0,0.0,0.0,0.0,0.0,0.0,0.0,0.0,0.0,0.0,0.0,0.0,0.0,0.18181818181818182,0.0,0.0,0.0,0.0,0.0,0.0,0.18181818181818182,0.0,0.0,0.0,0.0,0.0,0.0,0.0,0.0,0.0,0.0,0.0,0.0,0.0,0.0,0.0,0.0,0.0,0.0,0.0,0.0,0.0,0.0,0.18181818181818182,0.0,0.0,0.0,0.0,0.0,0.0,0.0,0.0,0.0,0.0,0.0,0.0,0.0,0.0,0.0,0.0,0.0,0.0,0.0,0.0,0.0,0.0,0.0,0.18181818181818182,0.0,0.0,0.18181818181818182,0.0,0.0,0.0,0.0,0.0
AlCrMoTaTiZr,6,6,0.0747634434757845,-16.1111111111111,1.79175946922805,4.66666666666667,1.10554159678513,0.257272013419433,1.63333333333333,2228.07833333333,2.060244939221237,AM,AM,False,False,False,False,0,,Al+Cr+Mo+Ta+Ti+Zr,Al+Cr+Mo+Ta+Ti+Zr,0.0,0.16666666666666666,0.0,0.0,0.0,0.0,0.0,0.0,0.0,0.0,0.0,0.0,0.0,0.0,0.0,0.16666666666666666,0.0,0.0,0.0,0.0,0.0,0.0,0.0,0.0,0.0,0.0,0.0,0.0,0.0,0.0,0.0,0.0,0.0,0.0,0.0,0.0,0.0,0.0,0.0,0.16666666666666666,0.0,0.0,0.0,0.0,0.0,0.0,0.0,0.0,0.0,0.0,0.0,0.0,0.0,0.0,0.0,0.0,0.0,0.0,0.0,0.0,0.0,0.0,0.0,0.0,0.0,0.0,0.16666666666666666,0.0,0.0,0.16666666666666666,0.0,0.0,0.0,0.0,0.0,0.0,0.0,0.16666666666666666
AlCrNbTiVZr,6,6,0.0792113795515457,-16.3333333333333,1.79175946922805,4.5,0.957427107756338,0.10975983884018,1.56166666666667,2019.245,1.8417389982737196,IM,IM,False,False,True,False,0,,Al+Cr+Nb+Ti+V+Zr,Al+Cr+Nb+Ti+V+Zr,0.0,0.16666666666666666,0.0,0.0,0.0,0.0,0.0,0.0,0.0,0.0,0.0,0.0,0.0,0.0,0.0,0.16666666666666666,0.0,0.0,0.0,0.0,0.0,0.0,0.0,0.0,0.0,0.0,0.0,0.0,0.0,0.0,0.0,0.0,0.0,0.0,0.0,0.0,0.0,0.0,0.0,0.0,0.0,0.0,0.16666666666666666,0.0,0.0,0.0,0.0,0.0,0.0,0.0,0.0,0.0,0.0,0.0,0.0,0.0,0.0,0.0,0.0,0.0,0.0,0.0,0.0,0.0,0.0,0.0,0.0,0.0,0.0,0.16666666666666666,0.0,0.0,0.16666666666666666,0.0,0.0,0.0,0.0,0.16666666666666666
AlFeNiTiVZr,6,6,0.0935408527371234,-31.3333333333333,1.79175946922805,5.66666666666667,2.49443825784929,0.18977325651653,1.64166666666667,1787.41166666667,0.8498296569504731,SS,BCC,False,True,False,False,1,BCC,Al+Fe+Ni+Ti+V+Zr,Al+Fe+Ni+Ti+V+Zr,0.0,0.16666666666666666,0.0,0.0,0.0,0.0,0.0,0.0,0.0,0.0,0.0,0.0,0.0,0.0,0.0,0.0,0.0,0.0,0.0,0.0,0.0,0.0,0.16666666666666666,0.0,0.0,0.0,0.0,0.0,0.0,0.0,0.0,0.0,0.0,0.0,0.0,0.0,0.0,0.0,0.0,0.0,0.0,0.0,0.0,0.0,0.0,0.16666666666666666,0.0,0.0,0.0,0.0,0.0,0.0,0.0,0.0,0.0,0.0,0.0,0.0,0.0,0.0,0.0,0.0,0.0,0.0,0.0,0.0,0.0,0.0,0.0,0.16666666666666666,0.0,0.0,0.16666666666666666,0.0,0.0,0.0,0.0,0.16666666666666666
Al0.3HfNbTaTiZr,6,6,0.0497691874934573,-3.98718405126379,1.73585622457653,4.32075471698113,0.575394365357619,0.120382681611766,1.46283018867925,2433.02660377359,8.807010424795966,SS,BCC,False,True,False,False,1,BCC,Al+Hf+Nb+Ta+Ti+Zr,Al+Hf+Nb+Ta+Ti+Zr,0.0,0.05660377358490566,0.0,0.0,0.0,0.0,0.0,0.0,0.0,0.0,0.0,0.0,0.0,0.0,0.0,0.0,0.0,0.0,0.0,0.0,0.0,0.0,0.0,0.0,0.0,0.0,0.0,0.18867924528301888,0.0,0.0,0.0,0.0,0.0,0.0,0.0,0.0,0.0,0.0,0.0,0.0,0.0,0.0,0.18867924528301888,0.0,0.0,0.0,0.0,0.0,0.0,0.0,0.0,0.0,0.0,0.0,0.0,0.0,0.0,0.0,0.0,0.0,0.0,0.0,0.0,0.0,0.0,0.0,0.18867924528301888,0.0,0.0,0.18867924528301888,0.0,0.0,0.0,0.0,0.0,0.0,0.0,0.18867924528301888
Al0.4Hf0.6NbTaTiZr,6,6,0.0492308412920507,-6.3296,1.74404024583595,4.32,0.614491659829489,0.115838508277688,1.4788,2397.1976,5.491844809352921,SS,BCC,False,True,False,False,1,BCC,Al+Hf+Nb+Ta+Ti+Zr,Al+Hf+Nb+Ta+Ti+Zr,0.0,0.08,0.0,0.0,0.0,0.0,0.0,0.0,0.0,0.0,0.0,0.0,0.0,0.0,0.0,0.0,0.0,0.0,0.0,0.0,0.0,0.0,0.0,0.0,0.0,0.0,0.0,0.12,0.0,0.0,0.0,0.0,0.0,0.0,0.0,0.0,0.0,0.0,0.0,0.0,0.0,0.0,0.2,0.0,0.0,0.0,0.0,0.0,0.0,0.0,0.0,0.0,0.0,0.0,0.0,0.0,0.0,0.0,0.0,0.0,0.0,0.0,0.0,0.0,0.0,0.0,0.2,0.0,0.0,0.2,0.0,0.0,0.0,0.0,0.0,0.0,0.0,0.2
Al0.5HfNbTaTiZr,6,6,0.0495959406314836,-7.66942148760331,1.76776147228933,4.27272727272727,0.616575453011388,0.121342354279735,1.46818181818182,2378.49727272727,4.558247488005379,SS,BCC,False,True,False,False,1,BCC,Al+Hf+Nb+Ta+Ti+Zr,Al+Hf+Nb+Ta+Ti+Zr,0.0,0.09090909090909091,0.0,0.0,0.0,0.0,0.0,0.0,0.0,0.0,0.0,0.0,0.0,0.0,0.0,0.0,0.0,0.0,0.0,0.0,0.0,0.0,0.0,0.0,0.0,0.0,0.0,0.18181818181818182,0.0,0.0,0.0,0.0,0.0,0.0,0.0,0.0,0.0,0.0,0.0,0.0,0.0,0.0,0.18181818181818182,0.0,0.0,0.0,0.0,0.0,0.0,0.0,0.0,0.0,0.0,0.0,0.0,0.0,0.0,0.0,0.0,0.0,0.0,0.0,0.0,0.0,0.0,0.0,0.18181818181818182,0.0,0.0,0.18181818181818182,0.0,0.0,0.0,0.0,0.0,0.0,0.0,0.18181818181818182
Al0.75HfNbTaTiZr,6,6,0.0493318942541251,-11.5538752362949,1.78672360338993,4.21739130434783,0.656507342197457,0.122148380435846,1.47434782608696,2315.67,2.977423113865025,SS,BCC,False,True,False,False,1,BCC,Al+Hf+Nb+Ta+Ti+Zr,Al+Hf+Nb+Ta+Ti+Zr,0.0,0.13043478260869565,0.0,0.0,0.0,0.0,0.0,0.0,0.0,0.0,0.0,0.0,0.0,0.0,0.0,0.0,0.0,0.0,0.0,0.0,0.0,0.0,0.0,0.0,0.0,0.0,0.0,0.17391304347826086,0.0,0.0,0.0,0.0,0.0,0.0,0.0,0.0,0.0,0.0,0.0,0.0,0.0,0.0,0.17391304347826086,0.0,0.0,0.0,0.0,0.0,0.0,0.0,0.0,0.0,0.0,0.0,0.0,0.0,0.0,0.0,0.0,0.0,0.0,0.0,0.0,0.0,0.0,0.0,0.17391304347826086,0.0,0.0,0.17391304347826086,0.0,0.0,0.0,0.0,0.0,0.0,0.0,0.17391304347826086
AlMo0.5NbTa0.5TiZr ,6,6,0.0504102482044408,-16.84,1.74806734854609,4.3,0.9,0.217614337762933,1.582,2169.094,1.8720982262714145,SS+IM,BCC+B2 ,False,True,True,False,0,,Al+Mo+Nb+Ta+Ti+Zr,Al+Mo+Nb+Ta+Ti+Zr,0.0,0.2,0.0,0.0,0.0,0.0,0.0,0.0,0.0,0.0,0.0,0.0,0.0,0.0,0.0,0.0,0.0,0.0,0.0,0.0,0.0,0.0,0.0,0.0,0.0,0.0,0.0,0.0,0.0,0.0,0.0,0.0,0.0,0.0,0.0,0.0,0.0,0.0,0.0,0.1,0.0,0.0,0.2,0.0,0.0,0.0,0.0,0.0,0.0,0.0,0.0,0.0,0.0,0.0,0.0,0.0,0.0,0.0,0.0,0.0,0.0,0.0,0.0,0.0,0.0,0.0,0.1,0.0,0.0,0.2,0.0,0.0,0.0,0.0,0.0,0.0,0.0,0.2
AlMo0.5NbTa0.5TiZr,6,6,0.0504102482044408,-16.84,1.74806734854609,4.3,0.9,0.217614337762933,1.582,2169.094,1.8720982262714145,SS,BCC,False,True,False,False,1,BCC,Al+Mo+Nb+Ta+Ti+Zr,Al+Mo+Nb+Ta+Ti+Zr,0.0,0.2,0.0,0.0,0.0,0.0,0.0,0.0,0.0,0.0,0.0,0.0,0.0,0.0,0.0,0.0,0.0,0.0,0.0,0.0,0.0,0.0,0.0,0.0,0.0,0.0,0.0,0.0,0.0,0.0,0.0,0.0,0.0,0.0,0.0,0.0,0.0,0.0,0.0,0.1,0.0,0.0,0.2,0.0,0.0,0.0,0.0,0.0,0.0,0.0,0.0,0.0,0.0,0.0,0.0,0.0,0.0,0.0,0.0,0.0,0.0,0.0,0.0,0.0,0.0,0.0,0.1,0.0,0.0,0.2,0.0,0.0,0.0,0.0,0.0,0.0,0.0,0.2
Al0.3NbTa0.8Ti1.4V0.2Zr1.3,6,6,0.0530475521177745,-4.864,1.61932983038581,4.34,0.586856030044848,0.106595309465286,1.4988,2316.4882,6.412184756744625,SS,BCC,False,True,False,False,1,BCC,Al+Nb+Ta+Ti+V+Zr,Al+Nb+Ta+Ti+V+Zr,0.0,0.06,0.0,0.0,0.0,0.0,0.0,0.0,0.0,0.0,0.0,0.0,0.0,0.0,0.0,0.0,0.0,0.0,0.0,0.0,0.0,0.0,0.0,0.0,0.0,0.0,0.0,0.0,0.0,0.0,0.0,0.0,0.0,0.0,0.0,0.0,0.0,0.0,0.0,0.0,0.0,0.0,0.2,0.0,0.0,0.0,0.0,0.0,0.0,0.0,0.0,0.0,0.0,0.0,0.0,0.0,0.0,0.0,0.0,0.0,0.0,0.0,0.0,0.0,0.0,0.0,0.16,0.0,0.0,0.27999999999999997,0.0,0.0,0.04,0.0,0.0,0.0,0.0,0.26
Al0.5NbTa0.8Ti1.5V0.2Zr,6,6,0.049265411834914,-8.6176,1.65719358276528,4.3,0.640312423743285,0.0997214119434738,1.5142,2264.967,3.621454015994119,SS,BCC,False,True,False,False,1,BCC,Al+Nb+Ta+Ti+V+Zr,Al+Nb+Ta+Ti+V+Zr,0.0,0.1,0.0,0.0,0.0,0.0,0.0,0.0,0.0,0.0,0.0,0.0,0.0,0.0,0.0,0.0,0.0,0.0,0.0,0.0,0.0,0.0,0.0,0.0,0.0,0.0,0.0,0.0,0.0,0.0,0.0,0.0,0.0,0.0,0.0,0.0,0.0,0.0,0.0,0.0,0.0,0.0,0.2,0.0,0.0,0.0,0.0,0.0,0.0,0.0,0.0,0.0,0.0,0.0,0.0,0.0,0.0,0.0,0.0,0.0,0.0,0.0,0.0,0.0,0.0,0.0,0.16,0.0,0.0,0.3,0.0,0.0,0.04,0.0,0.0,0.0,0.0,0.2
BeCuNiTiVZr,6,6,0.115004837485668,-24.8888888888889,1.79175946922805,6.0,3.3166247903554,0.204667752440117,1.64666666666667,1816.295,1.0871632715950255,AM,AM,False,False,False,False,0,,Be+Cu+Ni+Ti+V+Zr,Be+Cu+Ni+Ti+V+Zr,0.0,0.0,0.0,0.0,0.0,0.0,0.16666666666666666,0.0,0.0,0.0,0.0,0.0,0.0,0.0,0.0,0.0,0.0,0.16666666666666666,0.0,0.0,0.0,0.0,0.0,0.0,0.0,0.0,0.0,0.0,0.0,0.0,0.0,0.0,0.0,0.0,0.0,0.0,0.0,0.0,0.0,0.0,0.0,0.0,0.0,0.0,0.0,0.16666666666666666,0.0,0.0,0.0,0.0,0.0,0.0,0.0,0.0,0.0,0.0,0.0,0.0,0.0,0.0,0.0,0.0,0.0,0.0,0.0,0.0,0.0,0.0,0.0,0.16666666666666666,0.0,0.0,0.16666666666666666,0.0,0.0,0.0,0.0,0.16666666666666666
C0.1CoCrFeMnNi,6,6,0.0635192025925729,-7.96616685890043,1.67438926704389,7.92156862745098,1.506107009386,0.174883934708116,1.78137254901961,1840.8431372549,3.217051404490583,IM,IM,False,False,True,False,0,,C+Co+Cr+Fe+Mn+Ni,C+Co+Cr+Fe+Mn+Ni,0.0,0.0,0.0,0.0,0.0,0.0,0.0,0.0,0.0,0.019607843137254905,0.0,0.0,0.0,0.0,0.19607843137254904,0.19607843137254904,0.0,0.0,0.0,0.0,0.0,0.0,0.19607843137254904,0.0,0.0,0.0,0.0,0.0,0.0,0.0,0.0,0.0,0.0,0.0,0.0,0.0,0.0,0.0,0.19607843137254904,0.0,0.0,0.0,0.0,0.0,0.0,0.19607843137254904,0.0,0.0,0.0,0.0,0.0,0.0,0.0,0.0,0.0,0.0,0.0,0.0,0.0,0.0,0.0,0.0,0.0,0.0,0.0,0.0,0.0,0.0,0.0,0.0,0.0,0.0,0.0,0.0,0.0,0.0,0.0,0.0
C0.25CoCrFeMnNi,6,6,0.0906741035332011,-13.1337868480726,1.72424209379972,7.80952380952381,1.62184632056442,0.214727586741752,1.80333333333333,1897.47619047619,2.071184558954573,IM,IM,False,False,True,False,0,,C+Co+Cr+Fe+Mn+Ni,C+Co+Cr+Fe+Mn+Ni,0.0,0.0,0.0,0.0,0.0,0.0,0.0,0.0,0.0,0.047619047619047616,0.0,0.0,0.0,0.0,0.19047619047619047,0.19047619047619047,0.0,0.0,0.0,0.0,0.0,0.0,0.19047619047619047,0.0,0.0,0.0,0.0,0.0,0.0,0.0,0.0,0.0,0.0,0.0,0.0,0.0,0.0,0.0,0.19047619047619047,0.0,0.0,0.0,0.0,0.0,0.0,0.19047619047619047,0.0,0.0,0.0,0.0,0.0,0.0,0.0,0.0,0.0,0.0,0.0,0.0,0.0,0.0,0.0,0.0,0.0,0.0,0.0,0.0,0.0,0.0,0.0,0.0,0.0,0.0,0.0,0.0,0.0,0.0,0.0,0.0
C0.1Hf0.5Mo0.5NbTiZr,6,6,0.0945057517523579,-10.6365258774539,1.63620787367596,4.48780487804878,0.702676111750631,0.298721248482699,1.57439024390244,2415.19512195122,3.0890510468175076,IM,IM,False,False,True,False,0,,C+Hf+Mo+Nb+Ti+Zr,C+Hf+Mo+Nb+Ti+Zr,0.0,0.0,0.0,0.0,0.0,0.0,0.0,0.0,0.0,0.02439024390243903,0.0,0.0,0.0,0.0,0.0,0.0,0.0,0.0,0.0,0.0,0.0,0.0,0.0,0.0,0.0,0.0,0.0,0.12195121951219513,0.0,0.0,0.0,0.0,0.0,0.0,0.0,0.0,0.0,0.0,0.0,0.12195121951219513,0.0,0.0,0.24390243902439027,0.0,0.0,0.0,0.0,0.0,0.0,0.0,0.0,0.0,0.0,0.0,0.0,0.0,0.0,0.0,0.0,0.0,0.0,0.0,0.0,0.0,0.0,0.0,0.0,0.0,0.0,0.24390243902439027,0.0,0.0,0.0,0.0,0.0,0.0,0.0,0.24390243902439027
CoCrCuFeMnNi,6,6,0.0299665255379856,1.44444444444444,1.79175946922805,8.5,1.70782512765993,0.135820551545862,1.78833333333333,1727.295,17.81474320140645,SS,FCC,True,False,False,False,1,FCC,Co+Cr+Cu+Fe+Mn+Ni,Co+Cr+Cu+Fe+Mn+Ni,0.0,0.0,0.0,0.0,0.0,0.0,0.0,0.0,0.0,0.0,0.0,0.0,0.0,0.0,0.16666666666666666,0.16666666666666666,0.0,0.16666666666666666,0.0,0.0,0.0,0.0,0.16666666666666666,0.0,0.0,0.0,0.0,0.0,0.0,0.0,0.0,0.0,0.0,0.0,0.0,0.0,0.0,0.0,0.16666666666666666,0.0,0.0,0.0,0.0,0.0,0.0,0.16666666666666666,0.0,0.0,0.0,0.0,0.0,0.0,0.0,0.0,0.0,0.0,0.0,0.0,0.0,0.0,0.0,0.0,0.0,0.0,0.0,0.0,0.0,0.0,0.0,0.0,0.0,0.0,0.0,0.0,0.0,0.0,0.0,0.0
CoCrCuFeNiTi0.8 ,6,6,0.0570002416230472,-6.7538644470868,1.7886363384233,8.13793103448276,2.30028690760799,0.133225779053899,1.7951724137931,1792.68448275862,3.947369255048685,SS+IM,SS+IM,False,False,True,False,0,,Co+Cr+Cu+Fe+Ni+Ti,Co+Cr+Cu+Fe+Ni+Ti,0.0,0.0,0.0,0.0,0.0,0.0,0.0,0.0,0.0,0.0,0.0,0.0,0.0,0.0,0.1724137931034483,0.1724137931034483,0.0,0.1724137931034483,0.0,0.0,0.0,0.0,0.1724137931034483,0.0,0.0,0.0,0.0,0.0,0.0,0.0,0.0,0.0,0.0,0.0,0.0,0.0,0.0,0.0,0.0,0.0,0.0,0.0,0.0,0.0,0.0,0.1724137931034483,0.0,0.0,0.0,0.0,0.0,0.0,0.0,0.0,0.0,0.0,0.0,0.0,0.0,0.0,0.0,0.0,0.0,0.0,0.0,0.0,0.0,0.0,0.0,0.13793103448275862,0.0,0.0,0.0,0.0,0.0,0.0,0.0,0.0
CoCrCuFeNiTi,6,6,0.0611734178895808,-8.44444444444445,1.79175946922805,8.0,2.38047614284762,0.138764388643324,1.78666666666667,1797.62833333333,3.171339341577518,SS,FCC,True,False,False,False,1,FCC,Co+Cr+Cu+Fe+Ni+Ti,Co+Cr+Cu+Fe+Ni+Ti,0.0,0.0,0.0,0.0,0.0,0.0,0.0,0.0,0.0,0.0,0.0,0.0,0.0,0.0,0.16666666666666666,0.16666666666666666,0.0,0.16666666666666666,0.0,0.0,0.0,0.0,0.16666666666666666,0.0,0.0,0.0,0.0,0.0,0.0,0.0,0.0,0.0,0.0,0.0,0.0,0.0,0.0,0.0,0.0,0.0,0.0,0.0,0.0,0.0,0.0,0.16666666666666666,0.0,0.0,0.0,0.0,0.0,0.0,0.0,0.0,0.0,0.0,0.0,0.0,0.0,0.0,0.0,0.0,0.0,0.0,0.0,0.0,0.0,0.0,0.0,0.16666666666666666,0.0,0.0,0.0,0.0,0.0,0.0,0.0,0.0
CoCrCuFeNiTi0.5,6,6,0.0482217839374796,-3.70247933884298,1.76776147228933,8.36363636363636,2.14360474955484,0.122359718970118,1.80909090909091,1784.59454545455,7.084427610744763,SS,FCC,True,False,False,False,1,FCC,Co+Cr+Cu+Fe+Ni+Ti,Co+Cr+Cu+Fe+Ni+Ti,0.0,0.0,0.0,0.0,0.0,0.0,0.0,0.0,0.0,0.0,0.0,0.0,0.0,0.0,0.18181818181818182,0.18181818181818182,0.0,0.18181818181818182,0.0,0.0,0.0,0.0,0.18181818181818182,0.0,0.0,0.0,0.0,0.0,0.0,0.0,0.0,0.0,0.0,0.0,0.0,0.0,0.0,0.0,0.0,0.0,0.0,0.0,0.0,0.0,0.0,0.18181818181818182,0.0,0.0,0.0,0.0,0.0,0.0,0.0,0.0,0.0,0.0,0.0,0.0,0.0,0.0,0.0,0.0,0.0,0.0,0.0,0.0,0.0,0.0,0.0,0.09090909090909091,0.0,0.0,0.0,0.0,0.0,0.0,0.0,0.0
CoCrCuFeNiTi0.8,6,6,0.0570002416230472,-6.7538644470868,1.7886363384233,8.13793103448276,2.30028690760799,0.133225779053899,1.7951724137931,1792.68448275862,3.947369255048685,SS+IM,FCC+IM,True,False,True,False,0,,Co+Cr+Cu+Fe+Ni+Ti,Co+Cr+Cu+Fe+Ni+Ti,0.0,0.0,0.0,0.0,0.0,0.0,0.0,0.0,0.0,0.0,0.0,0.0,0.0,0.0,0.1724137931034483,0.1724137931034483,0.0,0.1724137931034483,0.0,0.0,0.0,0.0,0.1724137931034483,0.0,0.0,0.0,0.0,0.0,0.0,0.0,0.0,0.0,0.0,0.0,0.0,0.0,0.0,0.0,0.0,0.0,0.0,0.0,0.0,0.0,0.0,0.1724137931034483,0.0,0.0,0.0,0.0,0.0,0.0,0.0,0.0,0.0,0.0,0.0,0.0,0.0,0.0,0.0,0.0,0.0,0.0,0.0,0.0,0.0,0.0,0.0,0.13793103448275862,0.0,0.0,0.0,0.0,0.0,0.0,0.0,0.0
CoCrCuFeNiTi2.5,6,6,0.0749160492582157,-15.6444444444444,1.70947277658421,7.2,2.66333124739176,0.158554582259724,1.73733333333333,1826.30266666667,1.6592391330314205,IM,IM,False,False,True,False,0,,Co+Cr+Cu+Fe+Ni+Ti,Co+Cr+Cu+Fe+Ni+Ti,0.0,0.0,0.0,0.0,0.0,0.0,0.0,0.0,0.0,0.0,0.0,0.0,0.0,0.0,0.13333333333333333,0.13333333333333333,0.0,0.13333333333333333,0.0,0.0,0.0,0.0,0.13333333333333333,0.0,0.0,0.0,0.0,0.0,0.0,0.0,0.0,0.0,0.0,0.0,0.0,0.0,0.0,0.0,0.0,0.0,0.0,0.0,0.0,0.0,0.0,0.13333333333333333,0.0,0.0,0.0,0.0,0.0,0.0,0.0,0.0,0.0,0.0,0.0,0.0,0.0,0.0,0.0,0.0,0.0,0.0,0.0,0.0,0.0,0.0,0.0,0.3333333333333333,0.0,0.0,0.0,0.0,0.0,0.0,0.0,0.0
CoCrCuFeNiZr,6,6,0.0998766520140431,-14.4444444444444,1.79175946922805,8.0,2.38047614284762,0.206512038928054,1.75166666666667,1828.795,1.886158027031637,IM,IM,False,False,True,False,0,,Co+Cr+Cu+Fe+Ni+Zr,Co+Cr+Cu+Fe+Ni+Zr,0.0,0.0,0.0,0.0,0.0,0.0,0.0,0.0,0.0,0.0,0.0,0.0,0.0,0.0,0.16666666666666666,0.16666666666666666,0.0,0.16666666666666666,0.0,0.0,0.0,0.0,0.16666666666666666,0.0,0.0,0.0,0.0,0.0,0.0,0.0,0.0,0.0,0.0,0.0,0.0,0.0,0.0,0.0,0.0,0.0,0.0,0.0,0.0,0.0,0.0,0.16666666666666666,0.0,0.0,0.0,0.0,0.0,0.0,0.0,0.0,0.0,0.0,0.0,0.0,0.0,0.0,0.0,0.0,0.0,0.0,0.0,0.0,0.0,0.0,0.0,0.0,0.0,0.0,0.0,0.0,0.0,0.0,0.0,0.16666666666666666
CoCrFeGeMnNi,6,6,0.0310261437214879,-15.1666666666667,1.79175946922805,7.33333333333333,1.97202659436654,0.15563490039905,1.80666666666667,1702.9,1.6726801263398432,SS,BCC+FCC,True,True,False,False,1,,Co+Cr+Fe+Ge+Mn+Ni,Co+Cr+Fe+Ge+Mn+Ni,0.0,0.0,0.0,0.0,0.0,0.0,0.0,0.0,0.0,0.0,0.0,0.0,0.0,0.0,0.16666666666666666,0.16666666666666666,0.0,0.0,0.0,0.0,0.0,0.0,0.16666666666666666,0.0,0.0,0.16666666666666666,0.0,0.0,0.0,0.0,0.0,0.0,0.0,0.0,0.0,0.0,0.0,0.0,0.16666666666666666,0.0,0.0,0.0,0.0,0.0,0.0,0.16666666666666666,0.0,0.0,0.0,0.0,0.0,0.0,0.0,0.0,0.0,0.0,0.0,0.0,0.0,0.0,0.0,0.0,0.0,0.0,0.0,0.0,0.0,0.0,0.0,0.0,0.0,0.0,0.0,0.0,0.0,0.0,0.0,0.0
CoCrFeMnNiV,6,6,0.0328807843722313,-7.55555555555556,1.79175946922805,7.5,1.70782512765993,0.136096371083957,1.74333333333333,1864.83333333333,3.6769482162761746,SS,BCC+FCC,True,True,False,False,1,,Co+Cr+Fe+Mn+Ni+V,Co+Cr+Fe+Mn+Ni+V,0.0,0.0,0.0,0.0,0.0,0.0,0.0,0.0,0.0,0.0,0.0,0.0,0.0,0.0,0.16666666666666666,0.16666666666666666,0.0,0.0,0.0,0.0,0.0,0.0,0.16666666666666666,0.0,0.0,0.0,0.0,0.0,0.0,0.0,0.0,0.0,0.0,0.0,0.0,0.0,0.0,0.0,0.16666666666666666,0.0,0.0,0.0,0.0,0.0,0.0,0.16666666666666666,0.0,0.0,0.0,0.0,0.0,0.0,0.0,0.0,0.0,0.0,0.0,0.0,0.0,0.0,0.0,0.0,0.0,0.0,0.0,0.0,0.0,0.0,0.0,0.0,0.0,0.0,0.16666666666666666,0.0,0.0,0.0,0.0,0.0
CoCrFeMnNiV0.25,6,6,0.0328751124529792,-5.29705215419501,1.72424209379972,7.85714285714286,1.52083042120679,0.138098522128439,1.75952380952381,1819.38095238095,4.924042843451521,SS,FCC,True,False,False,False,1,FCC,Co+Cr+Fe+Mn+Ni+V,Co+Cr+Fe+Mn+Ni+V,0.0,0.0,0.0,0.0,0.0,0.0,0.0,0.0,0.0,0.0,0.0,0.0,0.0,0.0,0.19047619047619047,0.19047619047619047,0.0,0.0,0.0,0.0,0.0,0.0,0.19047619047619047,0.0,0.0,0.0,0.0,0.0,0.0,0.0,0.0,0.0,0.0,0.0,0.0,0.0,0.0,0.0,0.19047619047619047,0.0,0.0,0.0,0.0,0.0,0.0,0.19047619047619047,0.0,0.0,0.0,0.0,0.0,0.0,0.0,0.0,0.0,0.0,0.0,0.0,0.0,0.0,0.0,0.0,0.0,0.0,0.0,0.0,0.0,0.0,0.0,0.0,0.0,0.0,0.047619047619047616,0.0,0.0,0.0,0.0,0.0
CoCrFeMnNiV0.5,6,6,0.0329500153613274,-6.21487603305785,1.76776147228933,7.72727272727273,1.60061971469627,0.137594445400091,1.75363636363636,1835.90909090909,4.341867354763404,SS,FCC,True,False,False,False,1,FCC,Co+Cr+Fe+Mn+Ni+V,Co+Cr+Fe+Mn+Ni+V,0.0,0.0,0.0,0.0,0.0,0.0,0.0,0.0,0.0,0.0,0.0,0.0,0.0,0.0,0.18181818181818182,0.18181818181818182,0.0,0.0,0.0,0.0,0.0,0.0,0.18181818181818182,0.0,0.0,0.0,0.0,0.0,0.0,0.0,0.0,0.0,0.0,0.0,0.0,0.0,0.0,0.0,0.18181818181818182,0.0,0.0,0.0,0.0,0.0,0.0,0.18181818181818182,0.0,0.0,0.0,0.0,0.0,0.0,0.0,0.0,0.0,0.0,0.0,0.0,0.0,0.0,0.0,0.0,0.0,0.0,0.0,0.0,0.0,0.0,0.0,0.0,0.0,0.0,0.09090909090909091,0.0,0.0,0.0,0.0,0.0
CoCrFeMnNiV0.75,6,6,0.0329455040740515,-6.95652173913044,1.78672360338993,7.60869565217391,1.66130201517763,0.136911655867159,1.74826086956522,1851.0,3.9528090193032845,SS+IM,FCC+IM,True,False,True,False,0,,Co+Cr+Fe+Mn+Ni+V,Co+Cr+Fe+Mn+Ni+V,0.0,0.0,0.0,0.0,0.0,0.0,0.0,0.0,0.0,0.0,0.0,0.0,0.0,0.0,0.17391304347826086,0.17391304347826086,0.0,0.0,0.0,0.0,0.0,0.0,0.17391304347826086,0.0,0.0,0.0,0.0,0.0,0.0,0.0,0.0,0.0,0.0,0.0,0.0,0.0,0.0,0.0,0.17391304347826086,0.0,0.0,0.0,0.0,0.0,0.0,0.17391304347826086,0.0,0.0,0.0,0.0,0.0,0.0,0.0,0.0,0.0,0.0,0.0,0.0,0.0,0.0,0.0,0.0,0.0,0.0,0.0,0.0,0.0,0.0,0.0,0.0,0.0,0.0,0.13043478260869565,0.0,0.0,0.0,0.0,0.0
CoCrFeMnNiV1.0,6,6,0.0328807843722313,-7.55555555555556,1.79175946922805,7.5,1.70782512765993,0.136096371083957,1.74333333333333,1864.83333333333,3.6769482162761746,SS+IM,FCC+IM,True,False,True,False,0,,Co+Cr+Fe+Mn+Ni+V,Co+Cr+Fe+Mn+Ni+V,0.0,0.0,0.0,0.0,0.0,0.0,0.0,0.0,0.0,0.0,0.0,0.0,0.0,0.0,0.16666666666666666,0.16666666666666666,0.0,0.0,0.0,0.0,0.0,0.0,0.16666666666666666,0.0,0.0,0.0,0.0,0.0,0.0,0.0,0.0,0.0,0.0,0.0,0.0,0.0,0.0,0.0,0.16666666666666666,0.0,0.0,0.0,0.0,0.0,0.0,0.16666666666666666,0.0,0.0,0.0,0.0,0.0,0.0,0.0,0.0,0.0,0.0,0.0,0.0,0.0,0.0,0.0,0.0,0.0,0.0,0.0,0.0,0.0,0.0,0.0,0.0,0.0,0.0,0.16666666666666666,0.0,0.0,0.0,0.0,0.0
Co1.5CrFeMo0.1Ni1.5Ti0.5,6,6,0.0493824230838355,-10.6441326530612,1.60855887903662,8.05357142857143,1.88433052583995,0.129448274872039,1.81446428571429,1874.125,2.354829257185652,SS,FCC,True,False,False,False,1,FCC,Co+Cr+Fe+Mo+Ni+Ti,Co+Cr+Fe+Mo+Ni+Ti,0.0,0.0,0.0,0.0,0.0,0.0,0.0,0.0,0.0,0.0,0.0,0.0,0.0,0.0,0.26785714285714285,0.17857142857142858,0.0,0.0,0.0,0.0,0.0,0.0,0.17857142857142858,0.0,0.0,0.0,0.0,0.0,0.0,0.0,0.0,0.0,0.0,0.0,0.0,0.0,0.0,0.0,0.0,0.01785714285714286,0.0,0.0,0.0,0.0,0.0,0.26785714285714285,0.0,0.0,0.0,0.0,0.0,0.0,0.0,0.0,0.0,0.0,0.0,0.0,0.0,0.0,0.0,0.0,0.0,0.0,0.0,0.0,0.0,0.0,0.0,0.08928571428571429,0.0,0.0,0.0,0.0,0.0,0.0,0.0,0.0
Co1.5CrFeMo0.5Ni1.5Ti0.5,6,6,0.0509568314138586,-10.25,1.7045514452673,7.91666666666667,1.89113428631837,0.15188400179084,1.8375,1942.25,2.6855025125658543,SS+IM,FCC+Ïƒ,True,False,False,False,0,,Co+Cr+Fe+Mo+Ni+Ti,Co+Cr+Fe+Mo+Ni+Ti,0.0,0.0,0.0,0.0,0.0,0.0,0.0,0.0,0.0,0.0,0.0,0.0,0.0,0.0,0.25,0.16666666666666666,0.0,0.0,0.0,0.0,0.0,0.0,0.16666666666666666,0.0,0.0,0.0,0.0,0.0,0.0,0.0,0.0,0.0,0.0,0.0,0.0,0.0,0.0,0.0,0.0,0.08333333333333333,0.0,0.0,0.0,0.0,0.0,0.25,0.0,0.0,0.0,0.0,0.0,0.0,0.0,0.0,0.0,0.0,0.0,0.0,0.0,0.0,0.0,0.0,0.0,0.0,0.0,0.0,0.0,0.0,0.0,0.08333333333333333,0.0,0.0,0.0,0.0,0.0,0.0,0.0,0.0
Co1.5CrFeMo0.8Ni1.5Ti0.5,6,6,0.0517017858814558,-9.96220710506425,1.73081838054143,7.82539682539683,1.89015563766403,0.163361791217934,1.85285714285714,1987.66666666667,2.8712676124068968,SS+IM,FCC+Ïƒ,True,False,False,False,0,,Co+Cr+Fe+Mo+Ni+Ti,Co+Cr+Fe+Mo+Ni+Ti,0.0,0.0,0.0,0.0,0.0,0.0,0.0,0.0,0.0,0.0,0.0,0.0,0.0,0.0,0.2380952380952381,0.15873015873015872,0.0,0.0,0.0,0.0,0.0,0.0,0.15873015873015872,0.0,0.0,0.0,0.0,0.0,0.0,0.0,0.0,0.0,0.0,0.0,0.0,0.0,0.0,0.0,0.0,0.126984126984127,0.0,0.0,0.0,0.0,0.0,0.2380952380952381,0.0,0.0,0.0,0.0,0.0,0.0,0.0,0.0,0.0,0.0,0.0,0.0,0.0,0.0,0.0,0.0,0.0,0.0,0.0,0.0,0.0,0.0,0.0,0.07936507936507936,0.0,0.0,0.0,0.0,0.0,0.0,0.0,0.0
CoCrFeNiAlNb0.5,6,6,0.0633184846919063,-16.5289256198347,1.76776147228933,7.0,2.44948974278318,0.125829479261577,1.76181818181818,1780.99454545455,1.583710563308168,SS+IM,BCC+Laves,False,True,True,False,0,,Al+Co+Cr+Fe+Nb+Ni,Al+Co+Cr+Fe+Nb+Ni,0.0,0.18181818181818182,0.0,0.0,0.0,0.0,0.0,0.0,0.0,0.0,0.0,0.0,0.0,0.0,0.18181818181818182,0.18181818181818182,0.0,0.0,0.0,0.0,0.0,0.0,0.18181818181818182,0.0,0.0,0.0,0.0,0.0,0.0,0.0,0.0,0.0,0.0,0.0,0.0,0.0,0.0,0.0,0.0,0.0,0.0,0.0,0.09090909090909091,0.0,0.0,0.18181818181818182,0.0,0.0,0.0,0.0,0.0,0.0,0.0,0.0,0.0,0.0,0.0,0.0,0.0,0.0,0.0,0.0,0.0,0.0,0.0,0.0,0.0,0.0,0.0,0.0,0.0,0.0,0.0,0.0,0.0,0.0,0.0,0.0
CoCrFeNiAlNb0.75,6,6,0.0650244121533514,-18.0264650283554,1.78672360338993,6.91304347826087,2.43011975869254,0.127411335418772,1.75478260869565,1823.1252173913,1.5024412113563015,SS+IM,BCC+Laves,False,True,True,False,0,,Al+Co+Cr+Fe+Nb+Ni,Al+Co+Cr+Fe+Nb+Ni,0.0,0.17391304347826086,0.0,0.0,0.0,0.0,0.0,0.0,0.0,0.0,0.0,0.0,0.0,0.0,0.17391304347826086,0.17391304347826086,0.0,0.0,0.0,0.0,0.0,0.0,0.17391304347826086,0.0,0.0,0.0,0.0,0.0,0.0,0.0,0.0,0.0,0.0,0.0,0.0,0.0,0.0,0.0,0.0,0.0,0.0,0.0,0.13043478260869565,0.0,0.0,0.17391304347826086,0.0,0.0,0.0,0.0,0.0,0.0,0.0,0.0,0.0,0.0,0.0,0.0,0.0,0.0,0.0,0.0,0.0,0.0,0.0,0.0,0.0,0.0,0.0,0.0,0.0,0.0,0.0,0.0,0.0,0.0,0.0,0.0
CoCuFeMnNiSn0.03,6,6,0.0379436318618354,1.77226897066903,1.63633384831038,8.97017892644135,1.46160447520579,0.134914497630057,1.81487077534791,1630.00445328032,12.513109823100232,SS,FCC,True,False,False,False,1,FCC,Co+Cu+Fe+Mn+Ni+Sn,Co+Cu+Fe+Mn+Ni+Sn,0.0,0.0,0.0,0.0,0.0,0.0,0.0,0.0,0.0,0.0,0.0,0.0,0.0,0.0,0.19880715705765406,0.0,0.0,0.19880715705765406,0.0,0.0,0.0,0.0,0.19880715705765406,0.0,0.0,0.0,0.0,0.0,0.0,0.0,0.0,0.0,0.0,0.0,0.0,0.0,0.0,0.0,0.19880715705765406,0.0,0.0,0.0,0.0,0.0,0.0,0.19880715705765406,0.0,0.0,0.0,0.0,0.0,0.0,0.0,0.0,0.0,0.0,0.0,0.0,0.0,0.0,0.0,0.0,0.0,0.0,0.005964214711729622,0.0,0.0,0.0,0.0,0.0,0.0,0.0,0.0,0.0,0.0,0.0,0.0,0.0
CoCuFeMnNiSn0.05,6,6,0.0414558666658201,1.78021762572297,1.64904895886701,8.95049504950495,1.49173457161578,0.134955252961606,1.81544554455446,1625.54930693069,12.519724879232237,SS+IM,FCC+IM,True,False,True,False,0,,Co+Cu+Fe+Mn+Ni+Sn,Co+Cu+Fe+Mn+Ni+Sn,0.0,0.0,0.0,0.0,0.0,0.0,0.0,0.0,0.0,0.0,0.0,0.0,0.0,0.0,0.19801980198019803,0.0,0.0,0.19801980198019803,0.0,0.0,0.0,0.0,0.19801980198019803,0.0,0.0,0.0,0.0,0.0,0.0,0.0,0.0,0.0,0.0,0.0,0.0,0.0,0.0,0.0,0.19801980198019803,0.0,0.0,0.0,0.0,0.0,0.0,0.19801980198019803,0.0,0.0,0.0,0.0,0.0,0.0,0.0,0.0,0.0,0.0,0.0,0.0,0.0,0.0,0.0,0.0,0.0,0.0,0.009900990099009901,0.0,0.0,0.0,0.0,0.0,0.0,0.0,0.0,0.0,0.0,0.0,0.0,0.0
CoCuFeMnNiSn0.08,6,6,0.0461125320080957,1.79180358360717,1.66508651583147,8.92125984251968,1.534928243277,0.135011245665215,1.81629921259843,1618.93236220472,12.508616929878572,SS+IM,FCC+IM,True,False,True,False,0,,Co+Cu+Fe+Mn+Ni+Sn,Co+Cu+Fe+Mn+Ni+Sn,0.0,0.0,0.0,0.0,0.0,0.0,0.0,0.0,0.0,0.0,0.0,0.0,0.0,0.0,0.19685039370078738,0.0,0.0,0.19685039370078738,0.0,0.0,0.0,0.0,0.19685039370078738,0.0,0.0,0.0,0.0,0.0,0.0,0.0,0.0,0.0,0.0,0.0,0.0,0.0,0.0,0.0,0.19685039370078738,0.0,0.0,0.0,0.0,0.0,0.0,0.19685039370078738,0.0,0.0,0.0,0.0,0.0,0.0,0.0,0.0,0.0,0.0,0.0,0.0,0.0,0.0,0.0,0.0,0.0,0.0,0.015748031496062992,0.0,0.0,0.0,0.0,0.0,0.0,0.0,0.0,0.0,0.0,0.0,0.0,0.0
CoCuFeMnNiSn0.1,6,6,0.0489017520875315,1.79930795847751,1.67438926704389,8.90196078431373,1.56248798534404,0.135045238550678,1.81686274509804,1614.56431372549,12.492244186568055,SS+IM,FCC+IM,True,False,True,False,0,,Co+Cu+Fe+Mn+Ni+Sn,Co+Cu+Fe+Mn+Ni+Sn,0.0,0.0,0.0,0.0,0.0,0.0,0.0,0.0,0.0,0.0,0.0,0.0,0.0,0.0,0.19607843137254904,0.0,0.0,0.19607843137254904,0.0,0.0,0.0,0.0,0.19607843137254904,0.0,0.0,0.0,0.0,0.0,0.0,0.0,0.0,0.0,0.0,0.0,0.0,0.0,0.0,0.0,0.19607843137254904,0.0,0.0,0.0,0.0,0.0,0.0,0.19607843137254904,0.0,0.0,0.0,0.0,0.0,0.0,0.0,0.0,0.0,0.0,0.0,0.0,0.0,0.0,0.0,0.0,0.0,0.0,0.019607843137254905,0.0,0.0,0.0,0.0,0.0,0.0,0.0,0.0,0.0,0.0,0.0,0.0,0.0
CoCuFeMnNiSn0.10,6,6,0.0489017520875315,1.79930795847751,1.67438926704389,8.90196078431373,1.56248798534404,0.135045238550678,1.81686274509804,1614.56431372549,12.492244186568055,SS+IM,FCC+IM,True,False,True,False,0,,Co+Cu+Fe+Mn+Ni+Sn,Co+Cu+Fe+Mn+Ni+Sn,0.0,0.0,0.0,0.0,0.0,0.0,0.0,0.0,0.0,0.0,0.0,0.0,0.0,0.0,0.19607843137254904,0.0,0.0,0.19607843137254904,0.0,0.0,0.0,0.0,0.19607843137254904,0.0,0.0,0.0,0.0,0.0,0.0,0.0,0.0,0.0,0.0,0.0,0.0,0.0,0.0,0.0,0.19607843137254904,0.0,0.0,0.0,0.0,0.0,0.0,0.19607843137254904,0.0,0.0,0.0,0.0,0.0,0.0,0.0,0.0,0.0,0.0,0.0,0.0,0.0,0.0,0.0,0.0,0.0,0.0,0.019607843137254905,0.0,0.0,0.0,0.0,0.0,0.0,0.0,0.0,0.0,0.0,0.0,0.0,0.0
CoCuFeMnNiSn0.2,6,6,0.0603231896797547,1.83431952662722,1.71056008375792,8.80769230769231,1.68749315142156,0.135177398236846,1.81961538461538,1593.22807692308,12.353086444334123,SS+IM,FCC+IM,True,False,True,False,0,,Co+Cu+Fe+Mn+Ni+Sn,Co+Cu+Fe+Mn+Ni+Sn,0.0,0.0,0.0,0.0,0.0,0.0,0.0,0.0,0.0,0.0,0.0,0.0,0.0,0.0,0.1923076923076923,0.0,0.0,0.1923076923076923,0.0,0.0,0.0,0.0,0.1923076923076923,0.0,0.0,0.0,0.0,0.0,0.0,0.0,0.0,0.0,0.0,0.0,0.0,0.0,0.0,0.0,0.1923076923076923,0.0,0.0,0.0,0.0,0.0,0.0,0.1923076923076923,0.0,0.0,0.0,0.0,0.0,0.0,0.0,0.0,0.0,0.0,0.0,0.0,0.0,0.0,0.0,0.0,0.0,0.0,0.038461538461538464,0.0,0.0,0.0,0.0,0.0,0.0,0.0,0.0,0.0,0.0,0.0,0.0,0.0
CoCuFeMnNiSn0.20,6,6,0.0603231896797547,1.83431952662722,1.71056008375792,8.80769230769231,1.68749315142156,0.135177398236846,1.81961538461538,1593.22807692308,12.353086444334123,SS+IM,FCC+IM,True,False,True,False,0,,Co+Cu+Fe+Mn+Ni+Sn,Co+Cu+Fe+Mn+Ni+Sn,0.0,0.0,0.0,0.0,0.0,0.0,0.0,0.0,0.0,0.0,0.0,0.0,0.0,0.0,0.1923076923076923,0.0,0.0,0.1923076923076923,0.0,0.0,0.0,0.0,0.1923076923076923,0.0,0.0,0.0,0.0,0.0,0.0,0.0,0.0,0.0,0.0,0.0,0.0,0.0,0.0,0.0,0.1923076923076923,0.0,0.0,0.0,0.0,0.0,0.0,0.1923076923076923,0.0,0.0,0.0,0.0,0.0,0.0,0.0,0.0,0.0,0.0,0.0,0.0,0.0,0.0,0.0,0.0,0.0,0.0,0.038461538461538464,0.0,0.0,0.0,0.0,0.0,0.0,0.0,0.0,0.0,0.0,0.0,0.0,0.0
Co25Fe25Mn15Ni15Ti12.5V7.5,6,6,0.0575516966836906,-13.375,1.71648340614413,7.675,1.88927896299091,0.14876470515549,1.76125,1788.15,1.908024516398835,IM,IM,False,False,True,False,0,,Co+Fe+Mn+Ni+Ti+V,Co+Fe+Mn+Ni+Ti+V,0.0,0.0,0.0,0.0,0.0,0.0,0.0,0.0,0.0,0.0,0.0,0.0,0.0,0.0,0.25,0.0,0.0,0.0,0.0,0.0,0.0,0.0,0.25,0.0,0.0,0.0,0.0,0.0,0.0,0.0,0.0,0.0,0.0,0.0,0.0,0.0,0.0,0.0,0.15,0.0,0.0,0.0,0.0,0.0,0.0,0.15,0.0,0.0,0.0,0.0,0.0,0.0,0.0,0.0,0.0,0.0,0.0,0.0,0.0,0.0,0.0,0.0,0.0,0.0,0.0,0.0,0.0,0.0,0.0,0.125,0.0,0.0,0.075,0.0,0.0,0.0,0.0,0.0
CoFeMnTi0.5VZr,6,6,0.0951023079549521,-18.5785123966942,1.76776147228933,6.36363636363636,1.91988291654026,0.192039940749249,1.63454545454545,1887.18181818182,1.4930029182108193,IM,IM,False,False,True,False,0,,Co+Fe+Mn+Ti+V+Zr,Co+Fe+Mn+Ti+V+Zr,0.0,0.0,0.0,0.0,0.0,0.0,0.0,0.0,0.0,0.0,0.0,0.0,0.0,0.0,0.18181818181818182,0.0,0.0,0.0,0.0,0.0,0.0,0.0,0.18181818181818182,0.0,0.0,0.0,0.0,0.0,0.0,0.0,0.0,0.0,0.0,0.0,0.0,0.0,0.0,0.0,0.18181818181818182,0.0,0.0,0.0,0.0,0.0,0.0,0.0,0.0,0.0,0.0,0.0,0.0,0.0,0.0,0.0,0.0,0.0,0.0,0.0,0.0,0.0,0.0,0.0,0.0,0.0,0.0,0.0,0.0,0.0,0.0,0.09090909090909091,0.0,0.0,0.18181818181818182,0.0,0.0,0.0,0.0,0.18181818181818182
CoFeMnTi1.5VZr,6,6,0.0903705236759982,-18.508875739645,1.77823330579971,6.0,1.96116135138184,0.179914509612846,1.62,1895.46153846154,1.5141115134868794,IM,IM,False,False,True,False,0,,Co+Fe+Mn+Ti+V+Zr,Co+Fe+Mn+Ti+V+Zr,0.0,0.0,0.0,0.0,0.0,0.0,0.0,0.0,0.0,0.0,0.0,0.0,0.0,0.0,0.15384615384615385,0.0,0.0,0.0,0.0,0.0,0.0,0.0,0.15384615384615385,0.0,0.0,0.0,0.0,0.0,0.0,0.0,0.0,0.0,0.0,0.0,0.0,0.0,0.0,0.0,0.15384615384615385,0.0,0.0,0.0,0.0,0.0,0.0,0.0,0.0,0.0,0.0,0.0,0.0,0.0,0.0,0.0,0.0,0.0,0.0,0.0,0.0,0.0,0.0,0.0,0.0,0.0,0.0,0.0,0.0,0.0,0.0,0.23076923076923078,0.0,0.0,0.15384615384615385,0.0,0.0,0.0,0.0,0.15384615384615385
CoFeMnTi2.5VZr,6,6,0.0859708890318571,-17.8133333333333,1.70947277658421,5.73333333333333,1.94821855949366,0.169684674879286,1.60933333333333,1901.53333333333,1.5172429291477747,IM,IM,False,False,True,False,0,,Co+Fe+Mn+Ti+V+Zr,Co+Fe+Mn+Ti+V+Zr,0.0,0.0,0.0,0.0,0.0,0.0,0.0,0.0,0.0,0.0,0.0,0.0,0.0,0.0,0.13333333333333333,0.0,0.0,0.0,0.0,0.0,0.0,0.0,0.13333333333333333,0.0,0.0,0.0,0.0,0.0,0.0,0.0,0.0,0.0,0.0,0.0,0.0,0.0,0.0,0.0,0.13333333333333333,0.0,0.0,0.0,0.0,0.0,0.0,0.0,0.0,0.0,0.0,0.0,0.0,0.0,0.0,0.0,0.0,0.0,0.0,0.0,0.0,0.0,0.0,0.0,0.0,0.0,0.0,0.0,0.0,0.0,0.0,0.3333333333333333,0.0,0.0,0.13333333333333333,0.0,0.0,0.0,0.0,0.13333333333333333
CoFeMnTi2VZr,6,6,0.088117363200625,-18.2040816326531,1.74786809746676,5.85714285714286,1.95875845725744,0.174589898485168,1.61428571428571,1898.71428571429,1.5157713157640935,IM,IM,False,False,True,False,0,,Co+Fe+Mn+Ti+V+Zr,Co+Fe+Mn+Ti+V+Zr,0.0,0.0,0.0,0.0,0.0,0.0,0.0,0.0,0.0,0.0,0.0,0.0,0.0,0.0,0.14285714285714285,0.0,0.0,0.0,0.0,0.0,0.0,0.0,0.14285714285714285,0.0,0.0,0.0,0.0,0.0,0.0,0.0,0.0,0.0,0.0,0.0,0.0,0.0,0.0,0.0,0.14285714285714285,0.0,0.0,0.0,0.0,0.0,0.0,0.0,0.0,0.0,0.0,0.0,0.0,0.0,0.0,0.0,0.0,0.0,0.0,0.0,0.0,0.0,0.0,0.0,0.0,0.0,0.0,0.0,0.0,0.0,0.0,0.2857142857142857,0.0,0.0,0.14285714285714285,0.0,0.0,0.0,0.0,0.14285714285714285
CoFeMnTiV0.4Zr,6,6,0.0962981789115663,-20.7407407407407,1.75427234111646,6.2962962962963,2.01503266796081,0.195753967807063,1.6262962962963,1859.2962962963,1.3075416826650237,IM,IM,False,False,True,False,0,,Co+Fe+Mn+Ti+V+Zr,Co+Fe+Mn+Ti+V+Zr,0.0,0.0,0.0,0.0,0.0,0.0,0.0,0.0,0.0,0.0,0.0,0.0,0.0,0.0,0.18518518518518517,0.0,0.0,0.0,0.0,0.0,0.0,0.0,0.18518518518518517,0.0,0.0,0.0,0.0,0.0,0.0,0.0,0.0,0.0,0.0,0.0,0.0,0.0,0.0,0.0,0.18518518518518517,0.0,0.0,0.0,0.0,0.0,0.0,0.0,0.0,0.0,0.0,0.0,0.0,0.0,0.0,0.0,0.0,0.0,0.0,0.0,0.0,0.0,0.0,0.0,0.0,0.0,0.0,0.0,0.0,0.0,0.0,0.18518518518518517,0.0,0.0,0.07407407407407407,0.0,0.0,0.0,0.0,0.18518518518518517
CoFeMnTiV0.7Zr,6,6,0.0944617946285404,-19.6491228070175,1.78426836093824,6.2280701754386,1.98253376652865,0.19053471597908,1.62649122807018,1876.33333333333,1.4166455004159233,IM,IM,False,False,True,False,0,,Co+Fe+Mn+Ti+V+Zr,Co+Fe+Mn+Ti+V+Zr,0.0,0.0,0.0,0.0,0.0,0.0,0.0,0.0,0.0,0.0,0.0,0.0,0.0,0.0,0.17543859649122806,0.0,0.0,0.0,0.0,0.0,0.0,0.0,0.17543859649122806,0.0,0.0,0.0,0.0,0.0,0.0,0.0,0.0,0.0,0.0,0.0,0.0,0.0,0.0,0.0,0.17543859649122806,0.0,0.0,0.0,0.0,0.0,0.0,0.0,0.0,0.0,0.0,0.0,0.0,0.0,0.0,0.0,0.0,0.0,0.0,0.0,0.0,0.0,0.0,0.0,0.0,0.0,0.0,0.0,0.0,0.0,0.0,0.17543859649122806,0.0,0.0,0.12280701754385964,0.0,0.0,0.0,0.0,0.17543859649122806
CoFeMnTiV1.3Zr,6,6,0.0910461249096686,-17.7777777777778,1.78641097565023,6.11111111111111,1.91991328434394,0.181237591994119,1.6268253968254,1905.53968253968,1.5920477434000349,IM,IM,False,False,True,False,0,,Co+Fe+Mn+Ti+V+Zr,Co+Fe+Mn+Ti+V+Zr,0.0,0.0,0.0,0.0,0.0,0.0,0.0,0.0,0.0,0.0,0.0,0.0,0.0,0.0,0.15873015873015872,0.0,0.0,0.0,0.0,0.0,0.0,0.0,0.15873015873015872,0.0,0.0,0.0,0.0,0.0,0.0,0.0,0.0,0.0,0.0,0.0,0.0,0.0,0.0,0.0,0.15873015873015872,0.0,0.0,0.0,0.0,0.0,0.0,0.0,0.0,0.0,0.0,0.0,0.0,0.0,0.0,0.0,0.0,0.0,0.0,0.0,0.0,0.0,0.0,0.0,0.0,0.0,0.0,0.0,0.0,0.0,0.0,0.15873015873015872,0.0,0.0,0.20634920634920637,0.0,0.0,0.0,0.0,0.15873015873015872
CoFeMnTiV1.6Zr,6,6,0.0894575785100571,-16.969696969697,1.77312937527584,6.06060606060606,1.88999589448639,0.177071888302974,1.6269696969697,1918.15151515152,1.6664160195245026,IM,IM,False,False,True,False,0,,Co+Fe+Mn+Ti+V+Zr,Co+Fe+Mn+Ti+V+Zr,0.0,0.0,0.0,0.0,0.0,0.0,0.0,0.0,0.0,0.0,0.0,0.0,0.0,0.0,0.15151515151515152,0.0,0.0,0.0,0.0,0.0,0.0,0.0,0.15151515151515152,0.0,0.0,0.0,0.0,0.0,0.0,0.0,0.0,0.0,0.0,0.0,0.0,0.0,0.0,0.0,0.15151515151515152,0.0,0.0,0.0,0.0,0.0,0.0,0.0,0.0,0.0,0.0,0.0,0.0,0.0,0.0,0.0,0.0,0.0,0.0,0.0,0.0,0.0,0.0,0.0,0.0,0.0,0.0,0.0,0.0,0.0,0.0,0.15151515151515152,0.0,0.0,0.24242424242424246,0.0,0.0,0.0,0.0,0.15151515151515152
CoFeMnTiV2.3Zr,6,6,0.0860279923071474,-15.3424657534247,1.72545092585972,5.95890410958904,1.82402802913744,0.168370598041512,1.6272602739726,1943.54794520548,1.8173429604430258,IM,IM,False,False,True,False,0,,Co+Fe+Mn+Ti+V+Zr,Co+Fe+Mn+Ti+V+Zr,0.0,0.0,0.0,0.0,0.0,0.0,0.0,0.0,0.0,0.0,0.0,0.0,0.0,0.0,0.136986301369863,0.0,0.0,0.0,0.0,0.0,0.0,0.0,0.136986301369863,0.0,0.0,0.0,0.0,0.0,0.0,0.0,0.0,0.0,0.0,0.0,0.0,0.0,0.0,0.0,0.136986301369863,0.0,0.0,0.0,0.0,0.0,0.0,0.0,0.0,0.0,0.0,0.0,0.0,0.0,0.0,0.0,0.0,0.0,0.0,0.0,0.0,0.0,0.0,0.0,0.0,0.0,0.0,0.0,0.0,0.0,0.0,0.136986301369863,0.0,0.0,0.3150684931506849,0.0,0.0,0.0,0.0,0.136986301369863
CoFeMnTiV2.6Zr,6,6,0.0846662849585973,-14.7368421052632,1.70126275294079,5.92105263157895,1.79738961226623,0.165014899016746,1.62736842105263,1953.0,1.8745774641997235,IM,IM,False,False,True,False,0,,Co+Fe+Mn+Ti+V+Zr,Co+Fe+Mn+Ti+V+Zr,0.0,0.0,0.0,0.0,0.0,0.0,0.0,0.0,0.0,0.0,0.0,0.0,0.0,0.0,0.13157894736842105,0.0,0.0,0.0,0.0,0.0,0.0,0.0,0.13157894736842105,0.0,0.0,0.0,0.0,0.0,0.0,0.0,0.0,0.0,0.0,0.0,0.0,0.0,0.0,0.0,0.13157894736842105,0.0,0.0,0.0,0.0,0.0,0.0,0.0,0.0,0.0,0.0,0.0,0.0,0.0,0.0,0.0,0.0,0.0,0.0,0.0,0.0,0.0,0.0,0.0,0.0,0.0,0.0,0.0,0.0,0.0,0.0,0.13157894736842105,0.0,0.0,0.34210526315789475,0.0,0.0,0.0,0.0,0.13157894736842105
CoFeMnTiV2Zr,6,6,0.0874526684644804,-16.0,1.74786809746676,6.0,1.8516401995451,0.171939714162035,1.62714285714286,1933.28571428571,1.755977309803204,IM,IM,False,False,True,False,0,,Co+Fe+Mn+Ti+V+Zr,Co+Fe+Mn+Ti+V+Zr,0.0,0.0,0.0,0.0,0.0,0.0,0.0,0.0,0.0,0.0,0.0,0.0,0.0,0.0,0.14285714285714285,0.0,0.0,0.0,0.0,0.0,0.0,0.0,0.14285714285714285,0.0,0.0,0.0,0.0,0.0,0.0,0.0,0.0,0.0,0.0,0.0,0.0,0.0,0.0,0.0,0.14285714285714285,0.0,0.0,0.0,0.0,0.0,0.0,0.0,0.0,0.0,0.0,0.0,0.0,0.0,0.0,0.0,0.0,0.0,0.0,0.0,0.0,0.0,0.0,0.0,0.0,0.0,0.0,0.0,0.0,0.0,0.0,0.14285714285714285,0.0,0.0,0.2857142857142857,0.0,0.0,0.0,0.0,0.14285714285714285
CoFeMnTiV3Zr,6,6,0.0829417518450217,-14.0,1.66746193342929,5.875,1.76334199745824,0.160837651064668,1.6275,1964.5,1.945423289498586,IM,IM,False,False,True,False,0,,Co+Fe+Mn+Ti+V+Zr,Co+Fe+Mn+Ti+V+Zr,0.0,0.0,0.0,0.0,0.0,0.0,0.0,0.0,0.0,0.0,0.0,0.0,0.0,0.0,0.125,0.0,0.0,0.0,0.0,0.0,0.0,0.0,0.125,0.0,0.0,0.0,0.0,0.0,0.0,0.0,0.0,0.0,0.0,0.0,0.0,0.0,0.0,0.0,0.125,0.0,0.0,0.0,0.0,0.0,0.0,0.0,0.0,0.0,0.0,0.0,0.0,0.0,0.0,0.0,0.0,0.0,0.0,0.0,0.0,0.0,0.0,0.0,0.0,0.0,0.0,0.0,0.0,0.0,0.0,0.125,0.0,0.0,0.375,0.0,0.0,0.0,0.0,0.125
CoFeMnTiVZr,6,6,0.0927126221013104,-18.6666666666667,1.79175946922805,6.16666666666667,1.95078331845327,0.185711843695788,1.62666666666667,1891.66666666667,1.509703744601393,IM,IM,False,False,True,False,0,,Co+Fe+Mn+Ti+V+Zr,Co+Fe+Mn+Ti+V+Zr,0.0,0.0,0.0,0.0,0.0,0.0,0.0,0.0,0.0,0.0,0.0,0.0,0.0,0.0,0.16666666666666666,0.0,0.0,0.0,0.0,0.0,0.0,0.0,0.16666666666666666,0.0,0.0,0.0,0.0,0.0,0.0,0.0,0.0,0.0,0.0,0.0,0.0,0.0,0.0,0.0,0.16666666666666666,0.0,0.0,0.0,0.0,0.0,0.0,0.0,0.0,0.0,0.0,0.0,0.0,0.0,0.0,0.0,0.0,0.0,0.0,0.0,0.0,0.0,0.0,0.0,0.0,0.0,0.0,0.0,0.0,0.0,0.0,0.16666666666666666,0.0,0.0,0.16666666666666666,0.0,0.0,0.0,0.0,0.16666666666666666
CoFeMnTiVZr0.4,6,6,0.0789322583202219,-16.0493827160494,1.75427234111646,6.40740740740741,1.91019214195965,0.165696766357537,1.65962962962963,1865.40740740741,1.6953000104763263,IM,IM,False,False,True,False,0,,Co+Fe+Mn+Ti+V+Zr,Co+Fe+Mn+Ti+V+Zr,0.0,0.0,0.0,0.0,0.0,0.0,0.0,0.0,0.0,0.0,0.0,0.0,0.0,0.0,0.18518518518518517,0.0,0.0,0.0,0.0,0.0,0.0,0.0,0.18518518518518517,0.0,0.0,0.0,0.0,0.0,0.0,0.0,0.0,0.0,0.0,0.0,0.0,0.0,0.0,0.0,0.18518518518518517,0.0,0.0,0.0,0.0,0.0,0.0,0.0,0.0,0.0,0.0,0.0,0.0,0.0,0.0,0.0,0.0,0.0,0.0,0.0,0.0,0.0,0.0,0.0,0.0,0.0,0.0,0.0,0.0,0.0,0.0,0.18518518518518517,0.0,0.0,0.18518518518518517,0.0,0.0,0.0,0.0,0.07407407407407407
CoFeMnTiVZr0.7,6,6,0.0871119353030202,-17.5438596491228,1.78426836093824,6.28070175438596,1.93539864849426,0.177279811972037,1.64228070175439,1879.22807017544,1.5890907738427724,IM,IM,False,False,True,False,0,,Co+Fe+Mn+Ti+V+Zr,Co+Fe+Mn+Ti+V+Zr,0.0,0.0,0.0,0.0,0.0,0.0,0.0,0.0,0.0,0.0,0.0,0.0,0.0,0.0,0.17543859649122806,0.0,0.0,0.0,0.0,0.0,0.0,0.0,0.17543859649122806,0.0,0.0,0.0,0.0,0.0,0.0,0.0,0.0,0.0,0.0,0.0,0.0,0.0,0.0,0.0,0.17543859649122806,0.0,0.0,0.0,0.0,0.0,0.0,0.0,0.0,0.0,0.0,0.0,0.0,0.0,0.0,0.0,0.0,0.0,0.0,0.0,0.0,0.0,0.0,0.0,0.0,0.0,0.0,0.0,0.0,0.0,0.0,0.17543859649122806,0.0,0.0,0.17543859649122806,0.0,0.0,0.0,0.0,0.12280701754385964
CoFeMnTiVZr1.3,6,6,0.0966437126826213,-19.5011337868481,1.78641097565023,6.06349206349206,1.95888708177459,0.191932265283985,1.61253968253968,1902.92063492064,1.4493603533314987,IM,IM,False,False,True,False,0,,Co+Fe+Mn+Ti+V+Zr,Co+Fe+Mn+Ti+V+Zr,0.0,0.0,0.0,0.0,0.0,0.0,0.0,0.0,0.0,0.0,0.0,0.0,0.0,0.0,0.15873015873015872,0.0,0.0,0.0,0.0,0.0,0.0,0.0,0.15873015873015872,0.0,0.0,0.0,0.0,0.0,0.0,0.0,0.0,0.0,0.0,0.0,0.0,0.0,0.0,0.0,0.15873015873015872,0.0,0.0,0.0,0.0,0.0,0.0,0.0,0.0,0.0,0.0,0.0,0.0,0.0,0.0,0.0,0.0,0.0,0.0,0.0,0.0,0.0,0.0,0.0,0.0,0.0,0.0,0.0,0.0,0.0,0.0,0.15873015873015872,0.0,0.0,0.15873015873015872,0.0,0.0,0.0,0.0,0.20634920634920637
CoFeMnTiVZr1.6,6,6,0.0994255520824998,-20.1101928374656,1.77312937527584,5.96969696969697,1.96152149487058,0.196537988439661,1.59969696969697,1913.15151515152,1.402515729968305,IM,IM,False,False,True,False,0,,Co+Fe+Mn+Ti+V+Zr,Co+Fe+Mn+Ti+V+Zr,0.0,0.0,0.0,0.0,0.0,0.0,0.0,0.0,0.0,0.0,0.0,0.0,0.0,0.0,0.15151515151515152,0.0,0.0,0.0,0.0,0.0,0.0,0.0,0.15151515151515152,0.0,0.0,0.0,0.0,0.0,0.0,0.0,0.0,0.0,0.0,0.0,0.0,0.0,0.0,0.0,0.15151515151515152,0.0,0.0,0.0,0.0,0.0,0.0,0.0,0.0,0.0,0.0,0.0,0.0,0.0,0.0,0.0,0.0,0.0,0.0,0.0,0.0,0.0,0.0,0.0,0.0,0.0,0.0,0.0,0.0,0.0,0.0,0.15151515151515152,0.0,0.0,0.15151515151515152,0.0,0.0,0.0,0.0,0.24242424242424246
CoFeMnTiVZr2,6,6,0.101894083698029,-20.6530612244898,1.74786809746676,5.85714285714286,1.95875845725744,0.200845153066247,1.58428571428571,1925.42857142857,1.3548331680454988,IM,IM,False,False,True,False,0,,Co+Fe+Mn+Ti+V+Zr,Co+Fe+Mn+Ti+V+Zr,0.0,0.0,0.0,0.0,0.0,0.0,0.0,0.0,0.0,0.0,0.0,0.0,0.0,0.0,0.14285714285714285,0.0,0.0,0.0,0.0,0.0,0.0,0.0,0.14285714285714285,0.0,0.0,0.0,0.0,0.0,0.0,0.0,0.0,0.0,0.0,0.0,0.0,0.0,0.0,0.0,0.14285714285714285,0.0,0.0,0.0,0.0,0.0,0.0,0.0,0.0,0.0,0.0,0.0,0.0,0.0,0.0,0.0,0.0,0.0,0.0,0.0,0.0,0.0,0.0,0.0,0.0,0.0,0.0,0.0,0.0,0.0,0.0,0.14285714285714285,0.0,0.0,0.14285714285714285,0.0,0.0,0.0,0.0,0.2857142857142857
CoFeMnTiVZr2.3,6,6,0.103080796099605,-20.9044848939764,1.72545092585972,5.78082191780822,1.95319601343973,0.203049559622709,1.57383561643836,1933.75342465753,1.3270840276643265,IM,IM,False,False,True,False,0,,Co+Fe+Mn+Ti+V+Zr,Co+Fe+Mn+Ti+V+Zr,0.0,0.0,0.0,0.0,0.0,0.0,0.0,0.0,0.0,0.0,0.0,0.0,0.0,0.0,0.136986301369863,0.0,0.0,0.0,0.0,0.0,0.0,0.0,0.136986301369863,0.0,0.0,0.0,0.0,0.0,0.0,0.0,0.0,0.0,0.0,0.0,0.0,0.0,0.0,0.0,0.136986301369863,0.0,0.0,0.0,0.0,0.0,0.0,0.0,0.0,0.0,0.0,0.0,0.0,0.0,0.0,0.0,0.0,0.0,0.0,0.0,0.0,0.0,0.0,0.0,0.0,0.0,0.0,0.0,0.0,0.0,0.0,0.136986301369863,0.0,0.0,0.136986301369863,0.0,0.0,0.0,0.0,0.3150684931506849
CoFeMnTiVZr2.6,6,6,0.103851940902212,-21.0526315789474,1.70126275294079,5.71052631578947,1.94541153455539,0.204587281321861,1.56421052631579,1941.42105263158,1.3044244278803119,IM,IM,False,False,True,False,0,,Co+Fe+Mn+Ti+V+Zr,Co+Fe+Mn+Ti+V+Zr,0.0,0.0,0.0,0.0,0.0,0.0,0.0,0.0,0.0,0.0,0.0,0.0,0.0,0.0,0.13157894736842105,0.0,0.0,0.0,0.0,0.0,0.0,0.0,0.13157894736842105,0.0,0.0,0.0,0.0,0.0,0.0,0.0,0.0,0.0,0.0,0.0,0.0,0.0,0.0,0.0,0.13157894736842105,0.0,0.0,0.0,0.0,0.0,0.0,0.0,0.0,0.0,0.0,0.0,0.0,0.0,0.0,0.0,0.0,0.0,0.0,0.0,0.0,0.0,0.0,0.0,0.0,0.0,0.0,0.0,0.0,0.0,0.0,0.13157894736842105,0.0,0.0,0.13157894736842105,0.0,0.0,0.0,0.0,0.34210526315789475
CoFeMnTiVZr3,6,6,0.104397592951741,-21.125,1.66746193342929,5.625,1.93245310421754,0.205836707124847,1.5525,1950.75,1.2802506682454062,IM,IM,False,False,True,False,0,,Co+Fe+Mn+Ti+V+Zr,Co+Fe+Mn+Ti+V+Zr,0.0,0.0,0.0,0.0,0.0,0.0,0.0,0.0,0.0,0.0,0.0,0.0,0.0,0.0,0.125,0.0,0.0,0.0,0.0,0.0,0.0,0.0,0.125,0.0,0.0,0.0,0.0,0.0,0.0,0.0,0.0,0.0,0.0,0.0,0.0,0.0,0.0,0.0,0.125,0.0,0.0,0.0,0.0,0.0,0.0,0.0,0.0,0.0,0.0,0.0,0.0,0.0,0.0,0.0,0.0,0.0,0.0,0.0,0.0,0.0,0.0,0.0,0.0,0.0,0.0,0.0,0.0,0.0,0.0,0.125,0.0,0.0,0.125,0.0,0.0,0.0,0.0,0.375
CoHfNbNiTiZr,6,6,0.0984996201817696,-30.5555555555556,1.79175946922805,6.0,2.51661147842358,0.238304194022868,1.59333333333333,2136.83333333333,1.0418240023073384,IM,IM,False,False,True,False,0,,Co+Hf+Nb+Ni+Ti+Zr,Co+Hf+Nb+Ni+Ti+Zr,0.0,0.0,0.0,0.0,0.0,0.0,0.0,0.0,0.0,0.0,0.0,0.0,0.0,0.0,0.16666666666666666,0.0,0.0,0.0,0.0,0.0,0.0,0.0,0.0,0.0,0.0,0.0,0.0,0.16666666666666666,0.0,0.0,0.0,0.0,0.0,0.0,0.0,0.0,0.0,0.0,0.0,0.0,0.0,0.0,0.16666666666666666,0.0,0.0,0.16666666666666666,0.0,0.0,0.0,0.0,0.0,0.0,0.0,0.0,0.0,0.0,0.0,0.0,0.0,0.0,0.0,0.0,0.0,0.0,0.0,0.0,0.0,0.0,0.0,0.16666666666666666,0.0,0.0,0.0,0.0,0.0,0.0,0.0,0.16666666666666666
CrFeNiTiVZr,6,6,0.100340625228715,-20.8888888888889,1.79175946922805,6.16666666666667,2.19215773966098,0.189296944860009,1.65,1995.16666666667,1.422910990942316,IM,IM,False,False,True,False,0,,Cr+Fe+Ni+Ti+V+Zr,Cr+Fe+Ni+Ti+V+Zr,0.0,0.0,0.0,0.0,0.0,0.0,0.0,0.0,0.0,0.0,0.0,0.0,0.0,0.0,0.0,0.16666666666666666,0.0,0.0,0.0,0.0,0.0,0.0,0.16666666666666666,0.0,0.0,0.0,0.0,0.0,0.0,0.0,0.0,0.0,0.0,0.0,0.0,0.0,0.0,0.0,0.0,0.0,0.0,0.0,0.0,0.0,0.0,0.16666666666666666,0.0,0.0,0.0,0.0,0.0,0.0,0.0,0.0,0.0,0.0,0.0,0.0,0.0,0.0,0.0,0.0,0.0,0.0,0.0,0.0,0.0,0.0,0.0,0.16666666666666666,0.0,0.0,0.16666666666666666,0.0,0.0,0.0,0.0,0.16666666666666666
CrMo0.5NbTa0.5TiZr,6,6,0.0804235571388163,-4.92,1.74806734854609,4.9,0.830662386291808,0.219809008004677,1.592,2418.4,7.144229171387462,SS+IM,BCC+IM,False,True,True,False,0,,Cr+Mo+Nb+Ta+Ti+Zr,Cr+Mo+Nb+Ta+Ti+Zr,0.0,0.0,0.0,0.0,0.0,0.0,0.0,0.0,0.0,0.0,0.0,0.0,0.0,0.0,0.0,0.2,0.0,0.0,0.0,0.0,0.0,0.0,0.0,0.0,0.0,0.0,0.0,0.0,0.0,0.0,0.0,0.0,0.0,0.0,0.0,0.0,0.0,0.0,0.0,0.1,0.0,0.0,0.2,0.0,0.0,0.0,0.0,0.0,0.0,0.0,0.0,0.0,0.0,0.0,0.0,0.0,0.0,0.0,0.0,0.0,0.0,0.0,0.0,0.0,0.0,0.0,0.1,0.0,0.0,0.2,0.0,0.0,0.0,0.0,0.0,0.0,0.0,0.2
CrNbMo0.5Ta0.5TiZr,6,6,0.0804235571388163,-4.92,1.74806734854609,4.9,0.830662386291808,0.219809008004677,1.592,2418.4,7.144229171387462,IM,IM,False,False,True,False,0,,Cr+Mo+Nb+Ta+Ti+Zr,Cr+Mo+Nb+Ta+Ti+Zr,0.0,0.0,0.0,0.0,0.0,0.0,0.0,0.0,0.0,0.0,0.0,0.0,0.0,0.0,0.0,0.2,0.0,0.0,0.0,0.0,0.0,0.0,0.0,0.0,0.0,0.0,0.0,0.0,0.0,0.0,0.0,0.0,0.0,0.0,0.0,0.0,0.0,0.0,0.0,0.1,0.0,0.0,0.2,0.0,0.0,0.0,0.0,0.0,0.0,0.0,0.0,0.0,0.0,0.0,0.0,0.0,0.0,0.0,0.0,0.0,0.0,0.0,0.0,0.0,0.0,0.0,0.1,0.0,0.0,0.2,0.0,0.0,0.0,0.0,0.0,0.0,0.0,0.2
Cu0.5NiCoCrAl0.5Fe2,6,6,0.0408415494079153,-3.52777777777778,1.67623493913473,8.0,2.08166599946613,0.101854334986566,1.81083333333333,1740.60333333333,6.876503438915785,SS,FCC,True,False,False,False,1,FCC,Al+Co+Cr+Cu+Fe+Ni,Al+Co+Cr+Cu+Fe+Ni,0.0,0.08333333333333333,0.0,0.0,0.0,0.0,0.0,0.0,0.0,0.0,0.0,0.0,0.0,0.0,0.16666666666666666,0.16666666666666666,0.0,0.08333333333333333,0.0,0.0,0.0,0.0,0.3333333333333333,0.0,0.0,0.0,0.0,0.0,0.0,0.0,0.0,0.0,0.0,0.0,0.0,0.0,0.0,0.0,0.0,0.0,0.0,0.0,0.0,0.0,0.0,0.16666666666666666,0.0,0.0,0.0,0.0,0.0,0.0,0.0,0.0,0.0,0.0,0.0,0.0,0.0,0.0,0.0,0.0,0.0,0.0,0.0,0.0,0.0,0.0,0.0,0.0,0.0,0.0,0.0,0.0,0.0,0.0,0.0,0.0
Cu0.5NiCoCrAl0.5Fe3,6,6,0.0384359989379266,-2.83673469387755,1.57409733684897,8.0,1.92724822331886,0.0945370027976304,1.81357142857143,1750.66,8.076977216975752,SS,FCC,True,False,False,False,1,FCC,Al+Co+Cr+Cu+Fe+Ni,Al+Co+Cr+Cu+Fe+Ni,0.0,0.07142857142857142,0.0,0.0,0.0,0.0,0.0,0.0,0.0,0.0,0.0,0.0,0.0,0.0,0.14285714285714285,0.14285714285714285,0.0,0.07142857142857142,0.0,0.0,0.0,0.0,0.42857142857142855,0.0,0.0,0.0,0.0,0.0,0.0,0.0,0.0,0.0,0.0,0.0,0.0,0.0,0.0,0.0,0.0,0.0,0.0,0.0,0.0,0.0,0.0,0.14285714285714285,0.0,0.0,0.0,0.0,0.0,0.0,0.0,0.0,0.0,0.0,0.0,0.0,0.0,0.0,0.0,0.0,0.0,0.0,0.0,0.0,0.0,0.0,0.0,0.0,0.0,0.0,0.0,0.0,0.0,0.0,0.0,0.0
Cu0.5NiCoCrAl0.5Fe3.5,6,6,0.0373728011639465,-2.57777777777778,1.52269992598575,8.0,1.86189867250253,0.0914233133408663,1.81466666666667,1754.68266666667,8.617903411003377,SS,FCC,True,False,False,False,1,FCC,Al+Co+Cr+Cu+Fe+Ni,Al+Co+Cr+Cu+Fe+Ni,0.0,0.06666666666666667,0.0,0.0,0.0,0.0,0.0,0.0,0.0,0.0,0.0,0.0,0.0,0.0,0.13333333333333333,0.13333333333333333,0.0,0.06666666666666667,0.0,0.0,0.0,0.0,0.4666666666666667,0.0,0.0,0.0,0.0,0.0,0.0,0.0,0.0,0.0,0.0,0.0,0.0,0.0,0.0,0.0,0.0,0.0,0.0,0.0,0.0,0.0,0.0,0.13333333333333333,0.0,0.0,0.0,0.0,0.0,0.0,0.0,0.0,0.0,0.0,0.0,0.0,0.0,0.0,0.0,0.0,0.0,0.0,0.0,0.0,0.0,0.0,0.0,0.0,0.0,0.0,0.0,0.0,0.0,0.0,0.0,0.0
Fe56Co7Ni7Zr8Nb2B20,6,6,0.176394430122226,-27.7096,1.29918109665228,6.83,2.33261655657333,0.174524353601439,1.8365,1953.92,0.7616937632583803,AM,AM,False,False,False,False,0,,B+Co+Fe+Nb+Ni+Zr,B+Co+Fe+Nb+Ni+Zr,0.0,0.0,0.0,0.0,0.2,0.0,0.0,0.0,0.0,0.0,0.0,0.0,0.0,0.0,0.07,0.0,0.0,0.0,0.0,0.0,0.0,0.0,0.56,0.0,0.0,0.0,0.0,0.0,0.0,0.0,0.0,0.0,0.0,0.0,0.0,0.0,0.0,0.0,0.0,0.0,0.0,0.0,0.02,0.0,0.0,0.07,0.0,0.0,0.0,0.0,0.0,0.0,0.0,0.0,0.0,0.0,0.0,0.0,0.0,0.0,0.0,0.0,0.0,0.0,0.0,0.0,0.0,0.0,0.0,0.0,0.0,0.0,0.0,0.0,0.0,0.0,0.0,0.08
Fe61Co7Zr10Mo5W2B15,6,6,0.164396713909825,-24.1064,1.23052253971086,6.78,2.05221831197366,0.206655728205148,1.8421,2012.32,0.8540601201639137,AM,AM,False,False,False,False,0,,B+Co+Fe+Mo+W+Zr,B+Co+Fe+Mo+W+Zr,0.0,0.0,0.0,0.0,0.15,0.0,0.0,0.0,0.0,0.0,0.0,0.0,0.0,0.0,0.07,0.0,0.0,0.0,0.0,0.0,0.0,0.0,0.61,0.0,0.0,0.0,0.0,0.0,0.0,0.0,0.0,0.0,0.0,0.0,0.0,0.0,0.0,0.0,0.0,0.05,0.0,0.0,0.0,0.0,0.0,0.0,0.0,0.0,0.0,0.0,0.0,0.0,0.0,0.0,0.0,0.0,0.0,0.0,0.0,0.0,0.0,0.0,0.0,0.0,0.0,0.0,0.0,0.0,0.0,0.0,0.0,0.0,0.0,0.02,0.0,0.0,0.0,0.1
FeMoNiTiVZr,6,6,0.0930257695340689,-19.7777777777778,1.79175946922805,6.16666666666667,2.19215773966098,0.268741924943285,1.73333333333333,2114.5,1.5927370769209126,SS+IM,BCC+IM,False,True,True,False,0,,Fe+Mo+Ni+Ti+V+Zr,Fe+Mo+Ni+Ti+V+Zr,0.0,0.0,0.0,0.0,0.0,0.0,0.0,0.0,0.0,0.0,0.0,0.0,0.0,0.0,0.0,0.0,0.0,0.0,0.0,0.0,0.0,0.0,0.16666666666666666,0.0,0.0,0.0,0.0,0.0,0.0,0.0,0.0,0.0,0.0,0.0,0.0,0.0,0.0,0.0,0.0,0.16666666666666666,0.0,0.0,0.0,0.0,0.0,0.16666666666666666,0.0,0.0,0.0,0.0,0.0,0.0,0.0,0.0,0.0,0.0,0.0,0.0,0.0,0.0,0.0,0.0,0.0,0.0,0.0,0.0,0.0,0.0,0.0,0.16666666666666666,0.0,0.0,0.16666666666666666,0.0,0.0,0.0,0.0,0.16666666666666666
Hf0.5Mo0.5NbSi0.1TiZr,6,6,0.0669075605659153,-6.47233789411065,1.63620787367596,4.48780487804878,0.702676111750631,0.261445894935423,1.55853658536585,2363.09756097561,4.9669882576869595,SS+IM,BCC+IM,False,True,True,False,0,,Hf+Mo+Nb+Si+Ti+Zr,Hf+Mo+Nb+Si+Ti+Zr,0.0,0.0,0.0,0.0,0.0,0.0,0.0,0.0,0.0,0.0,0.0,0.0,0.0,0.0,0.0,0.0,0.0,0.0,0.0,0.0,0.0,0.0,0.0,0.0,0.0,0.0,0.0,0.12195121951219513,0.0,0.0,0.0,0.0,0.0,0.0,0.0,0.0,0.0,0.0,0.0,0.12195121951219513,0.0,0.0,0.24390243902439027,0.0,0.0,0.0,0.0,0.0,0.0,0.0,0.0,0.0,0.0,0.0,0.0,0.0,0.0,0.0,0.0,0.0,0.0,0.0,0.02439024390243903,0.0,0.0,0.0,0.0,0.0,0.0,0.24390243902439027,0.0,0.0,0.0,0.0,0.0,0.0,0.0,0.24390243902439027
Hf0.5Mo0.5NbSi0.3TiZr,6,6,0.0812338958818253,-17.2201189832342,1.70381014406178,4.46511627906977,0.693787622798898,0.265227434878081,1.57441860465116,2331.6511627907,1.9181510907568418,SS+IM,BCC+IM,False,True,True,False,0,,Hf+Mo+Nb+Si+Ti+Zr,Hf+Mo+Nb+Si+Ti+Zr,0.0,0.0,0.0,0.0,0.0,0.0,0.0,0.0,0.0,0.0,0.0,0.0,0.0,0.0,0.0,0.0,0.0,0.0,0.0,0.0,0.0,0.0,0.0,0.0,0.0,0.0,0.0,0.11627906976744186,0.0,0.0,0.0,0.0,0.0,0.0,0.0,0.0,0.0,0.0,0.0,0.11627906976744186,0.0,0.0,0.23255813953488372,0.0,0.0,0.0,0.0,0.0,0.0,0.0,0.0,0.0,0.0,0.0,0.0,0.0,0.0,0.0,0.0,0.0,0.0,0.0,0.06976744186046512,0.0,0.0,0.0,0.0,0.0,0.0,0.23255813953488372,0.0,0.0,0.0,0.0,0.0,0.0,0.0,0.23255813953488372
Hf0.5Mo0.5NbSi0.5TiZr,6,6,0.0917394760469664,-26.0740740740741,1.73512645696292,4.44444444444445,0.684934889218775,0.267807743828144,1.58888888888889,2303.0,1.2742374354242467,SS+IM,BCC+IM,False,True,True,False,0,,Hf+Mo+Nb+Si+Ti+Zr,Hf+Mo+Nb+Si+Ti+Zr,0.0,0.0,0.0,0.0,0.0,0.0,0.0,0.0,0.0,0.0,0.0,0.0,0.0,0.0,0.0,0.0,0.0,0.0,0.0,0.0,0.0,0.0,0.0,0.0,0.0,0.0,0.0,0.1111111111111111,0.0,0.0,0.0,0.0,0.0,0.0,0.0,0.0,0.0,0.0,0.0,0.1111111111111111,0.0,0.0,0.2222222222222222,0.0,0.0,0.0,0.0,0.0,0.0,0.0,0.0,0.0,0.0,0.0,0.0,0.0,0.0,0.0,0.0,0.0,0.0,0.0,0.1111111111111111,0.0,0.0,0.0,0.0,0.0,0.0,0.2222222222222222,0.0,0.0,0.0,0.0,0.0,0.0,0.0,0.2222222222222222
Hf0.5Mo0.5NbSi0.7TiZr,6,6,0.099873404049269,-33.3906745133545,1.74816243240049,4.42553191489362,0.676180790726413,0.269467056133641,1.60212765957447,2276.78723404255,0.9910902954821227,SS+IM,BCC+IM,False,True,True,False,0,,Hf+Mo+Nb+Si+Ti+Zr,Hf+Mo+Nb+Si+Ti+Zr,0.0,0.0,0.0,0.0,0.0,0.0,0.0,0.0,0.0,0.0,0.0,0.0,0.0,0.0,0.0,0.0,0.0,0.0,0.0,0.0,0.0,0.0,0.0,0.0,0.0,0.0,0.0,0.10638297872340426,0.0,0.0,0.0,0.0,0.0,0.0,0.0,0.0,0.0,0.0,0.0,0.10638297872340426,0.0,0.0,0.2127659574468085,0.0,0.0,0.0,0.0,0.0,0.0,0.0,0.0,0.0,0.0,0.0,0.0,0.0,0.0,0.0,0.0,0.0,0.0,0.0,0.14893617021276595,0.0,0.0,0.0,0.0,0.0,0.0,0.2127659574468085,0.0,0.0,0.0,0.0,0.0,0.0,0.0,0.2127659574468085
Hf0.5Mo0.5NbSi0.9TiZr,6,6,0.106362952201949,-39.4502290712203,1.75004574484148,4.40816326530612,0.667568458522291,0.270411628780258,1.61428571428571,2252.71428571429,0.8308835673042348,SS+IM,BCC+IM,False,True,True,False,0,,Hf+Mo+Nb+Si+Ti+Zr,Hf+Mo+Nb+Si+Ti+Zr,0.0,0.0,0.0,0.0,0.0,0.0,0.0,0.0,0.0,0.0,0.0,0.0,0.0,0.0,0.0,0.0,0.0,0.0,0.0,0.0,0.0,0.0,0.0,0.0,0.0,0.0,0.0,0.1020408163265306,0.0,0.0,0.0,0.0,0.0,0.0,0.0,0.0,0.0,0.0,0.0,0.1020408163265306,0.0,0.0,0.2040816326530612,0.0,0.0,0.0,0.0,0.0,0.0,0.0,0.0,0.0,0.0,0.0,0.0,0.0,0.0,0.0,0.0,0.0,0.0,0.0,0.18367346938775508,0.0,0.0,0.0,0.0,0.0,0.0,0.2040816326530612,0.0,0.0,0.0,0.0,0.0,0.0,0.0,0.2040816326530612
HfMo0.25NbTaTiZr,6,6,0.052727167991382,1.56009070294785,1.72424209379972,4.47619047619048,0.587087047901807,0.189533380949982,1.48761904761905,2540.7619047619,23.3478314113017,SS,BCC,False,True,False,False,1,BCC,Hf+Mo+Nb+Ta+Ti+Zr,Hf+Mo+Nb+Ta+Ti+Zr,0.0,0.0,0.0,0.0,0.0,0.0,0.0,0.0,0.0,0.0,0.0,0.0,0.0,0.0,0.0,0.0,0.0,0.0,0.0,0.0,0.0,0.0,0.0,0.0,0.0,0.0,0.0,0.19047619047619047,0.0,0.0,0.0,0.0,0.0,0.0,0.0,0.0,0.0,0.0,0.0,0.047619047619047616,0.0,0.0,0.19047619047619047,0.0,0.0,0.0,0.0,0.0,0.0,0.0,0.0,0.0,0.0,0.0,0.0,0.0,0.0,0.0,0.0,0.0,0.0,0.0,0.0,0.0,0.0,0.0,0.19047619047619047,0.0,0.0,0.19047619047619047,0.0,0.0,0.0,0.0,0.0,0.0,0.0,0.19047619047619047
HfMo0.5NbTaTiZr,6,6,0.0548692891705859,0.59504132231405,1.76776147228933,4.54545454545455,0.655554777357089,0.232176194137054,1.51818181818182,2556.90909090909,63.157657036599204,SS,BCC,False,True,False,False,1,BCC,Hf+Mo+Nb+Ta+Ti+Zr,Hf+Mo+Nb+Ta+Ti+Zr,0.0,0.0,0.0,0.0,0.0,0.0,0.0,0.0,0.0,0.0,0.0,0.0,0.0,0.0,0.0,0.0,0.0,0.0,0.0,0.0,0.0,0.0,0.0,0.0,0.0,0.0,0.0,0.18181818181818182,0.0,0.0,0.0,0.0,0.0,0.0,0.0,0.0,0.0,0.0,0.0,0.09090909090909091,0.0,0.0,0.18181818181818182,0.0,0.0,0.0,0.0,0.0,0.0,0.0,0.0,0.0,0.0,0.0,0.0,0.0,0.0,0.0,0.0,0.0,0.0,0.0,0.0,0.0,0.0,0.0,0.18181818181818182,0.0,0.0,0.18181818181818182,0.0,0.0,0.0,0.0,0.0,0.0,0.0,0.18181818181818182
HfMo0.75NbTaTiZr,6,6,0.0565342495871315,-0.2117202268431,1.78672360338993,4.60869565217391,0.706438122142257,0.262094226840103,1.54608695652174,2571.65217391304,180.44358097842922,SS,BCC,False,True,False,False,1,BCC,Hf+Mo+Nb+Ta+Ti+Zr,Hf+Mo+Nb+Ta+Ti+Zr,0.0,0.0,0.0,0.0,0.0,0.0,0.0,0.0,0.0,0.0,0.0,0.0,0.0,0.0,0.0,0.0,0.0,0.0,0.0,0.0,0.0,0.0,0.0,0.0,0.0,0.0,0.0,0.17391304347826086,0.0,0.0,0.0,0.0,0.0,0.0,0.0,0.0,0.0,0.0,0.0,0.13043478260869565,0.0,0.0,0.17391304347826086,0.0,0.0,0.0,0.0,0.0,0.0,0.0,0.0,0.0,0.0,0.0,0.0,0.0,0.0,0.0,0.0,0.0,0.0,0.0,0.0,0.0,0.0,0.0,0.17391304347826086,0.0,0.0,0.17391304347826086,0.0,0.0,0.0,0.0,0.0,0.0,0.0,0.17391304347826086
HfMoNbTaTiZr,6,6,0.0578337074167797,-0.888888888888889,1.79175946922805,4.66666666666667,0.74535599249993,0.284395069499377,1.57166666666667,2585.16666666667,43.326635280419126,SS,BCC,False,True,False,False,1,BCC,Hf+Mo+Nb+Ta+Ti+Zr,Hf+Mo+Nb+Ta+Ti+Zr,0.0,0.0,0.0,0.0,0.0,0.0,0.0,0.0,0.0,0.0,0.0,0.0,0.0,0.0,0.0,0.0,0.0,0.0,0.0,0.0,0.0,0.0,0.0,0.0,0.0,0.0,0.0,0.16666666666666666,0.0,0.0,0.0,0.0,0.0,0.0,0.0,0.0,0.0,0.0,0.0,0.16666666666666666,0.0,0.0,0.16666666666666666,0.0,0.0,0.0,0.0,0.0,0.0,0.0,0.0,0.0,0.0,0.0,0.0,0.0,0.0,0.0,0.0,0.0,0.0,0.0,0.0,0.0,0.0,0.0,0.16666666666666666,0.0,0.0,0.16666666666666666,0.0,0.0,0.0,0.0,0.0,0.0,0.0,0.16666666666666666
Hf0.5Mo0.5NbTiZrC0.1,6,6,0.0945057517523579,-10.6365258774539,1.63620787367596,4.48780487804878,0.702676111750631,0.298721248482699,1.57439024390244,2415.19512195122,3.0890510468175076,SS+IM,BCC+IM,False,True,True,False,0,,C+Hf+Mo+Nb+Ti+Zr,C+Hf+Mo+Nb+Ti+Zr,0.0,0.0,0.0,0.0,0.0,0.0,0.0,0.0,0.0,0.02439024390243903,0.0,0.0,0.0,0.0,0.0,0.0,0.0,0.0,0.0,0.0,0.0,0.0,0.0,0.0,0.0,0.0,0.0,0.12195121951219513,0.0,0.0,0.0,0.0,0.0,0.0,0.0,0.0,0.0,0.0,0.0,0.12195121951219513,0.0,0.0,0.24390243902439027,0.0,0.0,0.0,0.0,0.0,0.0,0.0,0.0,0.0,0.0,0.0,0.0,0.0,0.0,0.0,0.0,0.0,0.0,0.0,0.0,0.0,0.0,0.0,0.0,0.0,0.0,0.24390243902439027,0.0,0.0,0.0,0.0,0.0,0.0,0.0,0.24390243902439027
Hf0.5Mo0.5NbTiZrC0.3,6,6,0.139242492245416,-28.5776095186587,1.70381014406178,4.46511627906977,0.693787622798898,0.356784661601254,1.61976744186047,2480.67441860465,1.2297002320170975,SS+IM,BCC+IM,False,True,True,False,0,,C+Hf+Mo+Nb+Ti+Zr,C+Hf+Mo+Nb+Ti+Zr,0.0,0.0,0.0,0.0,0.0,0.0,0.0,0.0,0.0,0.06976744186046512,0.0,0.0,0.0,0.0,0.0,0.0,0.0,0.0,0.0,0.0,0.0,0.0,0.0,0.0,0.0,0.0,0.0,0.11627906976744186,0.0,0.0,0.0,0.0,0.0,0.0,0.0,0.0,0.0,0.0,0.0,0.11627906976744186,0.0,0.0,0.23255813953488372,0.0,0.0,0.0,0.0,0.0,0.0,0.0,0.0,0.0,0.0,0.0,0.0,0.0,0.0,0.0,0.0,0.0,0.0,0.0,0.0,0.0,0.0,0.0,0.0,0.0,0.0,0.23255813953488372,0.0,0.0,0.0,0.0,0.0,0.0,0.0,0.23255813953488372
HfNbSi0.5TiVZr,6,6,0.0942349354168388,-21.7520661157025,1.76776147228933,4.36363636363636,0.481045692920835,0.178672792954464,1.51818181818182,2245.72727272727,1.517449853425107,SS+IM,BCC+IM,False,True,True,False,0,,Hf+Nb+Si+Ti+V+Zr,Hf+Nb+Si+Ti+V+Zr,0.0,0.0,0.0,0.0,0.0,0.0,0.0,0.0,0.0,0.0,0.0,0.0,0.0,0.0,0.0,0.0,0.0,0.0,0.0,0.0,0.0,0.0,0.0,0.0,0.0,0.0,0.0,0.18181818181818182,0.0,0.0,0.0,0.0,0.0,0.0,0.0,0.0,0.0,0.0,0.0,0.0,0.0,0.0,0.18181818181818182,0.0,0.0,0.0,0.0,0.0,0.0,0.0,0.0,0.0,0.0,0.0,0.0,0.0,0.0,0.0,0.0,0.0,0.0,0.0,0.09090909090909091,0.0,0.0,0.0,0.0,0.0,0.0,0.18181818181818182,0.0,0.0,0.18181818181818182,0.0,0.0,0.0,0.0,0.18181818181818182
Mg65Cu7.5Ni7.5Zn5Ag5Y10,6,6,0.0961426218721544,-7.35,1.19838070693177,4.325,3.82352912895927,0.249938867525641,1.43825,1107.66325,1.5015832028754703,AM,AM,False,False,False,False,0,,Ag+Cu+Mg+Ni+Y+Zn,Ag+Cu+Mg+Ni+Y+Zn,0.05,0.0,0.0,0.0,0.0,0.0,0.0,0.0,0.0,0.0,0.0,0.0,0.0,0.0,0.0,0.0,0.0,0.075,0.0,0.0,0.0,0.0,0.0,0.0,0.0,0.0,0.0,0.0,0.0,0.0,0.0,0.0,0.0,0.0,0.0,0.0,0.0,0.65,0.0,0.0,0.0,0.0,0.0,0.0,0.0,0.075,0.0,0.0,0.0,0.0,0.0,0.0,0.0,0.0,0.0,0.0,0.0,0.0,0.0,0.0,0.0,0.0,0.0,0.0,0.0,0.0,0.0,0.0,0.0,0.0,0.0,0.0,0.0,0.0,0.1,0.0,0.05,0.0
NbCrFeMnCoNi,6,6,0.0549463067622443,-12.0,1.79175946922805,7.5,1.70782512765993,0.140643362998598,1.73833333333333,1959.33333333333,2.4324334909591316,SS+IM,SS+IM,False,False,True,False,0,,Co+Cr+Fe+Mn+Nb+Ni,Co+Cr+Fe+Mn+Nb+Ni,0.0,0.0,0.0,0.0,0.0,0.0,0.0,0.0,0.0,0.0,0.0,0.0,0.0,0.0,0.16666666666666666,0.16666666666666666,0.0,0.0,0.0,0.0,0.0,0.0,0.16666666666666666,0.0,0.0,0.0,0.0,0.0,0.0,0.0,0.0,0.0,0.0,0.0,0.0,0.0,0.0,0.0,0.16666666666666666,0.0,0.0,0.0,0.16666666666666666,0.0,0.0,0.16666666666666666,0.0,0.0,0.0,0.0,0.0,0.0,0.0,0.0,0.0,0.0,0.0,0.0,0.0,0.0,0.0,0.0,0.0,0.0,0.0,0.0,0.0,0.0,0.0,0.0,0.0,0.0,0.0,0.0,0.0,0.0,0.0,0.0
Ni58.2Al10Co13.8Cr6.3Fe4.9Ti6.8,6,6,0.0578727340065091,-15.825468,1.32334824492987,8.404,2.47846404048959,0.128250688497177,1.83103,1701.094,1.182714936272237,SS+IM,FCC+L12,True,False,True,False,0,,Al+Co+Cr+Fe+Ni+Ti,Al+Co+Cr+Fe+Ni+Ti,0.0,0.1,0.0,0.0,0.0,0.0,0.0,0.0,0.0,0.0,0.0,0.0,0.0,0.0,0.138,0.063,0.0,0.0,0.0,0.0,0.0,0.0,0.049,0.0,0.0,0.0,0.0,0.0,0.0,0.0,0.0,0.0,0.0,0.0,0.0,0.0,0.0,0.0,0.0,0.0,0.0,0.0,0.0,0.0,0.0,0.5820000000000001,0.0,0.0,0.0,0.0,0.0,0.0,0.0,0.0,0.0,0.0,0.0,0.0,0.0,0.0,0.0,0.0,0.0,0.0,0.0,0.0,0.0,0.0,0.0,0.068,0.0,0.0,0.0,0.0,0.0,0.0,0.0,0.0
Ni50.5Al8.9Co17.2Cr9.2Fe8.2Ti6,6,6,0.0552452525745274,-14.266896,1.4564793841825,8.313,2.37634824888946,0.125145098186066,1.82638,1725.33683,1.464478244786835,SS+IM,FCC+L12,True,False,True,False,0,,Al+Co+Cr+Fe+Ni+Ti,Al+Co+Cr+Fe+Ni+Ti,0.0,0.08900000000000001,0.0,0.0,0.0,0.0,0.0,0.0,0.0,0.0,0.0,0.0,0.0,0.0,0.172,0.092,0.0,0.0,0.0,0.0,0.0,0.0,0.08199999999999999,0.0,0.0,0.0,0.0,0.0,0.0,0.0,0.0,0.0,0.0,0.0,0.0,0.0,0.0,0.0,0.0,0.0,0.0,0.0,0.0,0.0,0.0,0.505,0.0,0.0,0.0,0.0,0.0,0.0,0.0,0.0,0.0,0.0,0.0,0.0,0.0,0.0,0.0,0.0,0.0,0.0,0.0,0.0,0.0,0.0,0.0,0.06,0.0,0.0,0.0,0.0,0.0,0.0,0.0,0.0
Ni60Cr5Mo5Nb5P16B4,6,6,0.10045911112307,-31.0927423822715,1.18852068717787,8.17894736842106,2.44078911902395,0.155672075253882,1.94631578947368,1655.60842105263,0.5261862905365532,AM,AM,False,False,False,False,0,,B+Cr+Mo+Nb+Ni+P,B+Cr+Mo+Nb+Ni+P,0.0,0.0,0.0,0.0,0.042105263157894736,0.0,0.0,0.0,0.0,0.0,0.0,0.0,0.0,0.0,0.0,0.05263157894736842,0.0,0.0,0.0,0.0,0.0,0.0,0.0,0.0,0.0,0.0,0.0,0.0,0.0,0.0,0.0,0.0,0.0,0.0,0.0,0.0,0.0,0.0,0.0,0.05263157894736842,0.0,0.0,0.05263157894736842,0.0,0.0,0.631578947368421,0.0,0.0,0.0,0.16842105263157894,0.0,0.0,0.0,0.0,0.0,0.0,0.0,0.0,0.0,0.0,0.0,0.0,0.0,0.0,0.0,0.0,0.0,0.0,0.0,0.0,0.0,0.0,0.0,0.0,0.0,0.0,0.0,0.0
Ni39.8Cu5.97Ti15.92Zr29.86Al9.95Si0.5,6,6,0.108441200367454,-43.7284643214148,1.4359635059873,6.65333333333333,3.15790614835686,0.249713613125824,1.65255980392157,1778.96679803922,0.4857146520989113,AM,AM,False,False,False,False,0,,Al+Cu+Ni+Si+Ti+Zr,Al+Cu+Ni+Si+Ti+Zr,0.0,0.09754901960784312,0.0,0.0,0.0,0.0,0.0,0.0,0.0,0.0,0.0,0.0,0.0,0.0,0.0,0.0,0.0,0.05852941176470588,0.0,0.0,0.0,0.0,0.0,0.0,0.0,0.0,0.0,0.0,0.0,0.0,0.0,0.0,0.0,0.0,0.0,0.0,0.0,0.0,0.0,0.0,0.0,0.0,0.0,0.0,0.0,0.3901960784313725,0.0,0.0,0.0,0.0,0.0,0.0,0.0,0.0,0.0,0.0,0.0,0.0,0.0,0.0,0.0,0.0,0.004901960784313725,0.0,0.0,0.0,0.0,0.0,0.0,0.156078431372549,0.0,0.0,0.0,0.0,0.0,0.0,0.0,0.29274509803921567
Ni65Nb5Cr5Mo5P14B6,6,6,0.107040659400644,-28.9532,1.17342917939099,8.23,2.48135043877321,0.148501683492141,1.9415,1699.862,0.5728067982812984,AM,AM,False,False,False,False,0,,B+Cr+Mo+Nb+Ni+P,B+Cr+Mo+Nb+Ni+P,0.0,0.0,0.0,0.0,0.06,0.0,0.0,0.0,0.0,0.0,0.0,0.0,0.0,0.0,0.0,0.05,0.0,0.0,0.0,0.0,0.0,0.0,0.0,0.0,0.0,0.0,0.0,0.0,0.0,0.0,0.0,0.0,0.0,0.0,0.0,0.0,0.0,0.0,0.0,0.05,0.0,0.0,0.05,0.0,0.0,0.65,0.0,0.0,0.0,0.14,0.0,0.0,0.0,0.0,0.0,0.0,0.0,0.0,0.0,0.0,0.0,0.0,0.0,0.0,0.0,0.0,0.0,0.0,0.0,0.0,0.0,0.0,0.0,0.0,0.0,0.0,0.0,0.0
SrCaYbLi0.55Mg0.45Zn,6,6,0.157091251857381,-12.152,1.74706567517682,4.09,3.99273089501409,0.26122118979899,1.1657,923.9075,1.1043942782883163,AM,AM,False,False,False,False,0,,Ca+Li+Mg+Sr+Yb+Zn,Ca+Li+Mg+Sr+Yb+Zn,0.0,0.0,0.0,0.0,0.0,0.0,0.0,0.0,0.0,0.0,0.2,0.0,0.0,0.0,0.0,0.0,0.0,0.0,0.0,0.0,0.0,0.0,0.0,0.0,0.0,0.0,0.0,0.0,0.0,0.0,0.0,0.0,0.0,0.0,0.0,0.11000000000000001,0.0,0.09,0.0,0.0,0.0,0.0,0.0,0.0,0.0,0.0,0.0,0.0,0.0,0.0,0.0,0.0,0.0,0.0,0.0,0.0,0.0,0.0,0.0,0.0,0.0,0.0,0.0,0.0,0.0,0.2,0.0,0.0,0.0,0.0,0.0,0.0,0.0,0.0,0.0,0.2,0.2,0.0
SrCaYbMgZn0.5Cu0.5,6,6,0.163688622260901,-10.6,1.74806734854609,4.1,3.72692903071685,0.305681206488067,1.227,1042.045,1.428804978324214,AM,AM,False,False,False,False,0,,Ca+Cu+Mg+Sr+Yb+Zn,Ca+Cu+Mg+Sr+Yb+Zn,0.0,0.0,0.0,0.0,0.0,0.0,0.0,0.0,0.0,0.0,0.2,0.0,0.0,0.0,0.0,0.0,0.0,0.1,0.0,0.0,0.0,0.0,0.0,0.0,0.0,0.0,0.0,0.0,0.0,0.0,0.0,0.0,0.0,0.0,0.0,0.0,0.0,0.2,0.0,0.0,0.0,0.0,0.0,0.0,0.0,0.0,0.0,0.0,0.0,0.0,0.0,0.0,0.0,0.0,0.0,0.0,0.0,0.0,0.0,0.0,0.0,0.0,0.0,0.0,0.0,0.2,0.0,0.0,0.0,0.0,0.0,0.0,0.0,0.0,0.0,0.2,0.1,0.0
SrCaYbMgZnCu,6,6,0.181418081695063,-13.1111111111111,1.79175946922805,5.33333333333333,4.38431547932197,0.349543352898543,1.31833333333333,1039.24166666667,1.1808397013351493,AM,AM,False,False,False,False,0,,Ca+Cu+Mg+Sr+Yb+Zn,Ca+Cu+Mg+Sr+Yb+Zn,0.0,0.0,0.0,0.0,0.0,0.0,0.0,0.0,0.0,0.0,0.16666666666666666,0.0,0.0,0.0,0.0,0.0,0.0,0.16666666666666666,0.0,0.0,0.0,0.0,0.0,0.0,0.0,0.0,0.0,0.0,0.0,0.0,0.0,0.0,0.0,0.0,0.0,0.0,0.0,0.16666666666666666,0.0,0.0,0.0,0.0,0.0,0.0,0.0,0.0,0.0,0.0,0.0,0.0,0.0,0.0,0.0,0.0,0.0,0.0,0.0,0.0,0.0,0.0,0.0,0.0,0.0,0.0,0.0,0.16666666666666666,0.0,0.0,0.0,0.0,0.0,0.0,0.0,0.0,0.0,0.16666666666666666,0.16666666666666666,0.0
Ti2CrCuFeCoNi,6,6,0.0724060301808486,-14.0408163265306,1.74786809746676,7.42857142857143,2.61080955464244,0.154774358473283,1.75142857142857,1818.11,1.8817877539780032,SS+IM,SS+IM,False,False,True,False,0,,Co+Cr+Cu+Fe+Ni+Ti,Co+Cr+Cu+Fe+Ni+Ti,0.0,0.0,0.0,0.0,0.0,0.0,0.0,0.0,0.0,0.0,0.0,0.0,0.0,0.0,0.14285714285714285,0.14285714285714285,0.0,0.14285714285714285,0.0,0.0,0.0,0.0,0.14285714285714285,0.0,0.0,0.0,0.0,0.0,0.0,0.0,0.0,0.0,0.0,0.0,0.0,0.0,0.0,0.0,0.0,0.0,0.0,0.0,0.0,0.0,0.0,0.14285714285714285,0.0,0.0,0.0,0.0,0.0,0.0,0.0,0.0,0.0,0.0,0.0,0.0,0.0,0.0,0.0,0.0,0.0,0.0,0.0,0.0,0.0,0.0,0.0,0.2857142857142857,0.0,0.0,0.0,0.0,0.0,0.0,0.0,0.0
TiCrFeMnCoNi,6,6,0.0629275344381334,-13.4444444444444,1.79175946922805,7.33333333333333,1.97202659436654,0.151813116107345,1.72833333333333,1824.5,2.0216915701616145,SS+IM,SS+IM,False,False,True,False,0,,Co+Cr+Fe+Mn+Ni+Ti,Co+Cr+Fe+Mn+Ni+Ti,0.0,0.0,0.0,0.0,0.0,0.0,0.0,0.0,0.0,0.0,0.0,0.0,0.0,0.0,0.16666666666666666,0.16666666666666666,0.0,0.0,0.0,0.0,0.0,0.0,0.16666666666666666,0.0,0.0,0.0,0.0,0.0,0.0,0.0,0.0,0.0,0.0,0.0,0.0,0.0,0.0,0.0,0.16666666666666666,0.0,0.0,0.0,0.0,0.0,0.0,0.16666666666666666,0.0,0.0,0.0,0.0,0.0,0.0,0.0,0.0,0.0,0.0,0.0,0.0,0.0,0.0,0.0,0.0,0.0,0.0,0.0,0.0,0.0,0.0,0.0,0.16666666666666666,0.0,0.0,0.0,0.0,0.0,0.0,0.0,0.0
Ti45Cu25Ni15Sn3Be7Zr5,6,6,0.0947965900454974,-21.198,1.43160160449345,6.51,3.41026391940565,0.195153554925346,1.6897,1702.8449,0.9561731993872084,AM,AM,False,False,False,False,0,,Be+Cu+Ni+Sn+Ti+Zr,Be+Cu+Ni+Sn+Ti+Zr,0.0,0.0,0.0,0.0,0.0,0.0,0.07,0.0,0.0,0.0,0.0,0.0,0.0,0.0,0.0,0.0,0.0,0.25,0.0,0.0,0.0,0.0,0.0,0.0,0.0,0.0,0.0,0.0,0.0,0.0,0.0,0.0,0.0,0.0,0.0,0.0,0.0,0.0,0.0,0.0,0.0,0.0,0.0,0.0,0.0,0.15,0.0,0.0,0.0,0.0,0.0,0.0,0.0,0.0,0.0,0.0,0.0,0.0,0.0,0.0,0.0,0.0,0.0,0.0,0.03,0.0,0.0,0.0,0.0,0.45,0.0,0.0,0.0,0.0,0.0,0.0,0.0,0.05
Ti50Ni24Cu20BSi2Sn3,6,6,0.0909879119872682,-25.9576,1.24045799700847,6.83,3.23126910052382,0.186313284550512,1.7256,1729.1564,0.6870462744615111,AM,AM,False,False,False,False,0,,B+Cu+Ni+Si+Sn+Ti,B+Cu+Ni+Si+Sn+Ti,0.0,0.0,0.0,0.0,0.01,0.0,0.0,0.0,0.0,0.0,0.0,0.0,0.0,0.0,0.0,0.0,0.0,0.2,0.0,0.0,0.0,0.0,0.0,0.0,0.0,0.0,0.0,0.0,0.0,0.0,0.0,0.0,0.0,0.0,0.0,0.0,0.0,0.0,0.0,0.0,0.0,0.0,0.0,0.0,0.0,0.24,0.0,0.0,0.0,0.0,0.0,0.0,0.0,0.0,0.0,0.0,0.0,0.0,0.0,0.0,0.0,0.0,0.02,0.0,0.03,0.0,0.0,0.0,0.0,0.5,0.0,0.0,0.0,0.0,0.0,0.0,0.0,0.0
ZrHfTiAlCuNi,6,6,0.0943737851413629,-34.1111111111111,1.79175946922805,6.0,3.21455025366432,0.242447015975771,1.59833333333333,1765.70666666667,0.7711459536703327,SS+IM,SS+IM,False,False,True,False,0,,Al+Cu+Hf+Ni+Ti+Zr,Al+Cu+Hf+Ni+Ti+Zr,0.0,0.16666666666666666,0.0,0.0,0.0,0.0,0.0,0.0,0.0,0.0,0.0,0.0,0.0,0.0,0.0,0.0,0.0,0.16666666666666666,0.0,0.0,0.0,0.0,0.0,0.0,0.0,0.0,0.0,0.16666666666666666,0.0,0.0,0.0,0.0,0.0,0.0,0.0,0.0,0.0,0.0,0.0,0.0,0.0,0.0,0.0,0.0,0.0,0.16666666666666666,0.0,0.0,0.0,0.0,0.0,0.0,0.0,0.0,0.0,0.0,0.0,0.0,0.0,0.0,0.0,0.0,0.0,0.0,0.0,0.0,0.0,0.0,0.0,0.16666666666666666,0.0,0.0,0.0,0.0,0.0,0.0,0.0,0.16666666666666666
AlCoCrCuFeMnNi,7,7,0.0518261284831395,-5.63265306122449,1.94591014905531,7.71428571428571,2.49079939630896,0.140378497103294,1.76285714285714,1613.89142857143,4.635731579064289,SS+IM,FCC+BCC+IM,True,True,True,False,0,,Al+Co+Cr+Cu+Fe+Mn+Ni,Al+Co+Cr+Cu+Fe+Mn+Ni,0.0,0.14285714285714285,0.0,0.0,0.0,0.0,0.0,0.0,0.0,0.0,0.0,0.0,0.0,0.0,0.14285714285714285,0.14285714285714285,0.0,0.14285714285714285,0.0,0.0,0.0,0.0,0.14285714285714285,0.0,0.0,0.0,0.0,0.0,0.0,0.0,0.0,0.0,0.0,0.0,0.0,0.0,0.0,0.0,0.14285714285714285,0.0,0.0,0.0,0.0,0.0,0.0,0.14285714285714285,0.0,0.0,0.0,0.0,0.0,0.0,0.0,0.0,0.0,0.0,0.0,0.0,0.0,0.0,0.0,0.0,0.0,0.0,0.0,0.0,0.0,0.0,0.0,0.0,0.0,0.0,0.0,0.0,0.0,0.0,0.0,0.0
AlCoCrCuFeMo0.2Ni,7,7,0.0530060154620512,-4.47450572320499,1.87646664406505,7.7741935483871,2.64830654861597,0.133440816892371,1.81,1670.55483870968,5.824929891846179,SS,BCC+FCC,True,True,False,False,1,,Al+Co+Cr+Cu+Fe+Mo+Ni,Al+Co+Cr+Cu+Fe+Mo+Ni,0.0,0.16129032258064516,0.0,0.0,0.0,0.0,0.0,0.0,0.0,0.0,0.0,0.0,0.0,0.0,0.16129032258064516,0.16129032258064516,0.0,0.16129032258064516,0.0,0.0,0.0,0.0,0.16129032258064516,0.0,0.0,0.0,0.0,0.0,0.0,0.0,0.0,0.0,0.0,0.0,0.0,0.0,0.0,0.0,0.0,0.03225806451612903,0.0,0.0,0.0,0.0,0.0,0.16129032258064516,0.0,0.0,0.0,0.0,0.0,0.0,0.0,0.0,0.0,0.0,0.0,0.0,0.0,0.0,0.0,0.0,0.0,0.0,0.0,0.0,0.0,0.0,0.0,0.0,0.0,0.0,0.0,0.0,0.0,0.0,0.0,0.0
Al0.2CoCrCu0.8FeNiSi0.2,7,7,0.033328771741767,-4.93491124260355,1.80679131905373,8.30769230769231,2.14420920996405,0.100328602115084,1.82730769230769,1749.48269230769,5.325648323779005,IM,IM,False,False,True,False,0,,Al+Co+Cr+Cu+Fe+Ni+Si,Al+Co+Cr+Cu+Fe+Ni+Si,0.0,0.038461538461538464,0.0,0.0,0.0,0.0,0.0,0.0,0.0,0.0,0.0,0.0,0.0,0.0,0.1923076923076923,0.1923076923076923,0.0,0.15384615384615385,0.0,0.0,0.0,0.0,0.1923076923076923,0.0,0.0,0.0,0.0,0.0,0.0,0.0,0.0,0.0,0.0,0.0,0.0,0.0,0.0,0.0,0.0,0.0,0.0,0.0,0.0,0.0,0.0,0.1923076923076923,0.0,0.0,0.0,0.0,0.0,0.0,0.0,0.0,0.0,0.0,0.0,0.0,0.0,0.0,0.0,0.0,0.038461538461538464,0.0,0.0,0.0,0.0,0.0,0.0,0.0,0.0,0.0,0.0,0.0,0.0,0.0,0.0,0.0
Al0.8CoCrCu0.2FeNiSi0.2,7,7,0.055470532782724,-13.5443786982249,1.80679131905373,7.38461538461538,2.48188704690795,0.117410421601286,1.79384615384615,1700.525,1.8861060723751766,IM,IM,False,False,True,False,0,,Al+Co+Cr+Cu+Fe+Ni+Si,Al+Co+Cr+Cu+Fe+Ni+Si,0.0,0.15384615384615385,0.0,0.0,0.0,0.0,0.0,0.0,0.0,0.0,0.0,0.0,0.0,0.0,0.1923076923076923,0.1923076923076923,0.0,0.038461538461538464,0.0,0.0,0.0,0.0,0.1923076923076923,0.0,0.0,0.0,0.0,0.0,0.0,0.0,0.0,0.0,0.0,0.0,0.0,0.0,0.0,0.0,0.0,0.0,0.0,0.0,0.0,0.0,0.0,0.1923076923076923,0.0,0.0,0.0,0.0,0.0,0.0,0.0,0.0,0.0,0.0,0.0,0.0,0.0,0.0,0.0,0.0,0.038461538461538464,0.0,0.0,0.0,0.0,0.0,0.0,0.0,0.0,0.0,0.0,0.0,0.0,0.0,0.0,0.0
AlCoCrCu0.5FeNiSi,7,7,0.0635471192911174,-22.5798816568047,1.92512119079082,7.0,2.71746488194703,0.117574098504106,1.80615384615385,1659.43923076923,1.1763375250692767,SS,AM,False,False,False,False,1,,Al+Co+Cr+Cu+Fe+Ni+Si,Al+Co+Cr+Cu+Fe+Ni+Si,0.0,0.15384615384615385,0.0,0.0,0.0,0.0,0.0,0.0,0.0,0.0,0.0,0.0,0.0,0.0,0.15384615384615385,0.15384615384615385,0.0,0.07692307692307693,0.0,0.0,0.0,0.0,0.15384615384615385,0.0,0.0,0.0,0.0,0.0,0.0,0.0,0.0,0.0,0.0,0.0,0.0,0.0,0.0,0.0,0.0,0.0,0.0,0.0,0.0,0.0,0.0,0.15384615384615385,0.0,0.0,0.0,0.0,0.0,0.0,0.0,0.0,0.0,0.0,0.0,0.0,0.0,0.0,0.0,0.0,0.15384615384615385,0.0,0.0,0.0,0.0,0.0,0.0,0.0,0.0,0.0,0.0,0.0,0.0,0.0,0.0,0.0
AlCoCrCuFeNiSi,7,7,0.0612583631834261,-18.8571428571429,1.94591014905531,7.28571428571429,2.81395937194174,0.11584648532979,1.81285714285714,1637.89142857143,1.4052907486146042,SS,BCC+FCC,True,True,False,False,1,,Al+Co+Cr+Cu+Fe+Ni+Si,Al+Co+Cr+Cu+Fe+Ni+Si,0.0,0.14285714285714285,0.0,0.0,0.0,0.0,0.0,0.0,0.0,0.0,0.0,0.0,0.0,0.0,0.14285714285714285,0.14285714285714285,0.0,0.14285714285714285,0.0,0.0,0.0,0.0,0.14285714285714285,0.0,0.0,0.0,0.0,0.0,0.0,0.0,0.0,0.0,0.0,0.0,0.0,0.0,0.0,0.0,0.0,0.0,0.0,0.0,0.0,0.0,0.0,0.14285714285714285,0.0,0.0,0.0,0.0,0.0,0.0,0.0,0.0,0.0,0.0,0.0,0.0,0.0,0.0,0.0,0.0,0.14285714285714285,0.0,0.0,0.0,0.0,0.0,0.0,0.0,0.0,0.0,0.0,0.0,0.0,0.0,0.0,0.0
Al0.5CoCrCuFeNiTi1.2 ,7,7,0.0675648488899279,-12.8937402539541,1.92118032074427,7.50746268656716,2.67867830144599,0.144799967261897,1.76611940298507,1737.41865671642,2.1524242589039106,SS+IM,SS+IM,False,False,True,False,0,,Al+Co+Cr+Cu+Fe+Ni+Ti,Al+Co+Cr+Cu+Fe+Ni+Ti,0.0,0.07462686567164178,0.0,0.0,0.0,0.0,0.0,0.0,0.0,0.0,0.0,0.0,0.0,0.0,0.14925373134328357,0.14925373134328357,0.0,0.14925373134328357,0.0,0.0,0.0,0.0,0.14925373134328357,0.0,0.0,0.0,0.0,0.0,0.0,0.0,0.0,0.0,0.0,0.0,0.0,0.0,0.0,0.0,0.0,0.0,0.0,0.0,0.0,0.0,0.0,0.14925373134328357,0.0,0.0,0.0,0.0,0.0,0.0,0.0,0.0,0.0,0.0,0.0,0.0,0.0,0.0,0.0,0.0,0.0,0.0,0.0,0.0,0.0,0.0,0.0,0.1791044776119403,0.0,0.0,0.0,0.0,0.0,0.0,0.0,0.0
Al0.5CoCrCuFeNiTi2.0 ,7,7,0.0730889232976231,-16.6044444444444,1.87627358443028,7.13333333333333,2.75358352374178,0.153631593972941,1.742,1759.134,1.652741462790992,SS+IM,SS+IM,False,False,True,False,0,,Al+Co+Cr+Cu+Fe+Ni+Ti,Al+Co+Cr+Cu+Fe+Ni+Ti,0.0,0.06666666666666667,0.0,0.0,0.0,0.0,0.0,0.0,0.0,0.0,0.0,0.0,0.0,0.0,0.13333333333333333,0.13333333333333333,0.0,0.13333333333333333,0.0,0.0,0.0,0.0,0.13333333333333333,0.0,0.0,0.0,0.0,0.0,0.0,0.0,0.0,0.0,0.0,0.0,0.0,0.0,0.0,0.0,0.0,0.0,0.0,0.0,0.0,0.0,0.0,0.13333333333333333,0.0,0.0,0.0,0.0,0.0,0.0,0.0,0.0,0.0,0.0,0.0,0.0,0.0,0.0,0.0,0.0,0.0,0.0,0.0,0.0,0.0,0.0,0.0,0.26666666666666666,0.0,0.0,0.0,0.0,0.0,0.0,0.0,0.0
Al0.25CoCrCu0.5FeNiTi0.5,7,7,0.0558748493729332,-9.08843537414966,1.85627012819209,7.85714285714286,2.29462548631557,0.128281860867639,1.79095238095238,1784.71476190476,3.030784471229298,SS,FCC,True,False,False,False,1,FCC,Al+Co+Cr+Cu+Fe+Ni+Ti,Al+Co+Cr+Cu+Fe+Ni+Ti,0.0,0.047619047619047616,0.0,0.0,0.0,0.0,0.0,0.0,0.0,0.0,0.0,0.0,0.0,0.0,0.19047619047619047,0.19047619047619047,0.0,0.09523809523809523,0.0,0.0,0.0,0.0,0.19047619047619047,0.0,0.0,0.0,0.0,0.0,0.0,0.0,0.0,0.0,0.0,0.0,0.0,0.0,0.0,0.0,0.0,0.0,0.0,0.0,0.0,0.0,0.0,0.19047619047619047,0.0,0.0,0.0,0.0,0.0,0.0,0.0,0.0,0.0,0.0,0.0,0.0,0.0,0.0,0.0,0.0,0.0,0.0,0.0,0.0,0.0,0.0,0.0,0.09523809523809523,0.0,0.0,0.0,0.0,0.0,0.0,0.0,0.0
Al0.25CoCrCu0.75FeNiTi0.5,7,7,0.0545924974389159,-7.28099173553719,1.87000422585639,8.0,2.33549683248457,0.127374147901837,1.79590909090909,1765.30818181818,3.7696998212571615,SS,FCC,True,False,False,False,1,FCC,Al+Co+Cr+Cu+Fe+Ni+Ti,Al+Co+Cr+Cu+Fe+Ni+Ti,0.0,0.045454545454545456,0.0,0.0,0.0,0.0,0.0,0.0,0.0,0.0,0.0,0.0,0.0,0.0,0.18181818181818182,0.18181818181818182,0.0,0.13636363636363635,0.0,0.0,0.0,0.0,0.18181818181818182,0.0,0.0,0.0,0.0,0.0,0.0,0.0,0.0,0.0,0.0,0.0,0.0,0.0,0.0,0.0,0.0,0.0,0.0,0.0,0.0,0.0,0.0,0.18181818181818182,0.0,0.0,0.0,0.0,0.0,0.0,0.0,0.0,0.0,0.0,0.0,0.0,0.0,0.0,0.0,0.0,0.0,0.0,0.0,0.0,0.0,0.0,0.0,0.09090909090909091,0.0,0.0,0.0,0.0,0.0,0.0,0.0,0.0
Al0.5CoCrCu0.5FeNiTi0.5,7,7,0.0596801745415941,-10.8429752066116,1.89378823239114,7.63636363636364,2.45959077426703,0.130877521445948,1.78272727272727,1746.02181818182,2.535518596951529,SS,FCC+BCC,True,True,False,False,1,,Al+Co+Cr+Cu+Fe+Ni+Ti,Al+Co+Cr+Cu+Fe+Ni+Ti,0.0,0.09090909090909091,0.0,0.0,0.0,0.0,0.0,0.0,0.0,0.0,0.0,0.0,0.0,0.0,0.18181818181818182,0.18181818181818182,0.0,0.09090909090909091,0.0,0.0,0.0,0.0,0.18181818181818182,0.0,0.0,0.0,0.0,0.0,0.0,0.0,0.0,0.0,0.0,0.0,0.0,0.0,0.0,0.0,0.0,0.0,0.0,0.0,0.0,0.0,0.0,0.18181818181818182,0.0,0.0,0.0,0.0,0.0,0.0,0.0,0.0,0.0,0.0,0.0,0.0,0.0,0.0,0.0,0.0,0.0,0.0,0.0,0.0,0.0,0.0,0.0,0.09090909090909091,0.0,0.0,0.0,0.0,0.0,0.0,0.0,0.0
Al0.5CoCrCuFeNiTi,7,7,0.0653474650091307,-11.5976331360947,1.92512119079082,7.61538461538462,2.64686931293619,0.141387879764776,1.77307692307692,1731.15461538462,2.389234354552068,SS+IM,FCC+BCC+IM,True,True,True,False,0,,Al+Co+Cr+Cu+Fe+Ni+Ti,Al+Co+Cr+Cu+Fe+Ni+Ti,0.0,0.07692307692307693,0.0,0.0,0.0,0.0,0.0,0.0,0.0,0.0,0.0,0.0,0.0,0.0,0.15384615384615385,0.15384615384615385,0.0,0.15384615384615385,0.0,0.0,0.0,0.0,0.15384615384615385,0.0,0.0,0.0,0.0,0.0,0.0,0.0,0.0,0.0,0.0,0.0,0.0,0.0,0.0,0.0,0.0,0.0,0.0,0.0,0.0,0.0,0.0,0.15384615384615385,0.0,0.0,0.0,0.0,0.0,0.0,0.0,0.0,0.0,0.0,0.0,0.0,0.0,0.0,0.0,0.0,0.0,0.0,0.0,0.0,0.0,0.0,0.0,0.15384615384615385,0.0,0.0,0.0,0.0,0.0,0.0,0.0,0.0
Al0.5CoCrCuFeNiTi0.2,7,7,0.049313700345085,-4.14896891351185,1.85774006479959,8.12280701754386,2.42841494357871,0.118750030373714,1.80578947368421,1701.70263157895,6.335233435531359,SS,FCC,True,False,False,False,1,FCC,Al+Co+Cr+Cu+Fe+Ni+Ti,Al+Co+Cr+Cu+Fe+Ni+Ti,0.0,0.08771929824561403,0.0,0.0,0.0,0.0,0.0,0.0,0.0,0.0,0.0,0.0,0.0,0.0,0.17543859649122806,0.17543859649122806,0.0,0.17543859649122806,0.0,0.0,0.0,0.0,0.17543859649122806,0.0,0.0,0.0,0.0,0.0,0.0,0.0,0.0,0.0,0.0,0.0,0.0,0.0,0.0,0.0,0.0,0.0,0.0,0.0,0.0,0.0,0.0,0.17543859649122806,0.0,0.0,0.0,0.0,0.0,0.0,0.0,0.0,0.0,0.0,0.0,0.0,0.0,0.0,0.0,0.0,0.0,0.0,0.0,0.0,0.0,0.0,0.0,0.03508771929824561,0.0,0.0,0.0,0.0,0.0,0.0,0.0,0.0
Al0.5CoCrCuFeNiTi0.4,7,7,0.054909984624783,-6.42344153978742,1.8958150429506,7.98305084745763,2.50078987809126,0.12624217616927,1.79677966101695,1709.81440677966,4.195766838989846,SS,FCC,True,False,False,False,1,FCC,Al+Co+Cr+Cu+Fe+Ni+Ti,Al+Co+Cr+Cu+Fe+Ni+Ti,0.0,0.0847457627118644,0.0,0.0,0.0,0.0,0.0,0.0,0.0,0.0,0.0,0.0,0.0,0.0,0.1694915254237288,0.1694915254237288,0.0,0.1694915254237288,0.0,0.0,0.0,0.0,0.1694915254237288,0.0,0.0,0.0,0.0,0.0,0.0,0.0,0.0,0.0,0.0,0.0,0.0,0.0,0.0,0.0,0.0,0.0,0.0,0.0,0.0,0.0,0.0,0.1694915254237288,0.0,0.0,0.0,0.0,0.0,0.0,0.0,0.0,0.0,0.0,0.0,0.0,0.0,0.0,0.0,0.0,0.0,0.0,0.0,0.0,0.0,0.0,0.0,0.06779661016949153,0.0,0.0,0.0,0.0,0.0,0.0,0.0,0.0
Al0.5CoCrCuFeNiTi0.6,7,7,0.0592152070741318,-8.39559258263908,1.91534925716936,7.85245901639344,2.55968790088942,0.132308387004381,1.78836065573771,1717.39426229508,3.257622943506079,SS,FCC+BCC,True,True,False,False,1,,Al+Co+Cr+Cu+Fe+Ni+Ti,Al+Co+Cr+Cu+Fe+Ni+Ti,0.0,0.0819672131147541,0.0,0.0,0.0,0.0,0.0,0.0,0.0,0.0,0.0,0.0,0.0,0.0,0.1639344262295082,0.1639344262295082,0.0,0.1639344262295082,0.0,0.0,0.0,0.0,0.1639344262295082,0.0,0.0,0.0,0.0,0.0,0.0,0.0,0.0,0.0,0.0,0.0,0.0,0.0,0.0,0.0,0.0,0.0,0.0,0.0,0.0,0.0,0.0,0.1639344262295082,0.0,0.0,0.0,0.0,0.0,0.0,0.0,0.0,0.0,0.0,0.0,0.0,0.0,0.0,0.0,0.0,0.0,0.0,0.0,0.0,0.0,0.0,0.0,0.09836065573770492,0.0,0.0,0.0,0.0,0.0,0.0,0.0,0.0
Al0.5CoCrCuFeNiTi0.8,7,7,0.0626160772726052,-10.1083396321492,1.92389700345008,7.73015873015873,2.60771960956433,0.137280023997165,1.78047619047619,1724.49285714286,2.7289625616921374,SS,FCC+BCC,True,True,False,False,1,,Al+Co+Cr+Cu+Fe+Ni+Ti,Al+Co+Cr+Cu+Fe+Ni+Ti,0.0,0.07936507936507936,0.0,0.0,0.0,0.0,0.0,0.0,0.0,0.0,0.0,0.0,0.0,0.0,0.15873015873015872,0.15873015873015872,0.0,0.15873015873015872,0.0,0.0,0.0,0.0,0.15873015873015872,0.0,0.0,0.0,0.0,0.0,0.0,0.0,0.0,0.0,0.0,0.0,0.0,0.0,0.0,0.0,0.0,0.0,0.0,0.0,0.0,0.0,0.0,0.15873015873015872,0.0,0.0,0.0,0.0,0.0,0.0,0.0,0.0,0.0,0.0,0.0,0.0,0.0,0.0,0.0,0.0,0.0,0.0,0.0,0.0,0.0,0.0,0.0,0.126984126984127,0.0,0.0,0.0,0.0,0.0,0.0,0.0,0.0
Al0.5CoCrCuFeNiTi1.2,7,7,0.0675648488899279,-12.8937402539541,1.92118032074427,7.50746268656716,2.67867830144599,0.144799967261897,1.76611940298507,1737.41865671642,2.1524242589039106,SS+IM,FCC+BCC+IM,True,True,True,False,0,,Al+Co+Cr+Cu+Fe+Ni+Ti,Al+Co+Cr+Cu+Fe+Ni+Ti,0.0,0.07462686567164178,0.0,0.0,0.0,0.0,0.0,0.0,0.0,0.0,0.0,0.0,0.0,0.0,0.14925373134328357,0.14925373134328357,0.0,0.14925373134328357,0.0,0.0,0.0,0.0,0.14925373134328357,0.0,0.0,0.0,0.0,0.0,0.0,0.0,0.0,0.0,0.0,0.0,0.0,0.0,0.0,0.0,0.0,0.0,0.0,0.0,0.0,0.0,0.0,0.14925373134328357,0.0,0.0,0.0,0.0,0.0,0.0,0.0,0.0,0.0,0.0,0.0,0.0,0.0,0.0,0.0,0.0,0.0,0.0,0.0,0.0,0.0,0.0,0.0,0.1791044776119403,0.0,0.0,0.0,0.0,0.0,0.0,0.0,0.0
Al0.5CoCrCuFeNiTi1.4,7,7,0.069377252232968,-14.0222642302037,1.91347973899601,7.40579710144928,2.70436491288076,0.14764268247604,1.7595652173913,1743.31956521739,1.9779572952920068,SS+IM,FCC+BCC+IM,True,True,True,False,0,,Al+Co+Cr+Cu+Fe+Ni+Ti,Al+Co+Cr+Cu+Fe+Ni+Ti,0.0,0.07246376811594203,0.0,0.0,0.0,0.0,0.0,0.0,0.0,0.0,0.0,0.0,0.0,0.0,0.14492753623188406,0.14492753623188406,0.0,0.14492753623188406,0.0,0.0,0.0,0.0,0.14492753623188406,0.0,0.0,0.0,0.0,0.0,0.0,0.0,0.0,0.0,0.0,0.0,0.0,0.0,0.0,0.0,0.0,0.0,0.0,0.0,0.0,0.0,0.0,0.14492753623188406,0.0,0.0,0.0,0.0,0.0,0.0,0.0,0.0,0.0,0.0,0.0,0.0,0.0,0.0,0.0,0.0,0.0,0.0,0.0,0.0,0.0,0.0,0.0,0.20289855072463767,0.0,0.0,0.0,0.0,0.0,0.0,0.0,0.0
Al0.5CoCrCuFeNiTi1.6,7,7,0.0708643330686994,-15.0049593334656,1.9029916549609,7.30985915492958,2.7249062487854,0.150013554899022,1.75338028169014,1748.88802816901,1.8441585268522025,SS+IM,FCC+BCC+IM,True,True,True,False,0,,Al+Co+Cr+Cu+Fe+Ni+Ti,Al+Co+Cr+Cu+Fe+Ni+Ti,0.0,0.07042253521126761,0.0,0.0,0.0,0.0,0.0,0.0,0.0,0.0,0.0,0.0,0.0,0.0,0.14084507042253522,0.14084507042253522,0.0,0.14084507042253522,0.0,0.0,0.0,0.0,0.14084507042253522,0.0,0.0,0.0,0.0,0.0,0.0,0.0,0.0,0.0,0.0,0.0,0.0,0.0,0.0,0.0,0.0,0.0,0.0,0.0,0.0,0.0,0.0,0.14084507042253522,0.0,0.0,0.0,0.0,0.0,0.0,0.0,0.0,0.0,0.0,0.0,0.0,0.0,0.0,0.0,0.0,0.0,0.0,0.0,0.0,0.0,0.0,0.0,0.22535211267605637,0.0,0.0,0.0,0.0,0.0,0.0,0.0,0.0
Al0.5CoCrCuFeNiTi1.8,7,7,0.0720861150714364,-15.8603865640833,1.89041648424423,7.21917808219178,2.74109554811633,0.151989372572944,1.74753424657534,1754.15136986301,1.7383810515521512,SS+IM,FCC+BCC+IM,True,True,True,False,0,,Al+Co+Cr+Cu+Fe+Ni+Ti,Al+Co+Cr+Cu+Fe+Ni+Ti,0.0,0.0684931506849315,0.0,0.0,0.0,0.0,0.0,0.0,0.0,0.0,0.0,0.0,0.0,0.0,0.136986301369863,0.136986301369863,0.0,0.136986301369863,0.0,0.0,0.0,0.0,0.136986301369863,0.0,0.0,0.0,0.0,0.0,0.0,0.0,0.0,0.0,0.0,0.0,0.0,0.0,0.0,0.0,0.0,0.0,0.0,0.0,0.0,0.0,0.0,0.136986301369863,0.0,0.0,0.0,0.0,0.0,0.0,0.0,0.0,0.0,0.0,0.0,0.0,0.0,0.0,0.0,0.0,0.0,0.0,0.0,0.0,0.0,0.0,0.0,0.24657534246575344,0.0,0.0,0.0,0.0,0.0,0.0,0.0,0.0
Al0.5CoCrCuFeNiTi2,7,7,0.0730889232976231,-16.6044444444444,1.87627358443028,7.13333333333333,2.75358352374178,0.153631593972941,1.742,1759.134,1.652741462790992,SS+IM,FCC+BCC+IM,True,True,True,False,0,,Al+Co+Cr+Cu+Fe+Ni+Ti,Al+Co+Cr+Cu+Fe+Ni+Ti,0.0,0.06666666666666667,0.0,0.0,0.0,0.0,0.0,0.0,0.0,0.0,0.0,0.0,0.0,0.0,0.13333333333333333,0.13333333333333333,0.0,0.13333333333333333,0.0,0.0,0.0,0.0,0.13333333333333333,0.0,0.0,0.0,0.0,0.0,0.0,0.0,0.0,0.0,0.0,0.0,0.0,0.0,0.0,0.0,0.0,0.0,0.0,0.0,0.0,0.0,0.0,0.13333333333333333,0.0,0.0,0.0,0.0,0.0,0.0,0.0,0.0,0.0,0.0,0.0,0.0,0.0,0.0,0.0,0.0,0.0,0.0,0.0,0.0,0.0,0.0,0.0,0.26666666666666666,0.0,0.0,0.0,0.0,0.0,0.0,0.0,0.0
Al0.75CoCrCu0.25FeNiTi0.5,7,7,0.0638103240798432,-14.3884297520661,1.87000422585639,7.27272727272727,2.52589890717269,0.13298931169381,1.76954545454545,1726.73545454545,1.865903496647682,SS,FCC+BCC,True,True,False,False,1,,Al+Co+Cr+Cu+Fe+Ni+Ti,Al+Co+Cr+Cu+Fe+Ni+Ti,0.0,0.13636363636363635,0.0,0.0,0.0,0.0,0.0,0.0,0.0,0.0,0.0,0.0,0.0,0.0,0.18181818181818182,0.18181818181818182,0.0,0.045454545454545456,0.0,0.0,0.0,0.0,0.18181818181818182,0.0,0.0,0.0,0.0,0.0,0.0,0.0,0.0,0.0,0.0,0.0,0.0,0.0,0.0,0.0,0.0,0.0,0.0,0.0,0.0,0.0,0.0,0.18181818181818182,0.0,0.0,0.0,0.0,0.0,0.0,0.0,0.0,0.0,0.0,0.0,0.0,0.0,0.0,0.0,0.0,0.0,0.0,0.0,0.0,0.0,0.0,0.0,0.09090909090909091,0.0,0.0,0.0,0.0,0.0,0.0,0.0,0.0
AlCoCrCu0.25FeNiTi0.5,7,7,0.0658386384235385,-15.5009451795841,1.86974719055881,7.08695652173913,2.61954266632906,0.134073872930734,1.76260869565217,1692.24565217391,1.697158099115404,SS,2BCC,False,True,False,False,1,,Al+Co+Cr+Cu+Fe+Ni+Ti,Al+Co+Cr+Cu+Fe+Ni+Ti,0.0,0.17391304347826086,0.0,0.0,0.0,0.0,0.0,0.0,0.0,0.0,0.0,0.0,0.0,0.0,0.17391304347826086,0.17391304347826086,0.0,0.043478260869565216,0.0,0.0,0.0,0.0,0.17391304347826086,0.0,0.0,0.0,0.0,0.0,0.0,0.0,0.0,0.0,0.0,0.0,0.0,0.0,0.0,0.0,0.0,0.0,0.0,0.0,0.0,0.0,0.0,0.17391304347826086,0.0,0.0,0.0,0.0,0.0,0.0,0.0,0.0,0.0,0.0,0.0,0.0,0.0,0.0,0.0,0.0,0.0,0.0,0.0,0.0,0.0,0.0,0.0,0.08695652173913043,0.0,0.0,0.0,0.0,0.0,0.0,0.0,0.0
AlCoCrCu0.5FeNiTi0.5,7,7,0.0645772304083778,-13.4166666666667,1.90728399932138,7.25,2.6809513236909,0.134091593903404,1.76833333333333,1678.30916666667,1.9837040823931746,SS,2BCC,False,True,False,False,1,,Al+Co+Cr+Cu+Fe+Ni+Ti,Al+Co+Cr+Cu+Fe+Ni+Ti,0.0,0.16666666666666666,0.0,0.0,0.0,0.0,0.0,0.0,0.0,0.0,0.0,0.0,0.0,0.0,0.16666666666666666,0.16666666666666666,0.0,0.08333333333333333,0.0,0.0,0.0,0.0,0.16666666666666666,0.0,0.0,0.0,0.0,0.0,0.0,0.0,0.0,0.0,0.0,0.0,0.0,0.0,0.0,0.0,0.0,0.0,0.0,0.0,0.0,0.0,0.0,0.16666666666666666,0.0,0.0,0.0,0.0,0.0,0.0,0.0,0.0,0.0,0.0,0.0,0.0,0.0,0.0,0.0,0.0,0.0,0.0,0.0,0.0,0.0,0.0,0.0,0.08333333333333333,0.0,0.0,0.0,0.0,0.0,0.0,0.0,0.0
AlCoCrCuFeNiTi,7,7,0.067778862080301,-13.7959183673469,1.94591014905531,7.28571428571429,2.81395937194174,0.142571142284282,1.76142857142857,1674.17714285714,1.9633953614316861,SS,FCC+BCC,True,True,False,False,1,,Al+Co+Cr+Cu+Fe+Ni+Ti,Al+Co+Cr+Cu+Fe+Ni+Ti,0.0,0.14285714285714285,0.0,0.0,0.0,0.0,0.0,0.0,0.0,0.0,0.0,0.0,0.0,0.0,0.14285714285714285,0.14285714285714285,0.0,0.14285714285714285,0.0,0.0,0.0,0.0,0.14285714285714285,0.0,0.0,0.0,0.0,0.0,0.0,0.0,0.0,0.0,0.0,0.0,0.0,0.0,0.0,0.0,0.0,0.0,0.0,0.0,0.0,0.0,0.0,0.14285714285714285,0.0,0.0,0.0,0.0,0.0,0.0,0.0,0.0,0.0,0.0,0.0,0.0,0.0,0.0,0.0,0.0,0.0,0.0,0.0,0.0,0.0,0.0,0.0,0.14285714285714285,0.0,0.0,0.0,0.0,0.0,0.0,0.0,0.0
Al0.5CoCrCuFeNiV,7,7,0.0403575967189854,-5.25443786982249,1.92512119079082,7.76923076923077,2.45431632823751,0.120791276772699,1.78692307692308,1768.38538461538,5.386949636987737,SS+IM,BCC+FCC+,True,True,False,False,0,,Al+Co+Cr+Cu+Fe+Ni+V,Al+Co+Cr+Cu+Fe+Ni+V,0.0,0.07692307692307693,0.0,0.0,0.0,0.0,0.0,0.0,0.0,0.0,0.0,0.0,0.0,0.0,0.15384615384615385,0.15384615384615385,0.0,0.15384615384615385,0.0,0.0,0.0,0.0,0.15384615384615385,0.0,0.0,0.0,0.0,0.0,0.0,0.0,0.0,0.0,0.0,0.0,0.0,0.0,0.0,0.0,0.0,0.0,0.0,0.0,0.0,0.0,0.0,0.15384615384615385,0.0,0.0,0.0,0.0,0.0,0.0,0.0,0.0,0.0,0.0,0.0,0.0,0.0,0.0,0.0,0.0,0.0,0.0,0.0,0.0,0.0,0.0,0.0,0.0,0.0,0.0,0.15384615384615385,0.0,0.0,0.0,0.0,0.0
Al0.5CoCrCuFeNiV0.2,7,7,0.0414569807318595,-2.49923053247153,1.85774006479959,8.1578947368421,2.37523386611597,0.11268157604859,1.80894736842105,1710.19385964912,10.569590394402232,SS,FCC,True,False,False,False,1,FCC,Al+Co+Cr+Cu+Fe+Ni+V,Al+Co+Cr+Cu+Fe+Ni+V,0.0,0.08771929824561403,0.0,0.0,0.0,0.0,0.0,0.0,0.0,0.0,0.0,0.0,0.0,0.0,0.17543859649122806,0.17543859649122806,0.0,0.17543859649122806,0.0,0.0,0.0,0.0,0.17543859649122806,0.0,0.0,0.0,0.0,0.0,0.0,0.0,0.0,0.0,0.0,0.0,0.0,0.0,0.0,0.0,0.0,0.0,0.0,0.0,0.0,0.0,0.0,0.17543859649122806,0.0,0.0,0.0,0.0,0.0,0.0,0.0,0.0,0.0,0.0,0.0,0.0,0.0,0.0,0.0,0.0,0.0,0.0,0.0,0.0,0.0,0.0,0.0,0.0,0.0,0.0,0.03508771929824561,0.0,0.0,0.0,0.0,0.0
Al0.5CoCrCuFeNiV0.4,7,7,0.0412013761614488,-3.34386670496984,1.8958150429506,8.05084745762712,2.40355477428787,0.115392489363699,1.8028813559322,1726.22118644068,8.137249560888554,SS,FCC+BCC,True,True,False,False,1,,Al+Co+Cr+Cu+Fe+Ni+V,Al+Co+Cr+Cu+Fe+Ni+V,0.0,0.0847457627118644,0.0,0.0,0.0,0.0,0.0,0.0,0.0,0.0,0.0,0.0,0.0,0.0,0.1694915254237288,0.1694915254237288,0.0,0.1694915254237288,0.0,0.0,0.0,0.0,0.1694915254237288,0.0,0.0,0.0,0.0,0.0,0.0,0.0,0.0,0.0,0.0,0.0,0.0,0.0,0.0,0.0,0.0,0.0,0.0,0.0,0.0,0.0,0.0,0.1694915254237288,0.0,0.0,0.0,0.0,0.0,0.0,0.0,0.0,0.0,0.0,0.0,0.0,0.0,0.0,0.0,0.0,0.0,0.0,0.0,0.0,0.0,0.0,0.0,0.0,0.0,0.0,0.06779661016949153,0.0,0.0,0.0,0.0,0.0
Al0.5CoCrCuFeNiV0.6,7,7,0.0409303801293303,-4.07417360924483,1.91534925716936,7.95081967213115,2.42545401873341,0.117586816863687,1.7972131147541,1741.19754098361,6.805980124969686,SS+IM,FCC+BCC+IM,True,True,True,False,0,,Al+Co+Cr+Cu+Fe+Ni+V,Al+Co+Cr+Cu+Fe+Ni+V,0.0,0.0819672131147541,0.0,0.0,0.0,0.0,0.0,0.0,0.0,0.0,0.0,0.0,0.0,0.0,0.1639344262295082,0.1639344262295082,0.0,0.1639344262295082,0.0,0.0,0.0,0.0,0.1639344262295082,0.0,0.0,0.0,0.0,0.0,0.0,0.0,0.0,0.0,0.0,0.0,0.0,0.0,0.0,0.0,0.0,0.0,0.0,0.0,0.0,0.0,0.0,0.1639344262295082,0.0,0.0,0.0,0.0,0.0,0.0,0.0,0.0,0.0,0.0,0.0,0.0,0.0,0.0,0.0,0.0,0.0,0.0,0.0,0.0,0.0,0.0,0.0,0.0,0.0,0.0,0.09836065573770492,0.0,0.0,0.0,0.0,0.0
Al0.5CoCrCuFeNiV0.8,7,7,0.0406480450504864,-4.70647518266566,1.92389700345008,7.85714285714286,2.44207264856345,0.119361490996384,1.79190476190476,1755.22301587302,5.965578094380003,SS+IM,FCC+BCC+IM,True,True,True,False,0,,Al+Co+Cr+Cu+Fe+Ni+V,Al+Co+Cr+Cu+Fe+Ni+V,0.0,0.07936507936507936,0.0,0.0,0.0,0.0,0.0,0.0,0.0,0.0,0.0,0.0,0.0,0.0,0.15873015873015872,0.15873015873015872,0.0,0.15873015873015872,0.0,0.0,0.0,0.0,0.15873015873015872,0.0,0.0,0.0,0.0,0.0,0.0,0.0,0.0,0.0,0.0,0.0,0.0,0.0,0.0,0.0,0.0,0.0,0.0,0.0,0.0,0.0,0.0,0.15873015873015872,0.0,0.0,0.0,0.0,0.0,0.0,0.0,0.0,0.0,0.0,0.0,0.0,0.0,0.0,0.0,0.0,0.0,0.0,0.0,0.0,0.0,0.0,0.0,0.0,0.0,0.0,0.126984126984127,0.0,0.0,0.0,0.0,0.0
Al0.5CoCrCuFeNiV1.0,7,7,0.0403575967189854,-5.25443786982249,1.92512119079082,7.76923076923077,2.45431632823751,0.120791276772699,1.78692307692308,1768.38538461538,5.386949636987737,SS+IM,FCC+BCC+IM,True,True,True,False,0,,Al+Co+Cr+Cu+Fe+Ni+V,Al+Co+Cr+Cu+Fe+Ni+V,0.0,0.07692307692307693,0.0,0.0,0.0,0.0,0.0,0.0,0.0,0.0,0.0,0.0,0.0,0.0,0.15384615384615385,0.15384615384615385,0.0,0.15384615384615385,0.0,0.0,0.0,0.0,0.15384615384615385,0.0,0.0,0.0,0.0,0.0,0.0,0.0,0.0,0.0,0.0,0.0,0.0,0.0,0.0,0.0,0.0,0.0,0.0,0.0,0.0,0.0,0.0,0.15384615384615385,0.0,0.0,0.0,0.0,0.0,0.0,0.0,0.0,0.0,0.0,0.0,0.0,0.0,0.0,0.0,0.0,0.0,0.0,0.0,0.0,0.0,0.0,0.0,0.0,0.0,0.0,0.15384615384615385,0.0,0.0,0.0,0.0,0.0
Al0.5CoCrCuFeNiV1.2,7,7,0.0400616126562859,-5.7295611494765,1.92118032074427,7.6865671641791,2.46291269879931,0.12193490917775,1.78223880597015,1780.76194029851,4.964629237947458,SS,BCC,False,True,False,False,1,BCC,Al+Co+Cr+Cu+Fe+Ni+V,Al+Co+Cr+Cu+Fe+Ni+V,0.0,0.07462686567164178,0.0,0.0,0.0,0.0,0.0,0.0,0.0,0.0,0.0,0.0,0.0,0.0,0.14925373134328357,0.14925373134328357,0.0,0.14925373134328357,0.0,0.0,0.0,0.0,0.14925373134328357,0.0,0.0,0.0,0.0,0.0,0.0,0.0,0.0,0.0,0.0,0.0,0.0,0.0,0.0,0.0,0.0,0.0,0.0,0.0,0.0,0.0,0.0,0.14925373134328357,0.0,0.0,0.0,0.0,0.0,0.0,0.0,0.0,0.0,0.0,0.0,0.0,0.0,0.0,0.0,0.0,0.0,0.0,0.0,0.0,0.0,0.0,0.0,0.0,0.0,0.0,0.1791044776119403,0.0,0.0,0.0,0.0,0.0
Al0.5CoCrCuFeNiV1.4,7,7,0.0397621582086042,-6.14156689771057,1.91347973899601,7.60869565217391,2.46845249477615,0.12283923233491,1.77782608695652,1792.42101449275,4.643216063709411,SS,BCC,False,True,False,False,1,BCC,Al+Co+Cr+Cu+Fe+Ni+V,Al+Co+Cr+Cu+Fe+Ni+V,0.0,0.07246376811594203,0.0,0.0,0.0,0.0,0.0,0.0,0.0,0.0,0.0,0.0,0.0,0.0,0.14492753623188406,0.14492753623188406,0.0,0.14492753623188406,0.0,0.0,0.0,0.0,0.14492753623188406,0.0,0.0,0.0,0.0,0.0,0.0,0.0,0.0,0.0,0.0,0.0,0.0,0.0,0.0,0.0,0.0,0.0,0.0,0.0,0.0,0.0,0.0,0.14492753623188406,0.0,0.0,0.0,0.0,0.0,0.0,0.0,0.0,0.0,0.0,0.0,0.0,0.0,0.0,0.0,0.0,0.0,0.0,0.0,0.0,0.0,0.0,0.0,0.0,0.0,0.0,0.20289855072463767,0.0,0.0,0.0,0.0,0.0
Al0.5CoCrCuFeNiV1.6,7,7,0.0394608913947894,-6.49871057329895,1.9029916549609,7.53521126760563,2.47141965198367,0.123542083114772,1.77366197183099,1803.42323943662,4.390778561442677,SS,BCC,False,True,False,False,1,BCC,Al+Co+Cr+Cu+Fe+Ni+V,Al+Co+Cr+Cu+Fe+Ni+V,0.0,0.07042253521126761,0.0,0.0,0.0,0.0,0.0,0.0,0.0,0.0,0.0,0.0,0.0,0.0,0.14084507042253522,0.14084507042253522,0.0,0.14084507042253522,0.0,0.0,0.0,0.0,0.14084507042253522,0.0,0.0,0.0,0.0,0.0,0.0,0.0,0.0,0.0,0.0,0.0,0.0,0.0,0.0,0.0,0.0,0.0,0.0,0.0,0.0,0.0,0.0,0.14084507042253522,0.0,0.0,0.0,0.0,0.0,0.0,0.0,0.0,0.0,0.0,0.0,0.0,0.0,0.0,0.0,0.0,0.0,0.0,0.0,0.0,0.0,0.0,0.0,0.0,0.0,0.0,0.22535211267605637,0.0,0.0,0.0,0.0,0.0
Al0.5CoCrCuFeNiV1.8,7,7,0.0391591443784519,-6.80803152561456,1.89041648424423,7.46575342465753,2.47221375910487,0.12407435467073,1.76972602739726,1813.82260273973,4.18759750193673,SS,BCC,False,True,False,False,1,BCC,Al+Co+Cr+Cu+Fe+Ni+V,Al+Co+Cr+Cu+Fe+Ni+V,0.0,0.0684931506849315,0.0,0.0,0.0,0.0,0.0,0.0,0.0,0.0,0.0,0.0,0.0,0.0,0.136986301369863,0.136986301369863,0.0,0.136986301369863,0.0,0.0,0.0,0.0,0.136986301369863,0.0,0.0,0.0,0.0,0.0,0.0,0.0,0.0,0.0,0.0,0.0,0.0,0.0,0.0,0.0,0.0,0.0,0.0,0.0,0.0,0.0,0.0,0.136986301369863,0.0,0.0,0.0,0.0,0.0,0.0,0.0,0.0,0.0,0.0,0.0,0.0,0.0,0.0,0.0,0.0,0.0,0.0,0.0,0.0,0.0,0.0,0.0,0.0,0.0,0.0,0.24657534246575344,0.0,0.0,0.0,0.0,0.0
Al0.5CoCrCuFeNiV2,7,7,0.0388579872734967,-7.07555555555556,1.87627358443028,7.4,2.47116706571342,0.124461506766818,1.766,1823.66733333333,4.020827326955116,SS,BCC+FCC,True,True,False,False,1,,Al+Co+Cr+Cu+Fe+Ni+V,Al+Co+Cr+Cu+Fe+Ni+V,0.0,0.06666666666666667,0.0,0.0,0.0,0.0,0.0,0.0,0.0,0.0,0.0,0.0,0.0,0.0,0.13333333333333333,0.13333333333333333,0.0,0.13333333333333333,0.0,0.0,0.0,0.0,0.13333333333333333,0.0,0.0,0.0,0.0,0.0,0.0,0.0,0.0,0.0,0.0,0.0,0.0,0.0,0.0,0.0,0.0,0.0,0.0,0.0,0.0,0.0,0.0,0.13333333333333333,0.0,0.0,0.0,0.0,0.0,0.0,0.0,0.0,0.0,0.0,0.0,0.0,0.0,0.0,0.0,0.0,0.0,0.0,0.0,0.0,0.0,0.0,0.0,0.0,0.0,0.0,0.26666666666666666,0.0,0.0,0.0,0.0,0.0
Al0.5CoCrCuFeNiV2.0,7,7,0.0388579872734967,-7.07555555555556,1.87627358443028,7.4,2.47116706571342,0.124461506766818,1.766,1823.66733333333,4.020827326955116,SS,BCC,False,True,False,False,1,BCC,Al+Co+Cr+Cu+Fe+Ni+V,Al+Co+Cr+Cu+Fe+Ni+V,0.0,0.06666666666666667,0.0,0.0,0.0,0.0,0.0,0.0,0.0,0.0,0.0,0.0,0.0,0.0,0.13333333333333333,0.13333333333333333,0.0,0.13333333333333333,0.0,0.0,0.0,0.0,0.13333333333333333,0.0,0.0,0.0,0.0,0.0,0.0,0.0,0.0,0.0,0.0,0.0,0.0,0.0,0.0,0.0,0.0,0.0,0.0,0.0,0.0,0.0,0.0,0.13333333333333333,0.0,0.0,0.0,0.0,0.0,0.0,0.0,0.0,0.0,0.0,0.0,0.0,0.0,0.0,0.0,0.0,0.0,0.0,0.0,0.0,0.0,0.0,0.0,0.0,0.0,0.0,0.26666666666666666,0.0,0.0,0.0,0.0,0.0
AlCoCrCuFeNiV,7,7,0.0495407653522235,-7.75510204081633,1.94591014905531,7.42857142857143,2.66496544373966,0.124997959167013,1.77428571428571,1708.74857142857,3.5649021693989074,SS,FCC+BCC,True,True,False,False,1,,Al+Co+Cr+Cu+Fe+Ni+V,Al+Co+Cr+Cu+Fe+Ni+V,0.0,0.14285714285714285,0.0,0.0,0.0,0.0,0.0,0.0,0.0,0.0,0.0,0.0,0.0,0.0,0.14285714285714285,0.14285714285714285,0.0,0.14285714285714285,0.0,0.0,0.0,0.0,0.14285714285714285,0.0,0.0,0.0,0.0,0.0,0.0,0.0,0.0,0.0,0.0,0.0,0.0,0.0,0.0,0.0,0.0,0.0,0.0,0.0,0.0,0.0,0.0,0.14285714285714285,0.0,0.0,0.0,0.0,0.0,0.0,0.0,0.0,0.0,0.0,0.0,0.0,0.0,0.0,0.0,0.0,0.0,0.0,0.0,0.0,0.0,0.0,0.0,0.0,0.0,0.0,0.14285714285714285,0.0,0.0,0.0,0.0,0.0
AlCoCrCuNiTiY,7,7,0.135869403008606,-19.3469387755102,1.94591014905531,6.57142857142857,3.15581743348207,0.232247229284235,1.67428571428571,1672.46285714286,1.3986246959532351,IM,IM,False,False,True,False,0,,Al+Co+Cr+Cu+Ni+Ti+Y,Al+Co+Cr+Cu+Ni+Ti+Y,0.0,0.14285714285714285,0.0,0.0,0.0,0.0,0.0,0.0,0.0,0.0,0.0,0.0,0.0,0.0,0.14285714285714285,0.14285714285714285,0.0,0.14285714285714285,0.0,0.0,0.0,0.0,0.0,0.0,0.0,0.0,0.0,0.0,0.0,0.0,0.0,0.0,0.0,0.0,0.0,0.0,0.0,0.0,0.0,0.0,0.0,0.0,0.0,0.0,0.0,0.14285714285714285,0.0,0.0,0.0,0.0,0.0,0.0,0.0,0.0,0.0,0.0,0.0,0.0,0.0,0.0,0.0,0.0,0.0,0.0,0.0,0.0,0.0,0.0,0.0,0.14285714285714285,0.0,0.0,0.0,0.0,0.14285714285714285,0.0,0.0,0.0
AlCoCrCuNiTiY0.5,7,7,0.114593190623263,-18.3195266272189,1.92512119079082,6.84615384615385,3.10944352790888,0.202464110341392,1.70923076923077,1662.72923076923,1.4527789681245709,IM,IM,False,False,True,False,0,,Al+Co+Cr+Cu+Ni+Ti+Y,Al+Co+Cr+Cu+Ni+Ti+Y,0.0,0.15384615384615385,0.0,0.0,0.0,0.0,0.0,0.0,0.0,0.0,0.0,0.0,0.0,0.0,0.15384615384615385,0.15384615384615385,0.0,0.15384615384615385,0.0,0.0,0.0,0.0,0.0,0.0,0.0,0.0,0.0,0.0,0.0,0.0,0.0,0.0,0.0,0.0,0.0,0.0,0.0,0.0,0.0,0.0,0.0,0.0,0.0,0.0,0.0,0.15384615384615385,0.0,0.0,0.0,0.0,0.0,0.0,0.0,0.0,0.0,0.0,0.0,0.0,0.0,0.0,0.0,0.0,0.0,0.0,0.0,0.0,0.0,0.0,0.0,0.15384615384615385,0.0,0.0,0.0,0.0,0.07692307692307693,0.0,0.0,0.0
AlCoCrCuNiTiY0.8,7,7,0.128876357461132,-18.9965397923875,1.94317479468962,6.67647058823529,3.14100572349324,0.221983820601855,1.68764705882353,1668.74117647059,1.4192553311505576,IM,IM,False,False,True,False,0,,Al+Co+Cr+Cu+Ni+Ti+Y,Al+Co+Cr+Cu+Ni+Ti+Y,0.0,0.14705882352941177,0.0,0.0,0.0,0.0,0.0,0.0,0.0,0.0,0.0,0.0,0.0,0.0,0.14705882352941177,0.14705882352941177,0.0,0.14705882352941177,0.0,0.0,0.0,0.0,0.0,0.0,0.0,0.0,0.0,0.0,0.0,0.0,0.0,0.0,0.0,0.0,0.0,0.0,0.0,0.0,0.0,0.0,0.0,0.0,0.0,0.0,0.0,0.14705882352941177,0.0,0.0,0.0,0.0,0.0,0.0,0.0,0.0,0.0,0.0,0.0,0.0,0.0,0.0,0.0,0.0,0.0,0.0,0.0,0.0,0.0,0.0,0.0,0.14705882352941177,0.0,0.0,0.0,0.0,0.11764705882352942,0.0,0.0,0.0
Al10Co20Cr1Fe 26Mn14Ni10Ti10,7,7,0.0641602644994376,-15.9584591232943,1.75646927724132,7.27472527472528,2.1992303052466,0.146960674749113,1.74879120879121,1669.41428571429,1.5277345942585754,IM,IM,False,False,True,False,0,,Al+Co+Cr+Fe+Mn+Ni+Ti,Al+Co+Cr+Fe+Mn+Ni+Ti,0.0,0.10989010989010989,0.0,0.0,0.0,0.0,0.0,0.0,0.0,0.0,0.0,0.0,0.0,0.0,0.21978021978021978,0.01098901098901099,0.0,0.0,0.0,0.0,0.0,0.0,0.2857142857142857,0.0,0.0,0.0,0.0,0.0,0.0,0.0,0.0,0.0,0.0,0.0,0.0,0.0,0.0,0.0,0.15384615384615385,0.0,0.0,0.0,0.0,0.0,0.0,0.10989010989010989,0.0,0.0,0.0,0.0,0.0,0.0,0.0,0.0,0.0,0.0,0.0,0.0,0.0,0.0,0.0,0.0,0.0,0.0,0.0,0.0,0.0,0.0,0.0,0.10989010989010989,0.0,0.0,0.0,0.0,0.0,0.0,0.0,0.0
Al0.4CoCrFeMnNiV,7,7,0.0432080279017473,-10.4296875,1.91356616110776,7.21875,1.98012586405511,0.135669635512151,1.735,1806.623125,2.7559665138618668,IM,IM,False,False,True,False,0,,Al+Co+Cr+Fe+Mn+Ni+V,Al+Co+Cr+Fe+Mn+Ni+V,0.0,0.0625,0.0,0.0,0.0,0.0,0.0,0.0,0.0,0.0,0.0,0.0,0.0,0.0,0.15625,0.15625,0.0,0.0,0.0,0.0,0.0,0.0,0.15625,0.0,0.0,0.0,0.0,0.0,0.0,0.0,0.0,0.0,0.0,0.0,0.0,0.0,0.0,0.0,0.15625,0.0,0.0,0.0,0.0,0.0,0.0,0.15625,0.0,0.0,0.0,0.0,0.0,0.0,0.0,0.0,0.0,0.0,0.0,0.0,0.0,0.0,0.0,0.0,0.0,0.0,0.0,0.0,0.0,0.0,0.0,0.0,0.0,0.0,0.15625,0.0,0.0,0.0,0.0,0.0
AlCo0.5Cr0.5Fe0.5MnNiV,7,7,0.0529982473064683,-16.2644628099174,1.89378823239114,6.63636363636364,2.38452309974618,0.138056162963598,1.70636363636364,1680.54,1.6269519577015974,SS,BCC,False,True,False,False,1,BCC,Al+Co+Cr+Fe+Mn+Ni+V,Al+Co+Cr+Fe+Mn+Ni+V,0.0,0.18181818181818182,0.0,0.0,0.0,0.0,0.0,0.0,0.0,0.0,0.0,0.0,0.0,0.0,0.09090909090909091,0.09090909090909091,0.0,0.0,0.0,0.0,0.0,0.0,0.09090909090909091,0.0,0.0,0.0,0.0,0.0,0.0,0.0,0.0,0.0,0.0,0.0,0.0,0.0,0.0,0.0,0.18181818181818182,0.0,0.0,0.0,0.0,0.0,0.0,0.18181818181818182,0.0,0.0,0.0,0.0,0.0,0.0,0.0,0.0,0.0,0.0,0.0,0.0,0.0,0.0,0.0,0.0,0.0,0.0,0.0,0.0,0.0,0.0,0.0,0.0,0.0,0.0,0.18181818181818182,0.0,0.0,0.0,0.0,0.0
AlCo0.5Cr0.5Fe0.5MnNiV0.5,7,7,0.0555926395523385,-15.96,1.88669678465808,6.8,2.44131112314674,0.142562267097574,1.714,1630.294,1.6023941012805634,SS,BCC,False,True,False,False,1,BCC,Al+Co+Cr+Fe+Mn+Ni+V,Al+Co+Cr+Fe+Mn+Ni+V,0.0,0.2,0.0,0.0,0.0,0.0,0.0,0.0,0.0,0.0,0.0,0.0,0.0,0.0,0.1,0.1,0.0,0.0,0.0,0.0,0.0,0.0,0.1,0.0,0.0,0.0,0.0,0.0,0.0,0.0,0.0,0.0,0.0,0.0,0.0,0.0,0.0,0.0,0.2,0.0,0.0,0.0,0.0,0.0,0.0,0.2,0.0,0.0,0.0,0.0,0.0,0.0,0.0,0.0,0.0,0.0,0.0,0.0,0.0,0.0,0.0,0.0,0.0,0.0,0.0,0.0,0.0,0.0,0.0,0.0,0.0,0.0,0.1,0.0,0.0,0.0,0.0,0.0
AlCo1.5Cr2Fe1.5Mn2NiV,7,7,0.0483795638025688,-10.15,1.90368668833762,6.95,1.9615045245933,0.133201914400657,1.7135,1761.097,2.7462931468128433,IM,IM,False,False,True,False,0,,Al+Co+Cr+Fe+Mn+Ni+V,Al+Co+Cr+Fe+Mn+Ni+V,0.0,0.1,0.0,0.0,0.0,0.0,0.0,0.0,0.0,0.0,0.0,0.0,0.0,0.0,0.15,0.2,0.0,0.0,0.0,0.0,0.0,0.0,0.15,0.0,0.0,0.0,0.0,0.0,0.0,0.0,0.0,0.0,0.0,0.0,0.0,0.0,0.0,0.0,0.2,0.0,0.0,0.0,0.0,0.0,0.0,0.1,0.0,0.0,0.0,0.0,0.0,0.0,0.0,0.0,0.0,0.0,0.0,0.0,0.0,0.0,0.0,0.0,0.0,0.0,0.0,0.0,0.0,0.0,0.0,0.0,0.0,0.0,0.1,0.0,0.0,0.0,0.0,0.0
AlCo0.6CrFe0.2NiSiTi0.2,7,7,0.07738575465711,-34.1056,1.79949202028075,6.16,2.67850704684531,0.136055282881629,1.7764,1667.934,0.7317071142607615,IM,IM,False,False,True,False,0,,Al+Co+Cr+Fe+Ni+Si+Ti,Al+Co+Cr+Fe+Ni+Si+Ti,0.0,0.19999999999999996,0.0,0.0,0.0,0.0,0.0,0.0,0.0,0.0,0.0,0.0,0.0,0.0,0.11999999999999997,0.19999999999999996,0.0,0.0,0.0,0.0,0.0,0.0,0.039999999999999994,0.0,0.0,0.0,0.0,0.0,0.0,0.0,0.0,0.0,0.0,0.0,0.0,0.0,0.0,0.0,0.0,0.0,0.0,0.0,0.0,0.0,0.0,0.19999999999999996,0.0,0.0,0.0,0.0,0.0,0.0,0.0,0.0,0.0,0.0,0.0,0.0,0.0,0.0,0.0,0.0,0.19999999999999996,0.0,0.0,0.0,0.0,0.0,0.0,0.039999999999999994,0.0,0.0,0.0,0.0,0.0,0.0,0.0,0.0
AlCoCuFeNiVZr,7,7,0.0930758758146532,-21.9591836734694,1.94591014905531,7.14285714285714,2.89968330431206,0.199335631229219,1.72714285714286,1701.32,1.2535070600312137,IM,IM,False,False,True,False,0,,Al+Co+Cu+Fe+Ni+V+Zr,Al+Co+Cu+Fe+Ni+V+Zr,0.0,0.14285714285714285,0.0,0.0,0.0,0.0,0.0,0.0,0.0,0.0,0.0,0.0,0.0,0.0,0.14285714285714285,0.0,0.0,0.14285714285714285,0.0,0.0,0.0,0.0,0.14285714285714285,0.0,0.0,0.0,0.0,0.0,0.0,0.0,0.0,0.0,0.0,0.0,0.0,0.0,0.0,0.0,0.0,0.0,0.0,0.0,0.0,0.0,0.0,0.14285714285714285,0.0,0.0,0.0,0.0,0.0,0.0,0.0,0.0,0.0,0.0,0.0,0.0,0.0,0.0,0.0,0.0,0.0,0.0,0.0,0.0,0.0,0.0,0.0,0.0,0.0,0.0,0.14285714285714285,0.0,0.0,0.0,0.0,0.14285714285714285
AlCoFeNiTiVZr,7,7,0.0941329659386903,-31.4285714285714,1.94591014905531,6.14285714285714,2.58725289661069,0.19448519171371,1.67571428571429,1784.63857142857,0.918718797949917,SS,BCC,False,True,False,False,1,BCC,Al+Co+Fe+Ni+Ti+V+Zr,Al+Co+Fe+Ni+Ti+V+Zr,0.0,0.14285714285714285,0.0,0.0,0.0,0.0,0.0,0.0,0.0,0.0,0.0,0.0,0.0,0.0,0.14285714285714285,0.0,0.0,0.0,0.0,0.0,0.0,0.0,0.14285714285714285,0.0,0.0,0.0,0.0,0.0,0.0,0.0,0.0,0.0,0.0,0.0,0.0,0.0,0.0,0.0,0.0,0.0,0.0,0.0,0.0,0.0,0.0,0.14285714285714285,0.0,0.0,0.0,0.0,0.0,0.0,0.0,0.0,0.0,0.0,0.0,0.0,0.0,0.0,0.0,0.0,0.0,0.0,0.0,0.0,0.0,0.0,0.0,0.14285714285714285,0.0,0.0,0.14285714285714285,0.0,0.0,0.0,0.0,0.14285714285714285
Cr4.5Mn13.6Ni38.1Sn0.3Ti12V10Zr21.5,7,7,0.102466495443642,-30.877884,1.61112879991299,6.884,2.62726930481061,0.225628753486784,1.65284,1873.30724,0.8126918908111942,IM,IM,False,False,True,False,0,,Cr+Mn+Ni+Sn+Ti+V+Zr,Cr+Mn+Ni+Sn+Ti+V+Zr,0.0,0.0,0.0,0.0,0.0,0.0,0.0,0.0,0.0,0.0,0.0,0.0,0.0,0.0,0.0,0.045,0.0,0.0,0.0,0.0,0.0,0.0,0.0,0.0,0.0,0.0,0.0,0.0,0.0,0.0,0.0,0.0,0.0,0.0,0.0,0.0,0.0,0.0,0.136,0.0,0.0,0.0,0.0,0.0,0.0,0.381,0.0,0.0,0.0,0.0,0.0,0.0,0.0,0.0,0.0,0.0,0.0,0.0,0.0,0.0,0.0,0.0,0.0,0.0,0.003,0.0,0.0,0.0,0.0,0.12,0.0,0.0,0.1,0.0,0.0,0.0,0.0,0.215
Cu0.5NiAlCoCrFeTi,7,7,0.069893208246381,-17.1834319526627,1.92512119079082,7.0,2.71746488194703,0.142475991956623,1.75076923076923,1698.51615384615,1.5821659500751803,AM,AM,False,False,False,False,0,,Al+Co+Cr+Cu+Fe+Ni+Ti,Al+Co+Cr+Cu+Fe+Ni+Ti,0.0,0.15384615384615385,0.0,0.0,0.0,0.0,0.0,0.0,0.0,0.0,0.0,0.0,0.0,0.0,0.15384615384615385,0.15384615384615385,0.0,0.07692307692307693,0.0,0.0,0.0,0.0,0.15384615384615385,0.0,0.0,0.0,0.0,0.0,0.0,0.0,0.0,0.0,0.0,0.0,0.0,0.0,0.0,0.0,0.0,0.0,0.0,0.0,0.0,0.0,0.0,0.15384615384615385,0.0,0.0,0.0,0.0,0.0,0.0,0.0,0.0,0.0,0.0,0.0,0.0,0.0,0.0,0.0,0.0,0.0,0.0,0.0,0.0,0.0,0.0,0.0,0.15384615384615385,0.0,0.0,0.0,0.0,0.0,0.0,0.0,0.0
Fe72Al5Ga2P10C6B4Si,7,7,0.128114226038714,-27.3092,1.03841988916574,6.87,1.86898368104165,0.205891694830073,1.9069,1728.5917,0.5465005811175406,AM,AM,False,False,False,False,0,,Al+B+C+Fe+Ga+P+Si,Al+B+C+Fe+Ga+P+Si,0.0,0.05,0.0,0.0,0.04,0.0,0.0,0.0,0.0,0.06,0.0,0.0,0.0,0.0,0.0,0.0,0.0,0.0,0.0,0.0,0.0,0.0,0.72,0.02,0.0,0.0,0.0,0.0,0.0,0.0,0.0,0.0,0.0,0.0,0.0,0.0,0.0,0.0,0.0,0.0,0.0,0.0,0.0,0.0,0.0,0.0,0.0,0.0,0.0,0.1,0.0,0.0,0.0,0.0,0.0,0.0,0.0,0.0,0.0,0.0,0.0,0.0,0.01,0.0,0.0,0.0,0.0,0.0,0.0,0.0,0.0,0.0,0.0,0.0,0.0,0.0,0.0,0.0
FeNiCoSiCrAlTi,7,7,0.0807661066658734,-35.0204081632653,1.94591014905531,6.28571428571429,2.54750778573243,0.142571142284282,1.76142857142857,1721.21,0.7951876480006884,SS,SS,False,False,False,False,1,,Al+Co+Cr+Fe+Ni+Si+Ti,Al+Co+Cr+Fe+Ni+Si+Ti,0.0,0.14285714285714285,0.0,0.0,0.0,0.0,0.0,0.0,0.0,0.0,0.0,0.0,0.0,0.0,0.14285714285714285,0.14285714285714285,0.0,0.0,0.0,0.0,0.0,0.0,0.14285714285714285,0.0,0.0,0.0,0.0,0.0,0.0,0.0,0.0,0.0,0.0,0.0,0.0,0.0,0.0,0.0,0.0,0.0,0.0,0.0,0.0,0.0,0.0,0.14285714285714285,0.0,0.0,0.0,0.0,0.0,0.0,0.0,0.0,0.0,0.0,0.0,0.0,0.0,0.0,0.0,0.0,0.14285714285714285,0.0,0.0,0.0,0.0,0.0,0.0,0.14285714285714285,0.0,0.0,0.0,0.0,0.0,0.0,0.0,0.0
Ti53Cu27Ni12Zr3Al7Si3B,7,7,0.0860042105044623,-24.8508365966536,1.36678823210045,6.38679245283019,3.3068560988968,0.185603323800046,1.68716981132075,1703.74603773585,0.779110865528121,AM,AM,False,False,False,False,0,,Al+B+Cu+Ni+Si+Ti+Zr,Al+B+Cu+Ni+Si+Ti+Zr,0.0,0.0660377358490566,0.0,0.0,0.009433962264150943,0.0,0.0,0.0,0.0,0.0,0.0,0.0,0.0,0.0,0.0,0.0,0.0,0.25471698113207547,0.0,0.0,0.0,0.0,0.0,0.0,0.0,0.0,0.0,0.0,0.0,0.0,0.0,0.0,0.0,0.0,0.0,0.0,0.0,0.0,0.0,0.0,0.0,0.0,0.0,0.0,0.0,0.11320754716981132,0.0,0.0,0.0,0.0,0.0,0.0,0.0,0.0,0.0,0.0,0.0,0.0,0.0,0.0,0.0,0.0,0.02830188679245283,0.0,0.0,0.0,0.0,0.0,0.0,0.5,0.0,0.0,0.0,0.0,0.0,0.0,0.0,0.02830188679245283
AlCoCrCuFeNiTiV,8,8,0.0633843486790216,-13.9375,2.07944154167984,7.0,2.73861278752583,0.140267601391055,1.745,1737.78,2.155712376245793,SS,FCC+BCC,True,True,False,False,1,,Al+Co+Cr+Cu+Fe+Ni+Ti+V,Al+Co+Cr+Cu+Fe+Ni+Ti+V,0.0,0.125,0.0,0.0,0.0,0.0,0.0,0.0,0.0,0.0,0.0,0.0,0.0,0.0,0.125,0.125,0.0,0.125,0.0,0.0,0.0,0.0,0.125,0.0,0.0,0.0,0.0,0.0,0.0,0.0,0.0,0.0,0.0,0.0,0.0,0.0,0.0,0.0,0.0,0.0,0.0,0.0,0.0,0.0,0.0,0.125,0.0,0.0,0.0,0.0,0.0,0.0,0.0,0.0,0.0,0.0,0.0,0.0,0.0,0.0,0.0,0.0,0.0,0.0,0.0,0.0,0.0,0.0,0.0,0.125,0.0,0.0,0.125,0.0,0.0,0.0,0.0,0.0
AlCr4.5Mn13.6Ni37.1Sn0.3Ti12V10Zr21.5,8,8,0.10200889926024,-31.193644,1.65739854567896,6.814,2.63655153562376,0.224179335354533,1.64984,1865.36194,0.8240586803050688,IM,IM,False,False,True,False,0,,Al+Cr+Mn+Ni+Sn+Ti+V+Zr,Al+Cr+Mn+Ni+Sn+Ti+V+Zr,0.0,0.01,0.0,0.0,0.0,0.0,0.0,0.0,0.0,0.0,0.0,0.0,0.0,0.0,0.0,0.045,0.0,0.0,0.0,0.0,0.0,0.0,0.0,0.0,0.0,0.0,0.0,0.0,0.0,0.0,0.0,0.0,0.0,0.0,0.0,0.0,0.0,0.0,0.136,0.0,0.0,0.0,0.0,0.0,0.0,0.371,0.0,0.0,0.0,0.0,0.0,0.0,0.0,0.0,0.0,0.0,0.0,0.0,0.0,0.0,0.0,0.0,0.0,0.0,0.003,0.0,0.0,0.0,0.0,0.12,0.0,0.0,0.1,0.0,0.0,0.0,0.0,0.215
AlMoNbSiTaTiVZr,8,8,0.0865604145042267,-32.1875,2.07944154167984,4.5,0.866025403784439,0.240698852303039,1.65875,2226.05875,1.1957221557986308,AM,AM,False,False,False,False,0,,Al+Mo+Nb+Si+Ta+Ti+V+Zr,Al+Mo+Nb+Si+Ta+Ti+V+Zr,0.0,0.125,0.0,0.0,0.0,0.0,0.0,0.0,0.0,0.0,0.0,0.0,0.0,0.0,0.0,0.0,0.0,0.0,0.0,0.0,0.0,0.0,0.0,0.0,0.0,0.0,0.0,0.0,0.0,0.0,0.0,0.0,0.0,0.0,0.0,0.0,0.0,0.0,0.0,0.125,0.0,0.0,0.125,0.0,0.0,0.0,0.0,0.0,0.0,0.0,0.0,0.0,0.0,0.0,0.0,0.0,0.0,0.0,0.0,0.0,0.0,0.0,0.125,0.0,0.0,0.0,0.125,0.0,0.0,0.125,0.0,0.0,0.125,0.0,0.0,0.0,0.0,0.125
CoCrCuFeMnNiTiV,8,8,0.0550228282157213,-8.125,2.07944154167984,7.5,2.29128784747792,0.148639664961947,1.7375,1810.97125,3.8536217715131684,SS+IM,FCC+BCC+IM,True,True,True,False,0,,Co+Cr+Cu+Fe+Mn+Ni+Ti+V,Co+Cr+Cu+Fe+Mn+Ni+Ti+V,0.0,0.0,0.0,0.0,0.0,0.0,0.0,0.0,0.0,0.0,0.0,0.0,0.0,0.0,0.125,0.125,0.0,0.125,0.0,0.0,0.0,0.0,0.125,0.0,0.0,0.0,0.0,0.0,0.0,0.0,0.0,0.0,0.0,0.0,0.0,0.0,0.0,0.0,0.125,0.0,0.0,0.0,0.0,0.0,0.0,0.125,0.0,0.0,0.0,0.0,0.0,0.0,0.0,0.0,0.0,0.0,0.0,0.0,0.0,0.0,0.0,0.0,0.0,0.0,0.0,0.0,0.0,0.0,0.0,0.125,0.0,0.0,0.125,0.0,0.0,0.0,0.0,0.0
TiVCrCuFeMnCoNi,8,8,0.0550228282157213,-8.125,2.07944154167984,7.5,2.29128784747792,0.148639664961947,1.7375,1810.97125,3.8536217715131684,SS+IM,SS+IM,False,False,True,False,0,,Co+Cr+Cu+Fe+Mn+Ni+Ti+V,Co+Cr+Cu+Fe+Mn+Ni+Ti+V,0.0,0.0,0.0,0.0,0.0,0.0,0.0,0.0,0.0,0.0,0.0,0.0,0.0,0.0,0.125,0.125,0.0,0.125,0.0,0.0,0.0,0.0,0.125,0.0,0.0,0.0,0.0,0.0,0.0,0.0,0.0,0.0,0.0,0.0,0.0,0.0,0.0,0.0,0.125,0.0,0.0,0.0,0.0,0.0,0.0,0.125,0.0,0.0,0.0,0.0,0.0,0.0,0.0,0.0,0.0,0.0,0.0,0.0,0.0,0.0,0.0,0.0,0.0,0.0,0.0,0.0,0.0,0.0,0.0,0.125,0.0,0.0,0.125,0.0,0.0,0.0,0.0,0.0
Al0.125CoCrCuFeMnNiTiV,9,9,0.0559423318368293,-8.84639053254438,2.12693713654934,7.43076923076923,2.34008041130234,0.148324288889434,1.73553846153846,1797.47123076923,3.593227207498479,SS,BCC+FCC,True,True,False,False,1,,Al+Co+Cr+Cu+Fe+Mn+Ni+Ti+V,Al+Co+Cr+Cu+Fe+Mn+Ni+Ti+V,0.0,0.015384615384615385,0.0,0.0,0.0,0.0,0.0,0.0,0.0,0.0,0.0,0.0,0.0,0.0,0.12307692307692308,0.12307692307692308,0.0,0.12307692307692308,0.0,0.0,0.0,0.0,0.12307692307692308,0.0,0.0,0.0,0.0,0.0,0.0,0.0,0.0,0.0,0.0,0.0,0.0,0.0,0.0,0.0,0.12307692307692308,0.0,0.0,0.0,0.0,0.0,0.0,0.12307692307692308,0.0,0.0,0.0,0.0,0.0,0.0,0.0,0.0,0.0,0.0,0.0,0.0,0.0,0.0,0.0,0.0,0.0,0.0,0.0,0.0,0.0,0.0,0.0,0.12307692307692308,0.0,0.0,0.12307692307692308,0.0,0.0,0.0,0.0,0.0
Al0.25CoCrCuFeMnNiTiV,9,9,0.0567728824757056,-9.52066115702479,2.15222212038053,7.36363636363636,2.38452309974618,0.14799300110024,1.73363636363636,1784.3803030303,3.3538341891196564,SS,BCC,False,True,False,False,1,BCC,Al+Co+Cr+Cu+Fe+Mn+Ni+Ti+V,Al+Co+Cr+Cu+Fe+Mn+Ni+Ti+V,0.0,0.030303030303030304,0.0,0.0,0.0,0.0,0.0,0.0,0.0,0.0,0.0,0.0,0.0,0.0,0.12121212121212122,0.12121212121212122,0.0,0.12121212121212122,0.0,0.0,0.0,0.0,0.12121212121212122,0.0,0.0,0.0,0.0,0.0,0.0,0.0,0.0,0.0,0.0,0.0,0.0,0.0,0.0,0.0,0.12121212121212122,0.0,0.0,0.0,0.0,0.0,0.0,0.12121212121212122,0.0,0.0,0.0,0.0,0.0,0.0,0.0,0.0,0.0,0.0,0.0,0.0,0.0,0.0,0.0,0.0,0.0,0.0,0.0,0.0,0.0,0.0,0.0,0.12121212121212122,0.0,0.0,0.12121212121212122,0.0,0.0,0.0,0.0,0.0
Al0.67CoCrCuFeMnNiTiV,9,9,0.0590271815512774,-11.4813440132821,2.19081688417424,7.1522491349481,2.5076361151548,0.146784057036964,1.72764705882353,1743.15973471742,2.765570411525308,SS+IM,BCC+D022+IM,False,True,True,False,0,,Al+Co+Cr+Cu+Fe+Mn+Ni+Ti+V,Al+Co+Cr+Cu+Fe+Mn+Ni+Ti+V,0.0,0.07727797001153403,0.0,0.0,0.0,0.0,0.0,0.0,0.0,0.0,0.0,0.0,0.0,0.0,0.11534025374855825,0.11534025374855825,0.0,0.11534025374855825,0.0,0.0,0.0,0.0,0.11534025374855825,0.0,0.0,0.0,0.0,0.0,0.0,0.0,0.0,0.0,0.0,0.0,0.0,0.0,0.0,0.0,0.11534025374855825,0.0,0.0,0.0,0.0,0.0,0.0,0.11534025374855825,0.0,0.0,0.0,0.0,0.0,0.0,0.0,0.0,0.0,0.0,0.0,0.0,0.0,0.0,0.0,0.0,0.0,0.0,0.0,0.0,0.0,0.0,0.0,0.11534025374855825,0.0,0.0,0.11534025374855825,0.0,0.0,0.0,0.0,0.0
Al11.1Co88.9Cr88.9Cu88.9Fe88.9Mn88.9Ni88.9Ti88.9V88.9,9,9,0.0559413494315646,-8.84560617111233,2.12690169414104,7.43084590890212,2.34002806578839,0.148324652912062,1.73554063408556,1797.48618302644,3.593515838726212,SS,FCC+BCC,True,True,False,False,1,,Al+Co+Cr+Cu+Fe+Mn+Ni+Ti+V,Al+Co+Cr+Cu+Fe+Mn+Ni+Ti+V,0.0,0.015367575799529283,0.0,0.0,0.0,0.0,0.0,0.0,0.0,0.0,0.0,0.0,0.0,0.0,0.12307905302505885,0.12307905302505885,0.0,0.12307905302505885,0.0,0.0,0.0,0.0,0.12307905302505885,0.0,0.0,0.0,0.0,0.0,0.0,0.0,0.0,0.0,0.0,0.0,0.0,0.0,0.0,0.0,0.12307905302505885,0.0,0.0,0.0,0.0,0.0,0.0,0.12307905302505885,0.0,0.0,0.0,0.0,0.0,0.0,0.0,0.0,0.0,0.0,0.0,0.0,0.0,0.0,0.0,0.0,0.0,0.0,0.0,0.0,0.0,0.0,0.0,0.12307905302505885,0.0,0.0,0.12307905302505885,0.0,0.0,0.0,0.0,0.0
Al20Co80Cr80Cu80Fe80Mn80Ni80Ti80V80,9,9,0.0567728824757056,-9.52066115702479,2.15222212038053,7.36363636363636,2.38452309974618,0.14799300110024,1.73363636363636,1784.3803030303,3.3538341891196564,SS,BCC,False,True,False,False,1,BCC,Al+Co+Cr+Cu+Fe+Mn+Ni+Ti+V,Al+Co+Cr+Cu+Fe+Mn+Ni+Ti+V,0.0,0.030303030303030304,0.0,0.0,0.0,0.0,0.0,0.0,0.0,0.0,0.0,0.0,0.0,0.0,0.12121212121212122,0.12121212121212122,0.0,0.12121212121212122,0.0,0.0,0.0,0.0,0.12121212121212122,0.0,0.0,0.0,0.0,0.0,0.0,0.0,0.0,0.0,0.0,0.0,0.0,0.0,0.0,0.0,0.12121212121212122,0.0,0.0,0.0,0.0,0.0,0.0,0.12121212121212122,0.0,0.0,0.0,0.0,0.0,0.0,0.0,0.0,0.0,0.0,0.0,0.0,0.0,0.0,0.0,0.0,0.0,0.0,0.0,0.0,0.0,0.0,0.0,0.12121212121212122,0.0,0.0,0.12121212121212122,0.0,0.0,0.0,0.0,0.0
Al40Co60Cr60Cu60Fe60Mn60Ni60Ti60V60,9,9,0.0590120797898171,-11.4674556213018,2.190673873054,7.15384615384615,2.50679549796928,0.14679414399103,1.72769230769231,1743.47115384615,2.769233724355896,SS+IM,BCC+IM,False,True,True,False,0,,Al+Co+Cr+Cu+Fe+Mn+Ni+Ti+V,Al+Co+Cr+Cu+Fe+Mn+Ni+Ti+V,0.0,0.07692307692307693,0.0,0.0,0.0,0.0,0.0,0.0,0.0,0.0,0.0,0.0,0.0,0.0,0.11538461538461539,0.11538461538461539,0.0,0.11538461538461539,0.0,0.0,0.0,0.0,0.11538461538461539,0.0,0.0,0.0,0.0,0.0,0.0,0.0,0.0,0.0,0.0,0.0,0.0,0.0,0.0,0.0,0.11538461538461539,0.0,0.0,0.0,0.0,0.0,0.0,0.11538461538461539,0.0,0.0,0.0,0.0,0.0,0.0,0.0,0.0,0.0,0.0,0.0,0.0,0.0,0.0,0.0,0.0,0.0,0.0,0.0,0.0,0.0,0.0,0.0,0.11538461538461539,0.0,0.0,0.11538461538461539,0.0,0.0,0.0,0.0,0.0
Al4CoCrCuFeMnNiTiV,9,9,0.0637292167547131,-17.8333333333333,2.0228085294147,6.0,2.82842712474619,0.135431409453888,1.695,1518.47083333333,1.4320655203430843,IM,IM,False,False,True,False,0,,Al+Co+Cr+Cu+Fe+Mn+Ni+Ti+V,Al+Co+Cr+Cu+Fe+Mn+Ni+Ti+V,0.0,0.3333333333333333,0.0,0.0,0.0,0.0,0.0,0.0,0.0,0.0,0.0,0.0,0.0,0.0,0.08333333333333333,0.08333333333333333,0.0,0.08333333333333333,0.0,0.0,0.0,0.0,0.08333333333333333,0.0,0.0,0.0,0.0,0.0,0.0,0.0,0.0,0.0,0.0,0.0,0.0,0.0,0.0,0.0,0.08333333333333333,0.0,0.0,0.0,0.0,0.0,0.0,0.08333333333333333,0.0,0.0,0.0,0.0,0.0,0.0,0.0,0.0,0.0,0.0,0.0,0.0,0.0,0.0,0.0,0.0,0.0,0.0,0.0,0.0,0.0,0.0,0.0,0.08333333333333333,0.0,0.0,0.08333333333333333,0.0,0.0,0.0,0.0,0.0
AlCoCrCuFeMoNiTiV,9,9,0.0608527540458337,-11.2098765432099,2.19722457733622,6.88888888888889,2.60104442460436,0.185738432835261,1.79111111111111,1866.47111111111,3.041788937014018,SS,SS,False,False,False,False,1,,Al+Co+Cr+Cu+Fe+Mo+Ni+Ti+V,Al+Co+Cr+Cu+Fe+Mo+Ni+Ti+V,0.0,0.1111111111111111,0.0,0.0,0.0,0.0,0.0,0.0,0.0,0.0,0.0,0.0,0.0,0.0,0.1111111111111111,0.1111111111111111,0.0,0.1111111111111111,0.0,0.0,0.0,0.0,0.1111111111111111,0.0,0.0,0.0,0.0,0.0,0.0,0.0,0.0,0.0,0.0,0.0,0.0,0.0,0.0,0.0,0.0,0.1111111111111111,0.0,0.0,0.0,0.0,0.0,0.1111111111111111,0.0,0.0,0.0,0.0,0.0,0.0,0.0,0.0,0.0,0.0,0.0,0.0,0.0,0.0,0.0,0.0,0.0,0.0,0.0,0.0,0.0,0.0,0.0,0.1111111111111111,0.0,0.0,0.1111111111111111,0.0,0.0,0.0,0.0,0.0
Al8Co17Cr14Cu8Fe17Mo0.1Ni34.8TiW0.1,9,9,0.0428485990978548,-5.93344,1.70903729578047,8.382,2.20546503032807,0.110411729449366,1.8285,1724.2742,4.129386182817558,IM,IM,False,False,True,False,0,,Al+Co+Cr+Cu+Fe+Mo+Ni+Ti+W,Al+Co+Cr+Cu+Fe+Mo+Ni+Ti+W,0.0,0.08000000000000002,0.0,0.0,0.0,0.0,0.0,0.0,0.0,0.0,0.0,0.0,0.0,0.0,0.17,0.14,0.0,0.08000000000000002,0.0,0.0,0.0,0.0,0.17,0.0,0.0,0.0,0.0,0.0,0.0,0.0,0.0,0.0,0.0,0.0,0.0,0.0,0.0,0.0,0.0,0.0010000000000000002,0.0,0.0,0.0,0.0,0.0,0.34800000000000003,0.0,0.0,0.0,0.0,0.0,0.0,0.0,0.0,0.0,0.0,0.0,0.0,0.0,0.0,0.0,0.0,0.0,0.0,0.0,0.0,0.0,0.0,0.0,0.010000000000000002,0.0,0.0,0.0,0.0010000000000000002,0.0,0.0,0.0,0.0
Al2TiVCrCuFeMnCoNi,9,9,0.0627156274135966,-15.44,2.16395565688206,6.6,2.72763633939717,0.14239382009062,1.712,1635.471,1.9058033842550706,SS,SS,False,False,False,False,1,,Al+Co+Cr+Cu+Fe+Mn+Ni+Ti+V,Al+Co+Cr+Cu+Fe+Mn+Ni+Ti+V,0.0,0.2,0.0,0.0,0.0,0.0,0.0,0.0,0.0,0.0,0.0,0.0,0.0,0.0,0.1,0.1,0.0,0.1,0.0,0.0,0.0,0.0,0.1,0.0,0.0,0.0,0.0,0.0,0.0,0.0,0.0,0.0,0.0,0.0,0.0,0.0,0.0,0.0,0.1,0.0,0.0,0.0,0.0,0.0,0.0,0.1,0.0,0.0,0.0,0.0,0.0,0.0,0.0,0.0,0.0,0.0,0.0,0.0,0.0,0.0,0.0,0.0,0.0,0.0,0.0,0.0,0.0,0.0,0.0,0.1,0.0,0.0,0.1,0.0,0.0,0.0,0.0,0.0
Al4(TiVCrCuFeMnCoNi)6,9,9,0.0627618585923794,-18.3265306122449,1.87116041423181,5.57142857142857,2.82120252259021,0.128864744786848,1.68285714285714,1434.89928571429,1.2181096083819387,SS+IM,SS+IM,False,False,True,False,0,,Al+Co+Cr+Cu+Fe+Mn+Ni+Ti+V,Al+Co+Cr+Cu+Fe+Mn+Ni+Ti+V,0.0,0.42857142857142855,0.0,0.0,0.0,0.0,0.0,0.0,0.0,0.0,0.0,0.0,0.0,0.0,0.07142857142857142,0.07142857142857142,0.0,0.07142857142857142,0.0,0.0,0.0,0.0,0.07142857142857142,0.0,0.0,0.0,0.0,0.0,0.0,0.0,0.0,0.0,0.0,0.0,0.0,0.0,0.0,0.0,0.07142857142857142,0.0,0.0,0.0,0.0,0.0,0.0,0.07142857142857142,0.0,0.0,0.0,0.0,0.0,0.0,0.0,0.0,0.0,0.0,0.0,0.0,0.0,0.0,0.0,0.0,0.0,0.0,0.0,0.0,0.0,0.0,0.0,0.07142857142857142,0.0,0.0,0.07142857142857142,0.0,0.0,0.0,0.0,0.0
AlTiVCrCuFeMnCoNi,9,9,0.0603415701399779,-12.7407407407407,2.19722457733622,7.0,2.58198889747161,0.14575474072717,1.72333333333333,1713.47111111111,2.4569184496279304,SS,SS,False,False,False,False,1,,Al+Co+Cr+Cu+Fe+Mn+Ni+Ti+V,Al+Co+Cr+Cu+Fe+Mn+Ni+Ti+V,0.0,0.1111111111111111,0.0,0.0,0.0,0.0,0.0,0.0,0.0,0.0,0.0,0.0,0.0,0.0,0.1111111111111111,0.1111111111111111,0.0,0.1111111111111111,0.0,0.0,0.0,0.0,0.1111111111111111,0.0,0.0,0.0,0.0,0.0,0.0,0.0,0.0,0.0,0.0,0.0,0.0,0.0,0.0,0.0,0.1111111111111111,0.0,0.0,0.0,0.0,0.0,0.0,0.1111111111111111,0.0,0.0,0.0,0.0,0.0,0.0,0.0,0.0,0.0,0.0,0.0,0.0,0.0,0.0,0.0,0.0,0.0,0.0,0.0,0.0,0.0,0.0,0.0,0.1111111111111111,0.0,0.0,0.1111111111111111,0.0,0.0,0.0,0.0,0.0
AlB0.5CoCrCuFeMoNiSiTi,10,10,0.110859658015112,-25.1523545706371,2.28777322916228,6.57894736842105,2.75901945728024,0.180928660127139,1.83263157894737,1839.65684210526,1.3912504959999374,IM,IM,False,False,True,False,0,,Al+B+Co+Cr+Cu+Fe+Mo+Ni+Si+Ti,Al+B+Co+Cr+Cu+Fe+Mo+Ni+Si+Ti,0.0,0.10526315789473684,0.0,0.0,0.05263157894736842,0.0,0.0,0.0,0.0,0.0,0.0,0.0,0.0,0.0,0.10526315789473684,0.10526315789473684,0.0,0.10526315789473684,0.0,0.0,0.0,0.0,0.10526315789473684,0.0,0.0,0.0,0.0,0.0,0.0,0.0,0.0,0.0,0.0,0.0,0.0,0.0,0.0,0.0,0.0,0.10526315789473684,0.0,0.0,0.0,0.0,0.0,0.10526315789473684,0.0,0.0,0.0,0.0,0.0,0.0,0.0,0.0,0.0,0.0,0.0,0.0,0.0,0.0,0.0,0.0,0.10526315789473684,0.0,0.0,0.0,0.0,0.0,0.0,0.10526315789473684,0.0,0.0,0.0,0.0,0.0,0.0,0.0,0.0
Al0.4Co6Cr7.5Cu2Mn8.1Ni32.2Sn0.3Ti12V10Zr21.5,10,10,0.10415154172172,-29.86994,1.86446815397816,6.861,2.64946768238452,0.225097393143501,1.66194,1890.17952,0.9809748155169525,IM,IM,False,False,True,False,0,,Al+Co+Cr+Cu+Mn+Ni+Sn+Ti+V+Zr,Al+Co+Cr+Cu+Mn+Ni+Sn+Ti+V+Zr,0.0,0.004,0.0,0.0,0.0,0.0,0.0,0.0,0.0,0.0,0.0,0.0,0.0,0.0,0.06,0.075,0.0,0.02,0.0,0.0,0.0,0.0,0.0,0.0,0.0,0.0,0.0,0.0,0.0,0.0,0.0,0.0,0.0,0.0,0.0,0.0,0.0,0.0,0.081,0.0,0.0,0.0,0.0,0.0,0.0,0.322,0.0,0.0,0.0,0.0,0.0,0.0,0.0,0.0,0.0,0.0,0.0,0.0,0.0,0.0,0.0,0.0,0.0,0.0,0.003,0.0,0.0,0.0,0.0,0.12,0.0,0.0,0.1,0.0,0.0,0.0,0.0,0.215
